2025-12-15 07:37:03 +0000  Initial pipeline context: <IDEDistributionProcessingPipelineContext: 0xb70792a00; archive(resolved)="<IDEArchive: 0xb2228c2a0>", distributionTask(resolved)="2", distributionDestination(resolved)="1", distributionMethod(resolved)="<IDEDistributionMethodDevelopmentSigned: 0xb79907a00>", team(resolved)="<IDEProvisioningDisambiguatableBasicTeam: 0xb7378a680; teamID='358UF6MCG5', teamName='Kaito Pte. Ltd.', teamType='Company', username='weizhen@kaito.ai', isFreeProvisioningTeam='0'>">
	Chain (15, self inclusive):
	<IDEDistributionProcessingPipelineContext: 0xb70792a00; archive = "<IDEArchive: 0xb2228c2a0>", distributionMethod="<IDEDistributionMethodDevelopmentSigned: 0xb79907a00>", team="<IDEProvisioningDisambiguatableBasicTeam: 0xb7378a680; teamID='358UF6MCG5', teamName='Kaito Pte. Ltd.', teamType='Company', username='weizhen@kaito.ai', isFreeProvisioningTeam='0'>">
	<IDEDistributionProcessingPipelineContext: 0xb70791500; archive = "<IDEArchive: 0xb2228c2a0>", distributionMethod="<IDEDistributionMethodDevelopmentSigned: 0xb79907a00>", team="<IDEProvisioningDisambiguatableBasicTeam: 0xb7378a680; teamID='358UF6MCG5', teamName='Kaito Pte. Ltd.', teamType='Company', username='weizhen@kaito.ai', isFreeProvisioningTeam='0'>">
	<IDEDistributionContext: 0xb8f079180; archive = "<IDEArchive: 0xb2228c2a0>", distributionMethod="<IDEDistributionMethodDevelopmentSigned: 0xb79907a00>", team="<IDEProvisioningDisambiguatableBasicTeam: 0xb7378a680; teamID='358UF6MCG5', teamName='Kaito Pte. Ltd.', teamType='Company', username='weizhen@kaito.ai', isFreeProvisioningTeam='0'>">
	<IDEDistributionContext: 0xb7ff66a80; archive = "<IDEArchive: 0xb2228c2a0>", distributionMethod="<IDEDistributionMethodDevelopmentSigned: 0xb79907a00>", team="<IDEProvisioningDisambiguatableBasicTeam: 0xb7378a680; teamID='358UF6MCG5', teamName='Kaito Pte. Ltd.', teamType='Company', username='weizhen@kaito.ai', isFreeProvisioningTeam='0'>">
	<IDEDistributionContext: 0xb77729e00; archive = "<IDEArchive: 0xb2228c2a0>", distributionMethod="<IDEDistributionMethodDevelopmentSigned: 0xb79907a00>", team="<IDEProvisioningDisambiguatableBasicTeam: 0xb7378a680; teamID='358UF6MCG5', teamName='Kaito Pte. Ltd.', teamType='Company', username='weizhen@kaito.ai', isFreeProvisioningTeam='0'>">
	<IDEDistributionContext: 0xb97770f00; archive = "<IDEArchive: 0xb2228c2a0>", distributionMethod="<IDEDistributionMethodDevelopmentSigned: 0xb79907a00>", team="<IDEProvisioningDisambiguatableBasicTeam: 0xb7378a680; teamID='358UF6MCG5', teamName='Kaito Pte. Ltd.', teamType='Company', username='weizhen@kaito.ai', isFreeProvisioningTeam='0'>">
	<IDEDistributionContext: 0xb83273700; archive = "<IDEArchive: 0xb2228c2a0>", distributionMethod="<IDEDistributionMethodDevelopmentSigned: 0xb79907a00>", team="<IDEProvisioningDisambiguatableBasicTeam: 0xb7378a680; teamID='358UF6MCG5', teamName='Kaito Pte. Ltd.', teamType='Company', username='weizhen@kaito.ai', isFreeProvisioningTeam='0'>">
	<IDEDistributionContext: 0xb83270280; archive = "<IDEArchive: 0xb2228c2a0>", distributionMethod="<IDEDistributionMethodDevelopmentSigned: 0xb79907a00>", team="<IDEProvisioningDisambiguatableBasicTeam: 0xb7378a680; teamID='358UF6MCG5', teamName='Kaito Pte. Ltd.', teamType='Company', username='weizhen@kaito.ai', isFreeProvisioningTeam='0'>">
	<IDEDistributionContext: 0xb7772aa80; archive = "<IDEArchive: 0xb2228c2a0>", distributionMethod="<IDEDistributionMethodDevelopmentSigned: 0xb79907a00>", team="<IDEProvisioningDisambiguatableBasicTeam: 0xb7378a680; teamID='358UF6MCG5', teamName='Kaito Pte. Ltd.', teamType='Company', username='weizhen@kaito.ai', isFreeProvisioningTeam='0'>">
	<IDEDistributionContext: 0xb7772b200; archive = "<IDEArchive: 0xb2228c2a0>", distributionMethod="<IDEDistributionMethodDevelopmentSigned: 0xb79907a00>", team="(null)">
	<IDEDistributionContext: 0xbb18f3700; archive = "<IDEArchive: 0xb2228c2a0>", distributionMethod="<IDEDistributionMethodDevelopmentSigned: 0xb79907a00>", team="(null)">
	<IDEDistributionContext: 0xb7e55f200; archive = "<IDEArchive: 0xb2228c2a0>", distributionMethod="<IDEDistributionMethodDevelopmentSigned: 0xb79907a00>", team="(null)">
	<IDEDistributionContext: 0xb809bd180; archive = "<IDEArchive: 0xb2228c2a0>", distributionMethod="<IDEDistributionMethodDevelopmentSigned: 0xb79907a00>", team="(null)">
	<IDEDistributionContext: 0xb8ea3c780; archive = "<IDEArchive: 0xb2228c2a0>", distributionMethod="(null)", team="(null)">
	<IDEDistributionContext: 0xb8ea3d680; archive = "<IDEArchive: 0xb2228c2a0>", distributionMethod="(null)", team="(null)">
</IDEDistributionProcessingPipelineContext: 0xb70792a00>
2025-12-15 07:37:03 +0000  Processing step: IDEDistributionCreateDestRootStep
2025-12-15 07:37:03 +0000  Processing step: IDEDistributionCopyItemStep
2025-12-15 07:37:03 +0000  Running /usr/bin/ditto '-V' '/Users/daliu_kt/Library/Developer/Xcode/Archives/2025-12-15/KaitoYaps 2025-12-15, 15.33.xcarchive/Products/Applications/KaitoYaps.app' '/var/folders/c8/_pmcyjjd4mgb5d0mwrt5f32c0000gn/T/XcodeDistPipeline.~~~PYZsIq/Root/Payload/KaitoYaps.app'
2025-12-15 07:37:03 +0000  >>> Copying /Users/daliu_kt/Library/Developer/Xcode/Archives/2025-12-15/KaitoYaps 2025-12-15, 15.33.xcarchive/Products/Applications/KaitoYaps.app 
2025-12-15 07:37:03 +0000  copying file ./_CodeSignature/CodeResources ... 
2025-12-15 07:37:03 +0000  144093 bytes for ./_CodeSignature/CodeResources
2025-12-15 07:37:03 +0000  copying file ./KaitoYaps ... 
2025-12-15 07:37:03 +0000  90828464 bytes for ./KaitoYaps
2025-12-15 07:37:03 +0000  copying file ./FirebaseCore_Privacy.bundle/PrivacyInfo.xcprivacy ... 
2025-12-15 07:37:03 +0000  855 bytes for ./FirebaseCore_Privacy.bundle/PrivacyInfo.xcprivacy
2025-12-15 07:37:03 +0000  copying file ./FirebaseCore_Privacy.bundle/Info.plist ... 
2025-12-15 07:37:03 +0000  787 bytes for ./FirebaseCore_Privacy.bundle/Info.plist
2025-12-15 07:37:03 +0000  copying file ./SplashScreen.storyboardc/EXPO-VIEWCONTROLLER-1-view-EXPO-ContainerView.nib ... 
2025-12-15 07:37:03 +0000  2108 bytes for ./SplashScreen.storyboardc/EXPO-VIEWCONTROLLER-1-view-EXPO-ContainerView.nib
2025-12-15 07:37:03 +0000  copying file ./SplashScreen.storyboardc/SplashScreenViewController.nib ... 
2025-12-15 07:37:03 +0000  1004 bytes for ./SplashScreen.storyboardc/SplashScreenViewController.nib
2025-12-15 07:37:03 +0000  copying file ./SplashScreen.storyboardc/Info.plist ... 
2025-12-15 07:37:03 +0000  225 bytes for ./SplashScreen.storyboardc/Info.plist
2025-12-15 07:37:03 +0000  copying file ./EXUpdates.bundle/Info.plist ... 
2025-12-15 07:37:03 +0000  764 bytes for ./EXUpdates.bundle/Info.plist
2025-12-15 07:37:03 +0000  copying file ./FirebaseRemoteConfig_Privacy.bundle/PrivacyInfo.xcprivacy ... 
2025-12-15 07:37:03 +0000  1482 bytes for ./FirebaseRemoteConfig_Privacy.bundle/PrivacyInfo.xcprivacy
2025-12-15 07:37:03 +0000  copying file ./FirebaseRemoteConfig_Privacy.bundle/Info.plist ... 
2025-12-15 07:37:03 +0000  803 bytes for ./FirebaseRemoteConfig_Privacy.bundle/Info.plist
2025-12-15 07:37:03 +0000  copying file ./ExpoSystemUI_privacy.bundle/PrivacyInfo.xcprivacy ... 
2025-12-15 07:37:03 +0000  607 bytes for ./ExpoSystemUI_privacy.bundle/PrivacyInfo.xcprivacy
2025-12-15 07:37:03 +0000  copying file ./ExpoSystemUI_privacy.bundle/Info.plist ... 
2025-12-15 07:37:03 +0000  787 bytes for ./ExpoSystemUI_privacy.bundle/Info.plist
2025-12-15 07:37:03 +0000  copying file ./ReachabilitySwift.bundle/PrivacyInfo.xcprivacy ... 
2025-12-15 07:37:03 +0000  228 bytes for ./ReachabilitySwift.bundle/PrivacyInfo.xcprivacy
2025-12-15 07:37:03 +0000  copying file ./ReachabilitySwift.bundle/Info.plist ... 
2025-12-15 07:37:03 +0000  780 bytes for ./ReachabilitySwift.bundle/Info.plist
2025-12-15 07:37:03 +0000  copying file ./glog_privacy.bundle/Info.plist ... 
2025-12-15 07:37:03 +0000  768 bytes for ./glog_privacy.bundle/Info.plist
2025-12-15 07:37:03 +0000  copying file ./FBLPromises_Privacy.bundle/PrivacyInfo.xcprivacy ... 
2025-12-15 07:37:03 +0000  373 bytes for ./FBLPromises_Privacy.bundle/PrivacyInfo.xcprivacy
2025-12-15 07:37:03 +0000  copying file ./FBLPromises_Privacy.bundle/Info.plist ... 
2025-12-15 07:37:03 +0000  783 bytes for ./FBLPromises_Privacy.bundle/Info.plist
2025-12-15 07:37:03 +0000  copying file ./PlugIns/OneSignalNotificationServiceExtension.appex/_CodeSignature/CodeResources ... 
2025-12-15 07:37:03 +0000  2040 bytes for ./PlugIns/OneSignalNotificationServiceExtension.appex/_CodeSignature/CodeResources
2025-12-15 07:37:03 +0000  copying file ./PlugIns/OneSignalNotificationServiceExtension.appex/OneSignalNotificationServiceExtension ... 
2025-12-15 07:37:03 +0000  74256 bytes for ./PlugIns/OneSignalNotificationServiceExtension.appex/OneSignalNotificationServiceExtension
2025-12-15 07:37:03 +0000  copying file ./PlugIns/OneSignalNotificationServiceExtension.appex/embedded.mobileprovision ... 
2025-12-15 07:37:03 +0000  19320 bytes for ./PlugIns/OneSignalNotificationServiceExtension.appex/embedded.mobileprovision
2025-12-15 07:37:03 +0000  copying file ./PlugIns/OneSignalNotificationServiceExtension.appex/Info.plist ... 
2025-12-15 07:37:03 +0000  993 bytes for ./PlugIns/OneSignalNotificationServiceExtension.appex/Info.plist
2025-12-15 07:37:03 +0000  copying file ./AppIcon60x60@2x.png ... 
2025-12-15 07:37:03 +0000  4850 bytes for ./AppIcon60x60@2x.png
2025-12-15 07:37:03 +0000  copying file ./ExpoConstants_privacy.bundle/PrivacyInfo.xcprivacy ... 
2025-12-15 07:37:03 +0000  607 bytes for ./ExpoConstants_privacy.bundle/PrivacyInfo.xcprivacy
2025-12-15 07:37:03 +0000  copying file ./ExpoConstants_privacy.bundle/Info.plist ... 
2025-12-15 07:37:03 +0000  789 bytes for ./ExpoConstants_privacy.bundle/Info.plist
2025-12-15 07:37:03 +0000  copying file ./FirebaseCoreInternal_Privacy.bundle/PrivacyInfo.xcprivacy ... 
2025-12-15 07:37:03 +0000  855 bytes for ./FirebaseCoreInternal_Privacy.bundle/PrivacyInfo.xcprivacy
2025-12-15 07:37:03 +0000  copying file ./FirebaseCoreInternal_Privacy.bundle/Info.plist ... 
2025-12-15 07:37:03 +0000  803 bytes for ./FirebaseCoreInternal_Privacy.bundle/Info.plist
2025-12-15 07:37:03 +0000  copying file ./GoogleDataTransport_Privacy.bundle/PrivacyInfo.xcprivacy ... 
2025-12-15 07:37:03 +0000  1105 bytes for ./GoogleDataTransport_Privacy.bundle/PrivacyInfo.xcprivacy
2025-12-15 07:37:03 +0000  copying file ./GoogleDataTransport_Privacy.bundle/Info.plist ... 
2025-12-15 07:37:03 +0000  801 bytes for ./GoogleDataTransport_Privacy.bundle/Info.plist
2025-12-15 07:37:03 +0000  copying file ./React-cxxreact_privacy.bundle/PrivacyInfo.xcprivacy ... 
2025-12-15 07:37:03 +0000  552 bytes for ./React-cxxreact_privacy.bundle/PrivacyInfo.xcprivacy
2025-12-15 07:37:03 +0000  copying file ./React-cxxreact_privacy.bundle/Info.plist ... 
2025-12-15 07:37:03 +0000  791 bytes for ./React-cxxreact_privacy.bundle/Info.plist
2025-12-15 07:37:03 +0000  copying file ./nanopb_Privacy.bundle/PrivacyInfo.xcprivacy ... 
2025-12-15 07:37:03 +0000  374 bytes for ./nanopb_Privacy.bundle/PrivacyInfo.xcprivacy
2025-12-15 07:37:03 +0000  copying file ./nanopb_Privacy.bundle/Info.plist ... 
2025-12-15 07:37:03 +0000  776 bytes for ./nanopb_Privacy.bundle/Info.plist
2025-12-15 07:37:03 +0000  copying file ./GoogleService-Info.plist ... 
2025-12-15 07:37:03 +0000  480 bytes for ./GoogleService-Info.plist
2025-12-15 07:37:03 +0000  copying file ./FirebaseCoreExtension_Privacy.bundle/PrivacyInfo.xcprivacy ... 
2025-12-15 07:37:03 +0000  478 bytes for ./FirebaseCoreExtension_Privacy.bundle/PrivacyInfo.xcprivacy
2025-12-15 07:37:03 +0000  copying file ./FirebaseCoreExtension_Privacy.bundle/Info.plist ... 
2025-12-15 07:37:03 +0000  805 bytes for ./FirebaseCoreExtension_Privacy.bundle/Info.plist
2025-12-15 07:37:03 +0000  copying file ./ExpoApplication_privacy.bundle/PrivacyInfo.xcprivacy ... 
2025-12-15 07:37:03 +0000  608 bytes for ./ExpoApplication_privacy.bundle/PrivacyInfo.xcprivacy
2025-12-15 07:37:03 +0000  copying file ./ExpoApplication_privacy.bundle/Info.plist ... 
2025-12-15 07:37:03 +0000  792 bytes for ./ExpoApplication_privacy.bundle/Info.plist
2025-12-15 07:37:03 +0000  copying file ./RCT-Folly_privacy.bundle/Info.plist ... 
2025-12-15 07:37:03 +0000  785 bytes for ./RCT-Folly_privacy.bundle/Info.plist
2025-12-15 07:37:03 +0000  copying file ./Assets.car ... 
2025-12-15 07:37:03 +0000  295560 bytes for ./Assets.car
2025-12-15 07:37:03 +0000  copying file ./FirebaseInstallations_Privacy.bundle/PrivacyInfo.xcprivacy ... 
2025-12-15 07:37:03 +0000  1105 bytes for ./FirebaseInstallations_Privacy.bundle/PrivacyInfo.xcprivacy
2025-12-15 07:37:03 +0000  copying file ./FirebaseInstallations_Privacy.bundle/Info.plist ... 
2025-12-15 07:37:03 +0000  805 bytes for ./FirebaseInstallations_Privacy.bundle/Info.plist
2025-12-15 07:37:03 +0000  copying file ./AppIcon76x76@2x~ipad.png ... 
2025-12-15 07:37:03 +0000  5965 bytes for ./AppIcon76x76@2x~ipad.png
2025-12-15 07:37:03 +0000  copying file ./GoogleUtilities_Privacy.bundle/PrivacyInfo.xcprivacy ... 
2025-12-15 07:37:03 +0000  1233 bytes for ./GoogleUtilities_Privacy.bundle/PrivacyInfo.xcprivacy
2025-12-15 07:37:03 +0000  copying file ./GoogleUtilities_Privacy.bundle/Info.plist ... 
2025-12-15 07:37:03 +0000  792 bytes for ./GoogleUtilities_Privacy.bundle/Info.plist
2025-12-15 07:37:03 +0000  copying file ./EXConstants.bundle/app.config ... 
2025-12-15 07:37:03 +0000  2375 bytes for ./EXConstants.bundle/app.config
2025-12-15 07:37:03 +0000  copying file ./EXConstants.bundle/Info.plist ... 
2025-12-15 07:37:03 +0000  767 bytes for ./EXConstants.bundle/Info.plist
2025-12-15 07:37:03 +0000  copying file ./SDWebImage.bundle/PrivacyInfo.xcprivacy ... 
2025-12-15 07:37:03 +0000  599 bytes for ./SDWebImage.bundle/PrivacyInfo.xcprivacy
2025-12-15 07:37:03 +0000  copying file ./SDWebImage.bundle/Info.plist ... 
2025-12-15 07:37:03 +0000  764 bytes for ./SDWebImage.bundle/Info.plist
2025-12-15 07:37:03 +0000  copying file ./PrivacyInfo.xcprivacy ... 
2025-12-15 07:37:03 +0000  1339 bytes for ./PrivacyInfo.xcprivacy
2025-12-15 07:37:03 +0000  copying file ./EXDevLauncher.bundle/main.jsbundle ... 
2025-12-15 07:37:03 +0000  2103074 bytes for ./EXDevLauncher.bundle/main.jsbundle
2025-12-15 07:37:03 +0000  copying file ./EXDevLauncher.bundle/assets/__node_modules/@react-navigation/elements/lib/module/assets/back-icon@3x.png ... 
2025-12-15 07:37:03 +0000  761 bytes for ./EXDevLauncher.bundle/assets/__node_modules/@react-navigation/elements/lib/module/assets/back-icon@3x.png
2025-12-15 07:37:03 +0000  copying file ./EXDevLauncher.bundle/assets/__node_modules/@react-navigation/elements/lib/module/assets/back-icon@2x.png ... 
2025-12-15 07:37:03 +0000  405 bytes for ./EXDevLauncher.bundle/assets/__node_modules/@react-navigation/elements/lib/module/assets/back-icon@2x.png
2025-12-15 07:37:03 +0000  copying file ./EXDevLauncher.bundle/assets/__node_modules/@react-navigation/elements/lib/module/assets/search-icon@2x.png ... 
2025-12-15 07:37:03 +0000  589 bytes for ./EXDevLauncher.bundle/assets/__node_modules/@react-navigation/elements/lib/module/assets/search-icon@2x.png
2025-12-15 07:37:03 +0000  copying file ./EXDevLauncher.bundle/assets/__node_modules/@react-navigation/elements/lib/module/assets/clear-icon@3x.png ... 
2025-12-15 07:37:03 +0000  502 bytes for ./EXDevLauncher.bundle/assets/__node_modules/@react-navigation/elements/lib/module/assets/clear-icon@3x.png
2025-12-15 07:37:03 +0000  copying file ./EXDevLauncher.bundle/assets/__node_modules/@react-navigation/elements/lib/module/assets/back-icon.png ... 
2025-12-15 07:37:03 +0000  290 bytes for ./EXDevLauncher.bundle/assets/__node_modules/@react-navigation/elements/lib/module/assets/back-icon.png
2025-12-15 07:37:03 +0000  copying file ./EXDevLauncher.bundle/assets/__node_modules/@react-navigation/elements/lib/module/assets/clear-icon@2x.png ... 
2025-12-15 07:37:03 +0000  334 bytes for ./EXDevLauncher.bundle/assets/__node_modules/@react-navigation/elements/lib/module/assets/clear-icon@2x.png
2025-12-15 07:37:03 +0000  copying file ./EXDevLauncher.bundle/assets/__node_modules/@react-navigation/elements/lib/module/assets/search-icon@3x.png ... 
2025-12-15 07:37:03 +0000  839 bytes for ./EXDevLauncher.bundle/assets/__node_modules/@react-navigation/elements/lib/module/assets/search-icon@3x.png
2025-12-15 07:37:03 +0000  copying file ./EXDevLauncher.bundle/assets/__node_modules/@react-navigation/elements/lib/module/assets/close-icon.png ... 
2025-12-15 07:37:03 +0000  141 bytes for ./EXDevLauncher.bundle/assets/__node_modules/@react-navigation/elements/lib/module/assets/close-icon.png
2025-12-15 07:37:03 +0000  copying file ./EXDevLauncher.bundle/assets/__node_modules/@react-navigation/elements/lib/module/assets/back-icon-mask.png ... 
2025-12-15 07:37:03 +0000  653 bytes for ./EXDevLauncher.bundle/assets/__node_modules/@react-navigation/elements/lib/module/assets/back-icon-mask.png
2025-12-15 07:37:03 +0000  copying file ./EXDevLauncher.bundle/assets/__node_modules/@react-navigation/elements/lib/module/assets/close-icon@2x.png ... 
2025-12-15 07:37:03 +0000  201 bytes for ./EXDevLauncher.bundle/assets/__node_modules/@react-navigation/elements/lib/module/assets/close-icon@2x.png
2025-12-15 07:37:03 +0000  copying file ./EXDevLauncher.bundle/assets/__node_modules/@react-navigation/elements/lib/module/assets/close-icon@3x.png ... 
2025-12-15 07:37:03 +0000  266 bytes for ./EXDevLauncher.bundle/assets/__node_modules/@react-navigation/elements/lib/module/assets/close-icon@3x.png
2025-12-15 07:37:03 +0000  copying file ./EXDevLauncher.bundle/assets/__node_modules/@react-navigation/elements/lib/module/assets/clear-icon.png ... 
2025-12-15 07:37:03 +0000  220 bytes for ./EXDevLauncher.bundle/assets/__node_modules/@react-navigation/elements/lib/module/assets/clear-icon.png
2025-12-15 07:37:03 +0000  copying file ./EXDevLauncher.bundle/assets/__node_modules/@react-navigation/elements/lib/module/assets/search-icon.png ... 
2025-12-15 07:37:03 +0000  317 bytes for ./EXDevLauncher.bundle/assets/__node_modules/@react-navigation/elements/lib/module/assets/search-icon.png
2025-12-15 07:37:03 +0000  copying file ./EXDevLauncher.bundle/assets/_expo-dev-client-components/assets/three-finger-long-press-icon.png ... 
2025-12-15 07:37:03 +0000  395 bytes for ./EXDevLauncher.bundle/assets/_expo-dev-client-components/assets/three-finger-long-press-icon.png
2025-12-15 07:37:03 +0000  copying file ./EXDevLauncher.bundle/assets/_expo-dev-client-components/assets/toolbar-overlay-icon.png ... 
2025-12-15 07:37:03 +0000  382 bytes for ./EXDevLauncher.bundle/assets/_expo-dev-client-components/assets/toolbar-overlay-icon.png
2025-12-15 07:37:03 +0000  copying file ./EXDevLauncher.bundle/assets/_expo-dev-client-components/assets/terminal-icon.png ... 
2025-12-15 07:37:03 +0000  379 bytes for ./EXDevLauncher.bundle/assets/_expo-dev-client-components/assets/terminal-icon.png
2025-12-15 07:37:03 +0000  copying file ./EXDevLauncher.bundle/assets/_expo-dev-client-components/assets/extensions-filled-active-icon@3x.png ... 
2025-12-15 07:37:03 +0000  649 bytes for ./EXDevLauncher.bundle/assets/_expo-dev-client-components/assets/extensions-filled-active-icon@3x.png
2025-12-15 07:37:03 +0000  copying file ./EXDevLauncher.bundle/assets/_expo-dev-client-components/assets/logo-icon@3x.png ... 
2025-12-15 07:37:03 +0000  13318 bytes for ./EXDevLauncher.bundle/assets/_expo-dev-client-components/assets/logo-icon@3x.png
2025-12-15 07:37:03 +0000  copying file ./EXDevLauncher.bundle/assets/_expo-dev-client-components/assets/info-icon-light.png ... 
2025-12-15 07:37:03 +0000  524 bytes for ./EXDevLauncher.bundle/assets/_expo-dev-client-components/assets/info-icon-light.png
2025-12-15 07:37:03 +0000  copying file ./EXDevLauncher.bundle/assets/_expo-dev-client-components/assets/warning-triangle-icon.png ... 
2025-12-15 07:37:03 +0000  373 bytes for ./EXDevLauncher.bundle/assets/_expo-dev-client-components/assets/warning-triangle-icon.png
2025-12-15 07:37:03 +0000  copying file ./EXDevLauncher.bundle/assets/_expo-dev-client-components/assets/info-icon-light@3x.png ... 
2025-12-15 07:37:03 +0000  1400 bytes for ./EXDevLauncher.bundle/assets/_expo-dev-client-components/assets/info-icon-light@3x.png
2025-12-15 07:37:03 +0000  copying file ./EXDevLauncher.bundle/assets/_expo-dev-client-components/assets/settings-filled-inactive-icon-light@3x.png ... 
2025-12-15 07:37:03 +0000  1370 bytes for ./EXDevLauncher.bundle/assets/_expo-dev-client-components/assets/settings-filled-inactive-icon-light@3x.png
2025-12-15 07:37:03 +0000  copying file ./EXDevLauncher.bundle/assets/_expo-dev-client-components/assets/home-filled-active-icon-light.png ... 
2025-12-15 07:37:03 +0000  333 bytes for ./EXDevLauncher.bundle/assets/_expo-dev-client-components/assets/home-filled-active-icon-light.png
2025-12-15 07:37:03 +0000  copying file ./EXDevLauncher.bundle/assets/_expo-dev-client-components/assets/extensions-icon-light@2x.png ... 
2025-12-15 07:37:03 +0000  830 bytes for ./EXDevLauncher.bundle/assets/_expo-dev-client-components/assets/extensions-icon-light@2x.png
2025-12-15 07:37:03 +0000  copying file ./EXDevLauncher.bundle/assets/_expo-dev-client-components/assets/shake-device-icon-light@3x.png ... 
2025-12-15 07:37:03 +0000  2548 bytes for ./EXDevLauncher.bundle/assets/_expo-dev-client-components/assets/shake-device-icon-light@3x.png
2025-12-15 07:37:03 +0000  copying file ./EXDevLauncher.bundle/assets/_expo-dev-client-components/assets/settings-filled-active-icon-light.png ... 
2025-12-15 07:37:03 +0000  563 bytes for ./EXDevLauncher.bundle/assets/_expo-dev-client-components/assets/settings-filled-active-icon-light.png
2025-12-15 07:37:03 +0000  copying file ./EXDevLauncher.bundle/assets/_expo-dev-client-components/assets/x-icon-light@3x.png ... 
2025-12-15 07:37:03 +0000  578 bytes for ./EXDevLauncher.bundle/assets/_expo-dev-client-components/assets/x-icon-light@3x.png
2025-12-15 07:37:03 +0000  copying file ./EXDevLauncher.bundle/assets/_expo-dev-client-components/assets/settings-filled-inactive-icon.png ... 
2025-12-15 07:37:03 +0000  543 bytes for ./EXDevLauncher.bundle/assets/_expo-dev-client-components/assets/settings-filled-inactive-icon.png
2025-12-15 07:37:03 +0000  copying file ./EXDevLauncher.bundle/assets/_expo-dev-client-components/assets/branch-icon-light.png ... 
2025-12-15 07:37:03 +0000  592 bytes for ./EXDevLauncher.bundle/assets/_expo-dev-client-components/assets/branch-icon-light.png
2025-12-15 07:37:03 +0000  copying file ./EXDevLauncher.bundle/assets/_expo-dev-client-components/assets/home-filled-inactive-icon@3x.png ... 
2025-12-15 07:37:03 +0000  598 bytes for ./EXDevLauncher.bundle/assets/_expo-dev-client-components/assets/home-filled-inactive-icon@3x.png
2025-12-15 07:37:03 +0000  copying file ./EXDevLauncher.bundle/assets/_expo-dev-client-components/assets/settings-filled-inactive-icon@2x.png ... 
2025-12-15 07:37:03 +0000  1066 bytes for ./EXDevLauncher.bundle/assets/_expo-dev-client-components/assets/settings-filled-inactive-icon@2x.png
2025-12-15 07:37:03 +0000  copying file ./EXDevLauncher.bundle/assets/_expo-dev-client-components/assets/performance-icon@2x.png ... 
2025-12-15 07:37:03 +0000  990 bytes for ./EXDevLauncher.bundle/assets/_expo-dev-client-components/assets/performance-icon@2x.png
2025-12-15 07:37:03 +0000  copying file ./EXDevLauncher.bundle/assets/_expo-dev-client-components/assets/inspect-element-icon.png ... 
2025-12-15 07:37:03 +0000  319 bytes for ./EXDevLauncher.bundle/assets/_expo-dev-client-components/assets/inspect-element-icon.png
2025-12-15 07:37:03 +0000  copying file ./EXDevLauncher.bundle/assets/_expo-dev-client-components/assets/home-filled-inactive-icon-light@2x.png ... 
2025-12-15 07:37:03 +0000  480 bytes for ./EXDevLauncher.bundle/assets/_expo-dev-client-components/assets/home-filled-inactive-icon-light@2x.png
2025-12-15 07:37:03 +0000  copying file ./EXDevLauncher.bundle/assets/_expo-dev-client-components/assets/home-filled-inactive-icon-light@3x.png ... 
2025-12-15 07:37:03 +0000  583 bytes for ./EXDevLauncher.bundle/assets/_expo-dev-client-components/assets/home-filled-inactive-icon-light@3x.png
2025-12-15 07:37:03 +0000  copying file ./EXDevLauncher.bundle/assets/_expo-dev-client-components/assets/home-filled-inactive-icon@2x.png ... 
2025-12-15 07:37:03 +0000  482 bytes for ./EXDevLauncher.bundle/assets/_expo-dev-client-components/assets/home-filled-inactive-icon@2x.png
2025-12-15 07:37:03 +0000  copying file ./EXDevLauncher.bundle/assets/_expo-dev-client-components/assets/settings-filled-inactive-icon@3x.png ... 
2025-12-15 07:37:03 +0000  1348 bytes for ./EXDevLauncher.bundle/assets/_expo-dev-client-components/assets/settings-filled-inactive-icon@3x.png
2025-12-15 07:37:03 +0000  copying file ./EXDevLauncher.bundle/assets/_expo-dev-client-components/assets/performance-icon@3x.png ... 
2025-12-15 07:37:03 +0000  1405 bytes for ./EXDevLauncher.bundle/assets/_expo-dev-client-components/assets/performance-icon@3x.png
2025-12-15 07:37:03 +0000  copying file ./EXDevLauncher.bundle/assets/_expo-dev-client-components/assets/building-icon.png ... 
2025-12-15 07:37:03 +0000  225 bytes for ./EXDevLauncher.bundle/assets/_expo-dev-client-components/assets/building-icon.png
2025-12-15 07:37:03 +0000  copying file ./EXDevLauncher.bundle/assets/_expo-dev-client-components/assets/check-icon-light.png ... 
2025-12-15 07:37:03 +0000  284 bytes for ./EXDevLauncher.bundle/assets/_expo-dev-client-components/assets/check-icon-light.png
2025-12-15 07:37:03 +0000  copying file ./EXDevLauncher.bundle/assets/_expo-dev-client-components/assets/x-icon-light@2x.png ... 
2025-12-15 07:37:03 +0000  433 bytes for ./EXDevLauncher.bundle/assets/_expo-dev-client-components/assets/x-icon-light@2x.png
2025-12-15 07:37:03 +0000  copying file ./EXDevLauncher.bundle/assets/_expo-dev-client-components/assets/branch-icon.png ... 
2025-12-15 07:37:03 +0000  575 bytes for ./EXDevLauncher.bundle/assets/_expo-dev-client-components/assets/branch-icon.png
2025-12-15 07:37:03 +0000  copying file ./EXDevLauncher.bundle/assets/_expo-dev-client-components/assets/shake-device-icon-light@2x.png ... 
2025-12-15 07:37:03 +0000  1674 bytes for ./EXDevLauncher.bundle/assets/_expo-dev-client-components/assets/shake-device-icon-light@2x.png
2025-12-15 07:37:03 +0000  copying file ./EXDevLauncher.bundle/assets/_expo-dev-client-components/assets/extensions-icon-light@3x.png ... 
2025-12-15 07:37:03 +0000  1265 bytes for ./EXDevLauncher.bundle/assets/_expo-dev-client-components/assets/extensions-icon-light@3x.png
2025-12-15 07:37:03 +0000  copying file ./EXDevLauncher.bundle/assets/_expo-dev-client-components/assets/settings-filled-inactive-icon-light@2x.png ... 
2025-12-15 07:37:03 +0000  1066 bytes for ./EXDevLauncher.bundle/assets/_expo-dev-client-components/assets/settings-filled-inactive-icon-light@2x.png
2025-12-15 07:37:03 +0000  copying file ./EXDevLauncher.bundle/assets/_expo-dev-client-components/assets/info-icon-light@2x.png ... 
2025-12-15 07:37:03 +0000  966 bytes for ./EXDevLauncher.bundle/assets/_expo-dev-client-components/assets/info-icon-light@2x.png
2025-12-15 07:37:03 +0000  copying file ./EXDevLauncher.bundle/assets/_expo-dev-client-components/assets/logo-icon.png ... 
2025-12-15 07:37:03 +0000  3687 bytes for ./EXDevLauncher.bundle/assets/_expo-dev-client-components/assets/logo-icon.png
2025-12-15 07:37:03 +0000  copying file ./EXDevLauncher.bundle/assets/_expo-dev-client-components/assets/logo-icon@2x.png ... 
2025-12-15 07:37:03 +0000  8115 bytes for ./EXDevLauncher.bundle/assets/_expo-dev-client-components/assets/logo-icon@2x.png
2025-12-15 07:37:03 +0000  copying file ./EXDevLauncher.bundle/assets/_expo-dev-client-components/assets/extensions-filled-active-icon@2x.png ... 
2025-12-15 07:37:03 +0000  469 bytes for ./EXDevLauncher.bundle/assets/_expo-dev-client-components/assets/extensions-filled-active-icon@2x.png
2025-12-15 07:37:03 +0000  copying file ./EXDevLauncher.bundle/assets/_expo-dev-client-components/assets/three-finger-long-press-icon-light.png ... 
2025-12-15 07:37:03 +0000  415 bytes for ./EXDevLauncher.bundle/assets/_expo-dev-client-components/assets/three-finger-long-press-icon-light.png
2025-12-15 07:37:03 +0000  copying file ./EXDevLauncher.bundle/assets/_expo-dev-client-components/assets/show-menu-at-launch-icon-light.png ... 
2025-12-15 07:37:03 +0000  357 bytes for ./EXDevLauncher.bundle/assets/_expo-dev-client-components/assets/show-menu-at-launch-icon-light.png
2025-12-15 07:37:03 +0000  copying file ./EXDevLauncher.bundle/assets/_expo-dev-client-components/assets/x-icon-light.png ... 
2025-12-15 07:37:03 +0000  257 bytes for ./EXDevLauncher.bundle/assets/_expo-dev-client-components/assets/x-icon-light.png
2025-12-15 07:37:03 +0000  copying file ./EXDevLauncher.bundle/assets/_expo-dev-client-components/assets/user-icon.png ... 
2025-12-15 07:37:03 +0000  356 bytes for ./EXDevLauncher.bundle/assets/_expo-dev-client-components/assets/user-icon.png
2025-12-15 07:37:03 +0000  copying file ./EXDevLauncher.bundle/assets/_expo-dev-client-components/assets/x-icon.png ... 
2025-12-15 07:37:03 +0000  253 bytes for ./EXDevLauncher.bundle/assets/_expo-dev-client-components/assets/x-icon.png
2025-12-15 07:37:03 +0000  copying file ./EXDevLauncher.bundle/assets/_expo-dev-client-components/assets/home-filled-active-icon.png ... 
2025-12-15 07:37:03 +0000  339 bytes for ./EXDevLauncher.bundle/assets/_expo-dev-client-components/assets/home-filled-active-icon.png
2025-12-15 07:37:03 +0000  copying file ./EXDevLauncher.bundle/assets/_expo-dev-client-components/assets/debug-icon@3x.png ... 
2025-12-15 07:37:03 +0000  667 bytes for ./EXDevLauncher.bundle/assets/_expo-dev-client-components/assets/debug-icon@3x.png
2025-12-15 07:37:03 +0000  copying file ./EXDevLauncher.bundle/assets/_expo-dev-client-components/assets/inspect-element-icon@2x.png ... 
2025-12-15 07:37:03 +0000  423 bytes for ./EXDevLauncher.bundle/assets/_expo-dev-client-components/assets/inspect-element-icon@2x.png
2025-12-15 07:37:03 +0000  copying file ./EXDevLauncher.bundle/assets/_expo-dev-client-components/assets/home-filled-inactive-icon-light.png ... 
2025-12-15 07:37:03 +0000  334 bytes for ./EXDevLauncher.bundle/assets/_expo-dev-client-components/assets/home-filled-inactive-icon-light.png
2025-12-15 07:37:03 +0000  copying file ./EXDevLauncher.bundle/assets/_expo-dev-client-components/assets/terminal-icon@3x.png ... 
2025-12-15 07:37:03 +0000  961 bytes for ./EXDevLauncher.bundle/assets/_expo-dev-client-components/assets/terminal-icon@3x.png
2025-12-15 07:37:03 +0000  copying file ./EXDevLauncher.bundle/assets/_expo-dev-client-components/assets/performance-icon.png ... 
2025-12-15 07:37:03 +0000  532 bytes for ./EXDevLauncher.bundle/assets/_expo-dev-client-components/assets/performance-icon.png
2025-12-15 07:37:03 +0000  copying file ./EXDevLauncher.bundle/assets/_expo-dev-client-components/assets/three-finger-long-press-icon-light@2x.png ... 
2025-12-15 07:37:03 +0000  563 bytes for ./EXDevLauncher.bundle/assets/_expo-dev-client-components/assets/three-finger-long-press-icon-light@2x.png
2025-12-15 07:37:03 +0000  copying file ./EXDevLauncher.bundle/assets/_expo-dev-client-components/assets/extensions-filled-active-icon-light@3x.png ... 
2025-12-15 07:37:03 +0000  642 bytes for ./EXDevLauncher.bundle/assets/_expo-dev-client-components/assets/extensions-filled-active-icon-light@3x.png
2025-12-15 07:37:03 +0000  copying file ./EXDevLauncher.bundle/assets/_expo-dev-client-components/assets/settings-filled-inactive-icon-light.png ... 
2025-12-15 07:37:03 +0000  537 bytes for ./EXDevLauncher.bundle/assets/_expo-dev-client-components/assets/settings-filled-inactive-icon-light.png
2025-12-15 07:37:03 +0000  copying file ./EXDevLauncher.bundle/assets/_expo-dev-client-components/assets/show-menu-at-launch-icon-light@2x.png ... 
2025-12-15 07:37:03 +0000  518 bytes for ./EXDevLauncher.bundle/assets/_expo-dev-client-components/assets/show-menu-at-launch-icon-light@2x.png
2025-12-15 07:37:03 +0000  copying file ./EXDevLauncher.bundle/assets/_expo-dev-client-components/assets/clipboard-icon@3x.png ... 
2025-12-15 07:37:03 +0000  809 bytes for ./EXDevLauncher.bundle/assets/_expo-dev-client-components/assets/clipboard-icon@3x.png
2025-12-15 07:37:03 +0000  copying file ./EXDevLauncher.bundle/assets/_expo-dev-client-components/assets/settings-filled-active-icon.png ... 
2025-12-15 07:37:03 +0000  542 bytes for ./EXDevLauncher.bundle/assets/_expo-dev-client-components/assets/settings-filled-active-icon.png
2025-12-15 07:37:03 +0000  copying file ./EXDevLauncher.bundle/assets/_expo-dev-client-components/assets/loading-indicator-icon@2x.png ... 
2025-12-15 07:37:03 +0000  1757 bytes for ./EXDevLauncher.bundle/assets/_expo-dev-client-components/assets/loading-indicator-icon@2x.png
2025-12-15 07:37:03 +0000  copying file ./EXDevLauncher.bundle/assets/_expo-dev-client-components/assets/shake-device-icon.png ... 
2025-12-15 07:37:03 +0000  844 bytes for ./EXDevLauncher.bundle/assets/_expo-dev-client-components/assets/shake-device-icon.png
2025-12-15 07:37:03 +0000  copying file ./EXDevLauncher.bundle/assets/_expo-dev-client-components/assets/settings-filled-active-icon-light@2x.png ... 
2025-12-15 07:37:03 +0000  1066 bytes for ./EXDevLauncher.bundle/assets/_expo-dev-client-components/assets/settings-filled-active-icon-light@2x.png
2025-12-15 07:37:03 +0000  copying file ./EXDevLauncher.bundle/assets/_expo-dev-client-components/assets/x-icon@2x.png ... 
2025-12-15 07:37:03 +0000  464 bytes for ./EXDevLauncher.bundle/assets/_expo-dev-client-components/assets/x-icon@2x.png
2025-12-15 07:37:03 +0000  copying file ./EXDevLauncher.bundle/assets/_expo-dev-client-components/assets/update-icon@2x.png ... 
2025-12-15 07:37:03 +0000  477 bytes for ./EXDevLauncher.bundle/assets/_expo-dev-client-components/assets/update-icon@2x.png
2025-12-15 07:37:03 +0000  copying file ./EXDevLauncher.bundle/assets/_expo-dev-client-components/assets/settings-filled-active-icon@3x.png ... 
2025-12-15 07:37:03 +0000  1406 bytes for ./EXDevLauncher.bundle/assets/_expo-dev-client-components/assets/settings-filled-active-icon@3x.png
2025-12-15 07:37:03 +0000  copying file ./EXDevLauncher.bundle/assets/_expo-dev-client-components/assets/building-icon@3x.png ... 
2025-12-15 07:37:03 +0000  398 bytes for ./EXDevLauncher.bundle/assets/_expo-dev-client-components/assets/building-icon@3x.png
2025-12-15 07:37:03 +0000  copying file ./EXDevLauncher.bundle/assets/_expo-dev-client-components/assets/run-icon@2x.png ... 
2025-12-15 07:37:03 +0000  994 bytes for ./EXDevLauncher.bundle/assets/_expo-dev-client-components/assets/run-icon@2x.png
2025-12-15 07:37:03 +0000  copying file ./EXDevLauncher.bundle/assets/_expo-dev-client-components/assets/extensions-filled-inactive-icon@3x.png ... 
2025-12-15 07:37:03 +0000  617 bytes for ./EXDevLauncher.bundle/assets/_expo-dev-client-components/assets/extensions-filled-inactive-icon@3x.png
2025-12-15 07:37:03 +0000  copying file ./EXDevLauncher.bundle/assets/_expo-dev-client-components/assets/run-icon.png ... 
2025-12-15 07:37:03 +0000  594 bytes for ./EXDevLauncher.bundle/assets/_expo-dev-client-components/assets/run-icon.png
2025-12-15 07:37:03 +0000  copying file ./EXDevLauncher.bundle/assets/_expo-dev-client-components/assets/clipboard-icon.png ... 
2025-12-15 07:37:03 +0000  405 bytes for ./EXDevLauncher.bundle/assets/_expo-dev-client-components/assets/clipboard-icon.png
2025-12-15 07:37:03 +0000  copying file ./EXDevLauncher.bundle/assets/_expo-dev-client-components/assets/extensions-filled-inactive-icon@2x.png ... 
2025-12-15 07:37:03 +0000  465 bytes for ./EXDevLauncher.bundle/assets/_expo-dev-client-components/assets/extensions-filled-inactive-icon@2x.png
2025-12-15 07:37:03 +0000  copying file ./EXDevLauncher.bundle/assets/_expo-dev-client-components/assets/run-icon@3x.png ... 
2025-12-15 07:37:03 +0000  1332 bytes for ./EXDevLauncher.bundle/assets/_expo-dev-client-components/assets/run-icon@3x.png
2025-12-15 07:37:03 +0000  copying file ./EXDevLauncher.bundle/assets/_expo-dev-client-components/assets/building-icon@2x.png ... 
2025-12-15 07:37:03 +0000  306 bytes for ./EXDevLauncher.bundle/assets/_expo-dev-client-components/assets/building-icon@2x.png
2025-12-15 07:37:03 +0000  copying file ./EXDevLauncher.bundle/assets/_expo-dev-client-components/assets/settings-filled-active-icon@2x.png ... 
2025-12-15 07:37:03 +0000  1057 bytes for ./EXDevLauncher.bundle/assets/_expo-dev-client-components/assets/settings-filled-active-icon@2x.png
2025-12-15 07:37:03 +0000  copying file ./EXDevLauncher.bundle/assets/_expo-dev-client-components/assets/warning-triangle-icon-light.png ... 
2025-12-15 07:37:03 +0000  365 bytes for ./EXDevLauncher.bundle/assets/_expo-dev-client-components/assets/warning-triangle-icon-light.png
2025-12-15 07:37:03 +0000  copying file ./EXDevLauncher.bundle/assets/_expo-dev-client-components/assets/update-icon-light.png ... 
2025-12-15 07:37:03 +0000  359 bytes for ./EXDevLauncher.bundle/assets/_expo-dev-client-components/assets/update-icon-light.png
2025-12-15 07:37:03 +0000  copying file ./EXDevLauncher.bundle/assets/_expo-dev-client-components/assets/update-icon@3x.png ... 
2025-12-15 07:37:03 +0000  602 bytes for ./EXDevLauncher.bundle/assets/_expo-dev-client-components/assets/update-icon@3x.png
2025-12-15 07:37:03 +0000  copying file ./EXDevLauncher.bundle/assets/_expo-dev-client-components/assets/x-icon@3x.png ... 
2025-12-15 07:37:03 +0000  600 bytes for ./EXDevLauncher.bundle/assets/_expo-dev-client-components/assets/x-icon@3x.png
2025-12-15 07:37:03 +0000  copying file ./EXDevLauncher.bundle/assets/_expo-dev-client-components/assets/settings-filled-active-icon-light@3x.png ... 
2025-12-15 07:37:03 +0000  1406 bytes for ./EXDevLauncher.bundle/assets/_expo-dev-client-components/assets/settings-filled-active-icon-light@3x.png
2025-12-15 07:37:03 +0000  copying file ./EXDevLauncher.bundle/assets/_expo-dev-client-components/assets/loading-indicator-icon@3x.png ... 
2025-12-15 07:37:03 +0000  2623 bytes for ./EXDevLauncher.bundle/assets/_expo-dev-client-components/assets/loading-indicator-icon@3x.png
2025-12-15 07:37:03 +0000  copying file ./EXDevLauncher.bundle/assets/_expo-dev-client-components/assets/clipboard-icon@2x.png ... 
2025-12-15 07:37:03 +0000  629 bytes for ./EXDevLauncher.bundle/assets/_expo-dev-client-components/assets/clipboard-icon@2x.png
2025-12-15 07:37:03 +0000  copying file ./EXDevLauncher.bundle/assets/_expo-dev-client-components/assets/show-menu-at-launch-icon-light@3x.png ... 
2025-12-15 07:37:03 +0000  717 bytes for ./EXDevLauncher.bundle/assets/_expo-dev-client-components/assets/show-menu-at-launch-icon-light@3x.png
2025-12-15 07:37:03 +0000  copying file ./EXDevLauncher.bundle/assets/_expo-dev-client-components/assets/extensions-filled-active-icon-light@2x.png ... 
2025-12-15 07:37:03 +0000  488 bytes for ./EXDevLauncher.bundle/assets/_expo-dev-client-components/assets/extensions-filled-active-icon-light@2x.png
2025-12-15 07:37:03 +0000  copying file ./EXDevLauncher.bundle/assets/_expo-dev-client-components/assets/three-finger-long-press-icon-light@3x.png ... 
2025-12-15 07:37:03 +0000  814 bytes for ./EXDevLauncher.bundle/assets/_expo-dev-client-components/assets/three-finger-long-press-icon-light@3x.png
2025-12-15 07:37:03 +0000  copying file ./EXDevLauncher.bundle/assets/_expo-dev-client-components/assets/terminal-icon@2x.png ... 
2025-12-15 07:37:03 +0000  668 bytes for ./EXDevLauncher.bundle/assets/_expo-dev-client-components/assets/terminal-icon@2x.png
2025-12-15 07:37:03 +0000  copying file ./EXDevLauncher.bundle/assets/_expo-dev-client-components/assets/inspect-element-icon@3x.png ... 
2025-12-15 07:37:03 +0000  344 bytes for ./EXDevLauncher.bundle/assets/_expo-dev-client-components/assets/inspect-element-icon@3x.png
2025-12-15 07:37:03 +0000  copying file ./EXDevLauncher.bundle/assets/_expo-dev-client-components/assets/debug-icon@2x.png ... 
2025-12-15 07:37:03 +0000  618 bytes for ./EXDevLauncher.bundle/assets/_expo-dev-client-components/assets/debug-icon@2x.png
2025-12-15 07:37:03 +0000  copying file ./EXDevLauncher.bundle/assets/_expo-dev-client-components/assets/warning-triangle-icon@2x.png ... 
2025-12-15 07:37:03 +0000  604 bytes for ./EXDevLauncher.bundle/assets/_expo-dev-client-components/assets/warning-triangle-icon@2x.png
2025-12-15 07:37:03 +0000  copying file ./EXDevLauncher.bundle/assets/_expo-dev-client-components/assets/three-finger-long-press-icon@2x.png ... 
2025-12-15 07:37:03 +0000  560 bytes for ./EXDevLauncher.bundle/assets/_expo-dev-client-components/assets/three-finger-long-press-icon@2x.png
2025-12-15 07:37:03 +0000  copying file ./EXDevLauncher.bundle/assets/_expo-dev-client-components/assets/check-icon-light@3x.png ... 
2025-12-15 07:37:03 +0000  564 bytes for ./EXDevLauncher.bundle/assets/_expo-dev-client-components/assets/check-icon-light@3x.png
2025-12-15 07:37:03 +0000  copying file ./EXDevLauncher.bundle/assets/_expo-dev-client-components/assets/user-icon-light@2x.png ... 
2025-12-15 07:37:03 +0000  1042 bytes for ./EXDevLauncher.bundle/assets/_expo-dev-client-components/assets/user-icon-light@2x.png
2025-12-15 07:37:03 +0000  copying file ./EXDevLauncher.bundle/assets/_expo-dev-client-components/assets/extensions-icon@2x.png ... 
2025-12-15 07:37:03 +0000  820 bytes for ./EXDevLauncher.bundle/assets/_expo-dev-client-components/assets/extensions-icon@2x.png
2025-12-15 07:37:03 +0000  copying file ./EXDevLauncher.bundle/assets/_expo-dev-client-components/assets/update-icon.png ... 
2025-12-15 07:37:03 +0000  334 bytes for ./EXDevLauncher.bundle/assets/_expo-dev-client-components/assets/update-icon.png
2025-12-15 07:37:03 +0000  copying file ./EXDevLauncher.bundle/assets/_expo-dev-client-components/assets/shake-device-icon@2x.png ... 
2025-12-15 07:37:03 +0000  1708 bytes for ./EXDevLauncher.bundle/assets/_expo-dev-client-components/assets/shake-device-icon@2x.png
2025-12-15 07:37:03 +0000  copying file ./EXDevLauncher.bundle/assets/_expo-dev-client-components/assets/show-menu-at-launch-icon.png ... 
2025-12-15 07:37:03 +0000  364 bytes for ./EXDevLauncher.bundle/assets/_expo-dev-client-components/assets/show-menu-at-launch-icon.png
2025-12-15 07:37:03 +0000  copying file ./EXDevLauncher.bundle/assets/_expo-dev-client-components/assets/update-icon-light@3x.png ... 
2025-12-15 07:37:03 +0000  649 bytes for ./EXDevLauncher.bundle/assets/_expo-dev-client-components/assets/update-icon-light@3x.png
2025-12-15 07:37:03 +0000  copying file ./EXDevLauncher.bundle/assets/_expo-dev-client-components/assets/check-icon@2x.png ... 
2025-12-15 07:37:03 +0000  423 bytes for ./EXDevLauncher.bundle/assets/_expo-dev-client-components/assets/check-icon@2x.png
2025-12-15 07:37:03 +0000  copying file ./EXDevLauncher.bundle/assets/_expo-dev-client-components/assets/chevron-right-icon@3x.png ... 
2025-12-15 07:37:03 +0000  406 bytes for ./EXDevLauncher.bundle/assets/_expo-dev-client-components/assets/chevron-right-icon@3x.png
2025-12-15 07:37:03 +0000  copying file ./EXDevLauncher.bundle/assets/_expo-dev-client-components/assets/show-menu-at-launch-icon@3x.png ... 
2025-12-15 07:37:03 +0000  713 bytes for ./EXDevLauncher.bundle/assets/_expo-dev-client-components/assets/show-menu-at-launch-icon@3x.png
2025-12-15 07:37:03 +0000  copying file ./EXDevLauncher.bundle/assets/_expo-dev-client-components/assets/toolbar-overlay-icon@3x.png ... 
2025-12-15 07:37:03 +0000  767 bytes for ./EXDevLauncher.bundle/assets/_expo-dev-client-components/assets/toolbar-overlay-icon@3x.png
2025-12-15 07:37:03 +0000  copying file ./EXDevLauncher.bundle/assets/_expo-dev-client-components/assets/branch-icon-light@3x.png ... 
2025-12-15 07:37:03 +0000  1301 bytes for ./EXDevLauncher.bundle/assets/_expo-dev-client-components/assets/branch-icon-light@3x.png
2025-12-15 07:37:03 +0000  copying file ./EXDevLauncher.bundle/assets/_expo-dev-client-components/assets/extensions-filled-active-icon.png ... 
2025-12-15 07:37:03 +0000  309 bytes for ./EXDevLauncher.bundle/assets/_expo-dev-client-components/assets/extensions-filled-active-icon.png
2025-12-15 07:37:03 +0000  copying file ./EXDevLauncher.bundle/assets/_expo-dev-client-components/assets/info-icon@2x.png ... 
2025-12-15 07:37:03 +0000  925 bytes for ./EXDevLauncher.bundle/assets/_expo-dev-client-components/assets/info-icon@2x.png
2025-12-15 07:37:03 +0000  copying file ./EXDevLauncher.bundle/assets/_expo-dev-client-components/assets/branch-icon@3x.png ... 
2025-12-15 07:37:03 +0000  1321 bytes for ./EXDevLauncher.bundle/assets/_expo-dev-client-components/assets/branch-icon@3x.png
2025-12-15 07:37:03 +0000  copying file ./EXDevLauncher.bundle/assets/_expo-dev-client-components/assets/home-filled-active-icon-light@3x.png ... 
2025-12-15 07:37:03 +0000  586 bytes for ./EXDevLauncher.bundle/assets/_expo-dev-client-components/assets/home-filled-active-icon-light@3x.png
2025-12-15 07:37:03 +0000  copying file ./EXDevLauncher.bundle/assets/_expo-dev-client-components/assets/warning-triangle-icon-light@3x.png ... 
2025-12-15 07:37:03 +0000  860 bytes for ./EXDevLauncher.bundle/assets/_expo-dev-client-components/assets/warning-triangle-icon-light@3x.png
2025-12-15 07:37:03 +0000  copying file ./EXDevLauncher.bundle/assets/_expo-dev-client-components/assets/user-icon-light.png ... 
2025-12-15 07:37:03 +0000  545 bytes for ./EXDevLauncher.bundle/assets/_expo-dev-client-components/assets/user-icon-light.png
2025-12-15 07:37:03 +0000  copying file ./EXDevLauncher.bundle/assets/_expo-dev-client-components/assets/branch-icon@2x.png ... 
2025-12-15 07:37:03 +0000  1085 bytes for ./EXDevLauncher.bundle/assets/_expo-dev-client-components/assets/branch-icon@2x.png
2025-12-15 07:37:03 +0000  copying file ./EXDevLauncher.bundle/assets/_expo-dev-client-components/assets/home-filled-active-icon-light@2x.png ... 
2025-12-15 07:37:03 +0000  484 bytes for ./EXDevLauncher.bundle/assets/_expo-dev-client-components/assets/home-filled-active-icon-light@2x.png
2025-12-15 07:37:03 +0000  copying file ./EXDevLauncher.bundle/assets/_expo-dev-client-components/assets/warning-triangle-icon-light@2x.png ... 
2025-12-15 07:37:03 +0000  600 bytes for ./EXDevLauncher.bundle/assets/_expo-dev-client-components/assets/warning-triangle-icon-light@2x.png
2025-12-15 07:37:03 +0000  copying file ./EXDevLauncher.bundle/assets/_expo-dev-client-components/assets/extensions-icon.png ... 
2025-12-15 07:37:03 +0000  495 bytes for ./EXDevLauncher.bundle/assets/_expo-dev-client-components/assets/extensions-icon.png
2025-12-15 07:37:03 +0000  copying file ./EXDevLauncher.bundle/assets/_expo-dev-client-components/assets/info-icon@3x.png ... 
2025-12-15 07:37:03 +0000  1404 bytes for ./EXDevLauncher.bundle/assets/_expo-dev-client-components/assets/info-icon@3x.png
2025-12-15 07:37:03 +0000  copying file ./EXDevLauncher.bundle/assets/_expo-dev-client-components/assets/toolbar-overlay-icon@2x.png ... 
2025-12-15 07:37:03 +0000  549 bytes for ./EXDevLauncher.bundle/assets/_expo-dev-client-components/assets/toolbar-overlay-icon@2x.png
2025-12-15 07:37:03 +0000  copying file ./EXDevLauncher.bundle/assets/_expo-dev-client-components/assets/branch-icon-light@2x.png ... 
2025-12-15 07:37:03 +0000  1026 bytes for ./EXDevLauncher.bundle/assets/_expo-dev-client-components/assets/branch-icon-light@2x.png
2025-12-15 07:37:03 +0000  copying file ./EXDevLauncher.bundle/assets/_expo-dev-client-components/assets/show-menu-at-launch-icon@2x.png ... 
2025-12-15 07:37:03 +0000  520 bytes for ./EXDevLauncher.bundle/assets/_expo-dev-client-components/assets/show-menu-at-launch-icon@2x.png
2025-12-15 07:37:03 +0000  copying file ./EXDevLauncher.bundle/assets/_expo-dev-client-components/assets/chevron-right-icon@2x.png ... 
2025-12-15 07:37:03 +0000  361 bytes for ./EXDevLauncher.bundle/assets/_expo-dev-client-components/assets/chevron-right-icon@2x.png
2025-12-15 07:37:03 +0000  copying file ./EXDevLauncher.bundle/assets/_expo-dev-client-components/assets/update-icon-light@2x.png ... 
2025-12-15 07:37:03 +0000  538 bytes for ./EXDevLauncher.bundle/assets/_expo-dev-client-components/assets/update-icon-light@2x.png
2025-12-15 07:37:03 +0000  copying file ./EXDevLauncher.bundle/assets/_expo-dev-client-components/assets/check-icon@3x.png ... 
2025-12-15 07:37:03 +0000  558 bytes for ./EXDevLauncher.bundle/assets/_expo-dev-client-components/assets/check-icon@3x.png
2025-12-15 07:37:03 +0000  copying file ./EXDevLauncher.bundle/assets/_expo-dev-client-components/assets/shake-device-icon@3x.png ... 
2025-12-15 07:37:03 +0000  2616 bytes for ./EXDevLauncher.bundle/assets/_expo-dev-client-components/assets/shake-device-icon@3x.png
2025-12-15 07:37:03 +0000  copying file ./EXDevLauncher.bundle/assets/_expo-dev-client-components/assets/check-icon.png ... 
2025-12-15 07:37:03 +0000  303 bytes for ./EXDevLauncher.bundle/assets/_expo-dev-client-components/assets/check-icon.png
2025-12-15 07:37:03 +0000  copying file ./EXDevLauncher.bundle/assets/_expo-dev-client-components/assets/extensions-icon@3x.png ... 
2025-12-15 07:37:03 +0000  1239 bytes for ./EXDevLauncher.bundle/assets/_expo-dev-client-components/assets/extensions-icon@3x.png
2025-12-15 07:37:03 +0000  copying file ./EXDevLauncher.bundle/assets/_expo-dev-client-components/assets/user-icon-light@3x.png ... 
2025-12-15 07:37:03 +0000  1461 bytes for ./EXDevLauncher.bundle/assets/_expo-dev-client-components/assets/user-icon-light@3x.png
2025-12-15 07:37:03 +0000  copying file ./EXDevLauncher.bundle/assets/_expo-dev-client-components/assets/check-icon-light@2x.png ... 
2025-12-15 07:37:03 +0000  407 bytes for ./EXDevLauncher.bundle/assets/_expo-dev-client-components/assets/check-icon-light@2x.png
2025-12-15 07:37:03 +0000  copying file ./EXDevLauncher.bundle/assets/_expo-dev-client-components/assets/three-finger-long-press-icon@3x.png ... 
2025-12-15 07:37:03 +0000  827 bytes for ./EXDevLauncher.bundle/assets/_expo-dev-client-components/assets/three-finger-long-press-icon@3x.png
2025-12-15 07:37:03 +0000  copying file ./EXDevLauncher.bundle/assets/_expo-dev-client-components/assets/warning-triangle-icon@3x.png ... 
2025-12-15 07:37:03 +0000  810 bytes for ./EXDevLauncher.bundle/assets/_expo-dev-client-components/assets/warning-triangle-icon@3x.png
2025-12-15 07:37:03 +0000  copying file ./EXDevLauncher.bundle/assets/_expo-dev-client-components/assets/refresh-icon@3x.png ... 
2025-12-15 07:37:03 +0000  1217 bytes for ./EXDevLauncher.bundle/assets/_expo-dev-client-components/assets/refresh-icon@3x.png
2025-12-15 07:37:03 +0000  copying file ./EXDevLauncher.bundle/assets/_expo-dev-client-components/assets/extensions-filled-inactive-icon-light@3x.png ... 
2025-12-15 07:37:03 +0000  638 bytes for ./EXDevLauncher.bundle/assets/_expo-dev-client-components/assets/extensions-filled-inactive-icon-light@3x.png
2025-12-15 07:37:03 +0000  copying file ./EXDevLauncher.bundle/assets/_expo-dev-client-components/assets/home-filled-inactive-icon.png ... 
2025-12-15 07:37:03 +0000  339 bytes for ./EXDevLauncher.bundle/assets/_expo-dev-client-components/assets/home-filled-inactive-icon.png
2025-12-15 07:37:03 +0000  copying file ./EXDevLauncher.bundle/assets/_expo-dev-client-components/assets/chevron-right-icon.png ... 
2025-12-15 07:37:03 +0000  273 bytes for ./EXDevLauncher.bundle/assets/_expo-dev-client-components/assets/chevron-right-icon.png
2025-12-15 07:37:03 +0000  copying file ./EXDevLauncher.bundle/assets/_expo-dev-client-components/assets/question-mark-icon@2x.png ... 
2025-12-15 07:37:03 +0000  497 bytes for ./EXDevLauncher.bundle/assets/_expo-dev-client-components/assets/question-mark-icon@2x.png
2025-12-15 07:37:03 +0000  copying file ./EXDevLauncher.bundle/assets/_expo-dev-client-components/assets/extensions-icon-light.png ... 
2025-12-15 07:37:03 +0000  512 bytes for ./EXDevLauncher.bundle/assets/_expo-dev-client-components/assets/extensions-icon-light.png
2025-12-15 07:37:03 +0000  copying file ./EXDevLauncher.bundle/assets/_expo-dev-client-components/assets/extensions-filled-inactive-icon-light.png ... 
2025-12-15 07:37:03 +0000  307 bytes for ./EXDevLauncher.bundle/assets/_expo-dev-client-components/assets/extensions-filled-inactive-icon-light.png
2025-12-15 07:37:03 +0000  copying file ./EXDevLauncher.bundle/assets/_expo-dev-client-components/assets/home-filled-active-icon@2x.png ... 
2025-12-15 07:37:03 +0000  492 bytes for ./EXDevLauncher.bundle/assets/_expo-dev-client-components/assets/home-filled-active-icon@2x.png
2025-12-15 07:37:03 +0000  copying file ./EXDevLauncher.bundle/assets/_expo-dev-client-components/assets/shake-device-icon-light.png ... 
2025-12-15 07:37:03 +0000  779 bytes for ./EXDevLauncher.bundle/assets/_expo-dev-client-components/assets/shake-device-icon-light.png
2025-12-15 07:37:03 +0000  copying file ./EXDevLauncher.bundle/assets/_expo-dev-client-components/assets/user-icon@2x.png ... 
2025-12-15 07:37:03 +0000  624 bytes for ./EXDevLauncher.bundle/assets/_expo-dev-client-components/assets/user-icon@2x.png
2025-12-15 07:37:03 +0000  copying file ./EXDevLauncher.bundle/assets/_expo-dev-client-components/assets/refresh-icon.png ... 
2025-12-15 07:37:03 +0000  517 bytes for ./EXDevLauncher.bundle/assets/_expo-dev-client-components/assets/refresh-icon.png
2025-12-15 07:37:03 +0000  copying file ./EXDevLauncher.bundle/assets/_expo-dev-client-components/assets/question-mark-icon.png ... 
2025-12-15 07:37:03 +0000  297 bytes for ./EXDevLauncher.bundle/assets/_expo-dev-client-components/assets/question-mark-icon.png
2025-12-15 07:37:03 +0000  copying file ./EXDevLauncher.bundle/assets/_expo-dev-client-components/assets/user-icon@3x.png ... 
2025-12-15 07:37:03 +0000  878 bytes for ./EXDevLauncher.bundle/assets/_expo-dev-client-components/assets/user-icon@3x.png
2025-12-15 07:37:03 +0000  copying file ./EXDevLauncher.bundle/assets/_expo-dev-client-components/assets/debug-icon.png ... 
2025-12-15 07:37:03 +0000  474 bytes for ./EXDevLauncher.bundle/assets/_expo-dev-client-components/assets/debug-icon.png
2025-12-15 07:37:03 +0000  copying file ./EXDevLauncher.bundle/assets/_expo-dev-client-components/assets/loading-indicator-icon.png ... 
2025-12-15 07:37:03 +0000  854 bytes for ./EXDevLauncher.bundle/assets/_expo-dev-client-components/assets/loading-indicator-icon.png
2025-12-15 07:37:03 +0000  copying file ./EXDevLauncher.bundle/assets/_expo-dev-client-components/assets/home-filled-active-icon@3x.png ... 
2025-12-15 07:37:03 +0000  589 bytes for ./EXDevLauncher.bundle/assets/_expo-dev-client-components/assets/home-filled-active-icon@3x.png
2025-12-15 07:37:03 +0000  copying file ./EXDevLauncher.bundle/assets/_expo-dev-client-components/assets/extensions-filled-active-icon-light.png ... 
2025-12-15 07:37:03 +0000  313 bytes for ./EXDevLauncher.bundle/assets/_expo-dev-client-components/assets/extensions-filled-active-icon-light.png
2025-12-15 07:37:03 +0000  copying file ./EXDevLauncher.bundle/assets/_expo-dev-client-components/assets/extensions-filled-inactive-icon.png ... 
2025-12-15 07:37:03 +0000  302 bytes for ./EXDevLauncher.bundle/assets/_expo-dev-client-components/assets/extensions-filled-inactive-icon.png
2025-12-15 07:37:03 +0000  copying file ./EXDevLauncher.bundle/assets/_expo-dev-client-components/assets/info-icon.png ... 
2025-12-15 07:37:03 +0000  512 bytes for ./EXDevLauncher.bundle/assets/_expo-dev-client-components/assets/info-icon.png
2025-12-15 07:37:03 +0000  copying file ./EXDevLauncher.bundle/assets/_expo-dev-client-components/assets/question-mark-icon@3x.png ... 
2025-12-15 07:37:03 +0000  689 bytes for ./EXDevLauncher.bundle/assets/_expo-dev-client-components/assets/question-mark-icon@3x.png
2025-12-15 07:37:03 +0000  copying file ./EXDevLauncher.bundle/assets/_expo-dev-client-components/assets/extensions-filled-inactive-icon-light@2x.png ... 
2025-12-15 07:37:03 +0000  463 bytes for ./EXDevLauncher.bundle/assets/_expo-dev-client-components/assets/extensions-filled-inactive-icon-light@2x.png
2025-12-15 07:37:03 +0000  copying file ./EXDevLauncher.bundle/assets/_expo-dev-client-components/assets/refresh-icon@2x.png ... 
2025-12-15 07:37:03 +0000  871 bytes for ./EXDevLauncher.bundle/assets/_expo-dev-client-components/assets/refresh-icon@2x.png
2025-12-15 07:37:03 +0000  copying file ./EXDevLauncher.bundle/EXDevLauncherErrorView.storyboardc/IMq-iY-6oO-view-a0B-Gx-7OO.nib ... 
2025-12-15 07:37:03 +0000  13923 bytes for ./EXDevLauncher.bundle/EXDevLauncherErrorView.storyboardc/IMq-iY-6oO-view-a0B-Gx-7OO.nib
2025-12-15 07:37:03 +0000  copying file ./EXDevLauncher.bundle/EXDevLauncherErrorView.storyboardc/EXDevLauncherErrorView.nib ... 
2025-12-15 07:37:03 +0000  1184 bytes for ./EXDevLauncher.bundle/EXDevLauncherErrorView.storyboardc/EXDevLauncherErrorView.nib
2025-12-15 07:37:03 +0000  copying file ./EXDevLauncher.bundle/EXDevLauncherErrorView.storyboardc/Info.plist ... 
2025-12-15 07:37:03 +0000  169 bytes for ./EXDevLauncher.bundle/EXDevLauncherErrorView.storyboardc/Info.plist
2025-12-15 07:37:03 +0000  copying file ./EXDevLauncher.bundle/Info.plist ... 
2025-12-15 07:37:03 +0000  771 bytes for ./EXDevLauncher.bundle/Info.plist
2025-12-15 07:37:03 +0000  copying file ./RNSVGFilters.bundle/RNSVGArithmeticFilter.iphoneos.metallib ... 
2025-12-15 07:37:03 +0000  3993 bytes for ./RNSVGFilters.bundle/RNSVGArithmeticFilter.iphoneos.metallib
2025-12-15 07:37:03 +0000  copying file ./RNSVGFilters.bundle/RNSVGCompositeXor.iphoneos.metallib ... 
2025-12-15 07:37:03 +0000  3509 bytes for ./RNSVGFilters.bundle/RNSVGCompositeXor.iphoneos.metallib
2025-12-15 07:37:03 +0000  copying file ./RNSVGFilters.bundle/Info.plist ... 
2025-12-15 07:37:03 +0000  770 bytes for ./RNSVGFilters.bundle/Info.plist
2025-12-15 07:37:03 +0000  copying file ./ExpoFileSystem_privacy.bundle/PrivacyInfo.xcprivacy ... 
2025-12-15 07:37:03 +0000  877 bytes for ./ExpoFileSystem_privacy.bundle/PrivacyInfo.xcprivacy
2025-12-15 07:37:03 +0000  copying file ./ExpoFileSystem_privacy.bundle/Info.plist ... 
2025-12-15 07:37:03 +0000  792 bytes for ./ExpoFileSystem_privacy.bundle/Info.plist
2025-12-15 07:37:03 +0000  copying file ./boost_privacy.bundle/Info.plist ... 
2025-12-15 07:37:03 +0000  771 bytes for ./boost_privacy.bundle/Info.plist
2025-12-15 07:37:03 +0000  copying file ./ip.txt ... 
2025-12-15 07:37:03 +0000  13 bytes for ./ip.txt
2025-12-15 07:37:03 +0000  copying file ./Frameworks/OneSignalUser.framework/_CodeSignature/CodeResources ... 
2025-12-15 07:37:03 +0000  2034 bytes for ./Frameworks/OneSignalUser.framework/_CodeSignature/CodeResources
2025-12-15 07:37:03 +0000  copying file ./Frameworks/OneSignalUser.framework/PrivacyInfo.xcprivacy ... 
2025-12-15 07:37:03 +0000  1317 bytes for ./Frameworks/OneSignalUser.framework/PrivacyInfo.xcprivacy
2025-12-15 07:37:03 +0000  copying file ./Frameworks/OneSignalUser.framework/OneSignalUser ... 
2025-12-15 07:37:03 +0000  488384 bytes for ./Frameworks/OneSignalUser.framework/OneSignalUser
2025-12-15 07:37:03 +0000  copying file ./Frameworks/OneSignalUser.framework/Info.plist ... 
2025-12-15 07:37:03 +0000  895 bytes for ./Frameworks/OneSignalUser.framework/Info.plist
2025-12-15 07:37:03 +0000  copying file ./Frameworks/OneSignalNotifications.framework/_CodeSignature/CodeResources ... 
2025-12-15 07:37:03 +0000  2034 bytes for ./Frameworks/OneSignalNotifications.framework/_CodeSignature/CodeResources
2025-12-15 07:37:03 +0000  copying file ./Frameworks/OneSignalNotifications.framework/OneSignalNotifications ... 
2025-12-15 07:37:03 +0000  182880 bytes for ./Frameworks/OneSignalNotifications.framework/OneSignalNotifications
2025-12-15 07:37:03 +0000  copying file ./Frameworks/OneSignalNotifications.framework/PrivacyInfo.xcprivacy ... 
2025-12-15 07:37:03 +0000  941 bytes for ./Frameworks/OneSignalNotifications.framework/PrivacyInfo.xcprivacy
2025-12-15 07:37:03 +0000  copying file ./Frameworks/OneSignalNotifications.framework/Info.plist ... 
2025-12-15 07:37:03 +0000  789 bytes for ./Frameworks/OneSignalNotifications.framework/Info.plist
2025-12-15 07:37:03 +0000  copying file ./Frameworks/OneSignalInAppMessages.framework/_CodeSignature/CodeResources ... 
2025-12-15 07:37:03 +0000  2034 bytes for ./Frameworks/OneSignalInAppMessages.framework/_CodeSignature/CodeResources
2025-12-15 07:37:03 +0000  copying file ./Frameworks/OneSignalInAppMessages.framework/PrivacyInfo.xcprivacy ... 
2025-12-15 07:37:03 +0000  941 bytes for ./Frameworks/OneSignalInAppMessages.framework/PrivacyInfo.xcprivacy
2025-12-15 07:37:03 +0000  copying file ./Frameworks/OneSignalInAppMessages.framework/OneSignalInAppMessages ... 
2025-12-15 07:37:03 +0000  379056 bytes for ./Frameworks/OneSignalInAppMessages.framework/OneSignalInAppMessages
2025-12-15 07:37:03 +0000  copying file ./Frameworks/OneSignalInAppMessages.framework/Info.plist ... 
2025-12-15 07:37:03 +0000  789 bytes for ./Frameworks/OneSignalInAppMessages.framework/Info.plist
2025-12-15 07:37:03 +0000  copying file ./Frameworks/OneSignalLiveActivities.framework/_CodeSignature/CodeResources ... 
2025-12-15 07:37:03 +0000  2034 bytes for ./Frameworks/OneSignalLiveActivities.framework/_CodeSignature/CodeResources
2025-12-15 07:37:03 +0000  copying file ./Frameworks/OneSignalLiveActivities.framework/OneSignalLiveActivities ... 
2025-12-15 07:37:03 +0000  297824 bytes for ./Frameworks/OneSignalLiveActivities.framework/OneSignalLiveActivities
2025-12-15 07:37:03 +0000  copying file ./Frameworks/OneSignalLiveActivities.framework/PrivacyInfo.xcprivacy ... 
2025-12-15 07:37:03 +0000  941 bytes for ./Frameworks/OneSignalLiveActivities.framework/PrivacyInfo.xcprivacy
2025-12-15 07:37:03 +0000  copying file ./Frameworks/OneSignalLiveActivities.framework/Info.plist ... 
2025-12-15 07:37:03 +0000  917 bytes for ./Frameworks/OneSignalLiveActivities.framework/Info.plist
2025-12-15 07:37:03 +0000  copying file ./Frameworks/OneSignalOSCore.framework/_CodeSignature/CodeResources ... 
2025-12-15 07:37:03 +0000  2034 bytes for ./Frameworks/OneSignalOSCore.framework/_CodeSignature/CodeResources
2025-12-15 07:37:03 +0000  copying file ./Frameworks/OneSignalOSCore.framework/PrivacyInfo.xcprivacy ... 
2025-12-15 07:37:03 +0000  551 bytes for ./Frameworks/OneSignalOSCore.framework/PrivacyInfo.xcprivacy
2025-12-15 07:37:03 +0000  copying file ./Frameworks/OneSignalOSCore.framework/OneSignalOSCore ... 
2025-12-15 07:37:03 +0000  214864 bytes for ./Frameworks/OneSignalOSCore.framework/OneSignalOSCore
2025-12-15 07:37:03 +0000  copying file ./Frameworks/OneSignalOSCore.framework/Info.plist ... 
2025-12-15 07:37:03 +0000  901 bytes for ./Frameworks/OneSignalOSCore.framework/Info.plist
2025-12-15 07:37:03 +0000  copying file ./Frameworks/OneSignalFramework.framework/_CodeSignature/CodeResources ... 
2025-12-15 07:37:03 +0000  2034 bytes for ./Frameworks/OneSignalFramework.framework/_CodeSignature/CodeResources
2025-12-15 07:37:03 +0000  copying file ./Frameworks/OneSignalFramework.framework/PrivacyInfo.xcprivacy ... 
2025-12-15 07:37:03 +0000  1695 bytes for ./Frameworks/OneSignalFramework.framework/PrivacyInfo.xcprivacy
2025-12-15 07:37:03 +0000  copying file ./Frameworks/OneSignalFramework.framework/OneSignalFramework ... 
2025-12-15 07:37:03 +0000  210656 bytes for ./Frameworks/OneSignalFramework.framework/OneSignalFramework
2025-12-15 07:37:03 +0000  copying file ./Frameworks/OneSignalFramework.framework/Info.plist ... 
2025-12-15 07:37:03 +0000  775 bytes for ./Frameworks/OneSignalFramework.framework/Info.plist
2025-12-15 07:37:03 +0000  copying file ./Frameworks/OneSignalLocation.framework/_CodeSignature/CodeResources ... 
2025-12-15 07:37:03 +0000  2034 bytes for ./Frameworks/OneSignalLocation.framework/_CodeSignature/CodeResources
2025-12-15 07:37:03 +0000  copying file ./Frameworks/OneSignalLocation.framework/OneSignalLocation ... 
2025-12-15 07:37:03 +0000  79632 bytes for ./Frameworks/OneSignalLocation.framework/OneSignalLocation
2025-12-15 07:37:03 +0000  copying file ./Frameworks/OneSignalLocation.framework/PrivacyInfo.xcprivacy ... 
2025-12-15 07:37:03 +0000  1423 bytes for ./Frameworks/OneSignalLocation.framework/PrivacyInfo.xcprivacy
2025-12-15 07:37:03 +0000  copying file ./Frameworks/OneSignalLocation.framework/Info.plist ... 
2025-12-15 07:37:03 +0000  779 bytes for ./Frameworks/OneSignalLocation.framework/Info.plist
2025-12-15 07:37:03 +0000  copying file ./Frameworks/OneSignalExtension.framework/_CodeSignature/CodeResources ... 
2025-12-15 07:37:03 +0000  2034 bytes for ./Frameworks/OneSignalExtension.framework/_CodeSignature/CodeResources
2025-12-15 07:37:03 +0000  copying file ./Frameworks/OneSignalExtension.framework/PrivacyInfo.xcprivacy ... 
2025-12-15 07:37:03 +0000  1317 bytes for ./Frameworks/OneSignalExtension.framework/PrivacyInfo.xcprivacy
2025-12-15 07:37:03 +0000  copying file ./Frameworks/OneSignalExtension.framework/OneSignalExtension ... 
2025-12-15 07:37:03 +0000  127168 bytes for ./Frameworks/OneSignalExtension.framework/OneSignalExtension
2025-12-15 07:37:03 +0000  copying file ./Frameworks/OneSignalExtension.framework/Info.plist ... 
2025-12-15 07:37:03 +0000  776 bytes for ./Frameworks/OneSignalExtension.framework/Info.plist
2025-12-15 07:37:03 +0000  copying file ./Frameworks/OneSignalCore.framework/_CodeSignature/CodeResources ... 
2025-12-15 07:37:03 +0000  2034 bytes for ./Frameworks/OneSignalCore.framework/_CodeSignature/CodeResources
2025-12-15 07:37:03 +0000  copying file ./Frameworks/OneSignalCore.framework/PrivacyInfo.xcprivacy ... 
2025-12-15 07:37:03 +0000  551 bytes for ./Frameworks/OneSignalCore.framework/PrivacyInfo.xcprivacy
2025-12-15 07:37:03 +0000  copying file ./Frameworks/OneSignalCore.framework/Info.plist ... 
2025-12-15 07:37:03 +0000  764 bytes for ./Frameworks/OneSignalCore.framework/Info.plist
2025-12-15 07:37:03 +0000  copying file ./Frameworks/OneSignalCore.framework/OneSignalCore ... 
2025-12-15 07:37:03 +0000  208544 bytes for ./Frameworks/OneSignalCore.framework/OneSignalCore
2025-12-15 07:37:03 +0000  copying file ./Frameworks/hermes.framework/_CodeSignature/CodeResources ... 
2025-12-15 07:37:03 +0000  1798 bytes for ./Frameworks/hermes.framework/_CodeSignature/CodeResources
2025-12-15 07:37:03 +0000  copying file ./Frameworks/hermes.framework/hermes ... 
2025-12-15 07:37:03 +0000  6693872 bytes for ./Frameworks/hermes.framework/hermes
2025-12-15 07:37:03 +0000  copying file ./Frameworks/hermes.framework/Info.plist ... 
2025-12-15 07:37:03 +0000  859 bytes for ./Frameworks/hermes.framework/Info.plist
2025-12-15 07:37:03 +0000  copying file ./Frameworks/OneSignalOutcomes.framework/_CodeSignature/CodeResources ... 
2025-12-15 07:37:03 +0000  2034 bytes for ./Frameworks/OneSignalOutcomes.framework/_CodeSignature/CodeResources
2025-12-15 07:37:03 +0000  copying file ./Frameworks/OneSignalOutcomes.framework/PrivacyInfo.xcprivacy ... 
2025-12-15 07:37:03 +0000  941 bytes for ./Frameworks/OneSignalOutcomes.framework/PrivacyInfo.xcprivacy
2025-12-15 07:37:03 +0000  copying file ./Frameworks/OneSignalOutcomes.framework/Info.plist ... 
2025-12-15 07:37:03 +0000  774 bytes for ./Frameworks/OneSignalOutcomes.framework/Info.plist
2025-12-15 07:37:03 +0000  copying file ./Frameworks/OneSignalOutcomes.framework/OneSignalOutcomes ... 
2025-12-15 07:37:03 +0000  201680 bytes for ./Frameworks/OneSignalOutcomes.framework/OneSignalOutcomes
2025-12-15 07:37:03 +0000  copying file ./embedded.mobileprovision ... 
2025-12-15 07:37:03 +0000  19445 bytes for ./embedded.mobileprovision
2025-12-15 07:37:03 +0000  copying file ./FirebaseCrashlytics_Privacy.bundle/PrivacyInfo.xcprivacy ... 
2025-12-15 07:37:03 +0000  1383 bytes for ./FirebaseCrashlytics_Privacy.bundle/PrivacyInfo.xcprivacy
2025-12-15 07:37:03 +0000  copying file ./FirebaseCrashlytics_Privacy.bundle/Info.plist ... 
2025-12-15 07:37:03 +0000  801 bytes for ./FirebaseCrashlytics_Privacy.bundle/Info.plist
2025-12-15 07:37:03 +0000  copying file ./EXDevMenu.bundle/Inter-Bold.otf ... 
2025-12-15 07:37:03 +0000  271436 bytes for ./EXDevMenu.bundle/Inter-Bold.otf
2025-12-15 07:37:03 +0000  copying file ./EXDevMenu.bundle/Inter-Regular.otf ... 
2025-12-15 07:37:03 +0000  258992 bytes for ./EXDevMenu.bundle/Inter-Regular.otf
2025-12-15 07:37:03 +0000  copying file ./EXDevMenu.bundle/Inter-Thin.otf ... 
2025-12-15 07:37:03 +0000  257356 bytes for ./EXDevMenu.bundle/Inter-Thin.otf
2025-12-15 07:37:03 +0000  copying file ./EXDevMenu.bundle/Inter-Light.otf ... 
2025-12-15 07:37:03 +0000  265000 bytes for ./EXDevMenu.bundle/Inter-Light.otf
2025-12-15 07:37:03 +0000  copying file ./EXDevMenu.bundle/Inter-Medium.otf ... 
2025-12-15 07:37:03 +0000  269692 bytes for ./EXDevMenu.bundle/Inter-Medium.otf
2025-12-15 07:37:03 +0000  copying file ./EXDevMenu.bundle/Inter-SemiBold.otf ... 
2025-12-15 07:37:03 +0000  270760 bytes for ./EXDevMenu.bundle/Inter-SemiBold.otf
2025-12-15 07:37:03 +0000  copying file ./EXDevMenu.bundle/dev-menu-packager-host ... 
2025-12-15 07:37:03 +0000  196 bytes for ./EXDevMenu.bundle/dev-menu-packager-host
2025-12-15 07:37:03 +0000  copying file ./EXDevMenu.bundle/Inter-Black.otf ... 
2025-12-15 07:37:03 +0000  266240 bytes for ./EXDevMenu.bundle/Inter-Black.otf
2025-12-15 07:37:03 +0000  copying file ./EXDevMenu.bundle/EXDevMenuApp.ios.js ... 
2025-12-15 07:37:03 +0000  1532035 bytes for ./EXDevMenu.bundle/EXDevMenuApp.ios.js
2025-12-15 07:37:03 +0000  copying file ./EXDevMenu.bundle/Inter-ExtraBold.otf ... 
2025-12-15 07:37:03 +0000  271868 bytes for ./EXDevMenu.bundle/Inter-ExtraBold.otf
2025-12-15 07:37:03 +0000  copying file ./EXDevMenu.bundle/Inter-ExtraLight.otf ... 
2025-12-15 07:37:03 +0000  264196 bytes for ./EXDevMenu.bundle/Inter-ExtraLight.otf
2025-12-15 07:37:03 +0000  copying file ./EXDevMenu.bundle/assets/_expo-dev-client-components/assets/three-finger-long-press-icon.png ... 
2025-12-15 07:37:03 +0000  395 bytes for ./EXDevMenu.bundle/assets/_expo-dev-client-components/assets/three-finger-long-press-icon.png
2025-12-15 07:37:03 +0000  copying file ./EXDevMenu.bundle/assets/_expo-dev-client-components/assets/toolbar-overlay-icon.png ... 
2025-12-15 07:37:03 +0000  382 bytes for ./EXDevMenu.bundle/assets/_expo-dev-client-components/assets/toolbar-overlay-icon.png
2025-12-15 07:37:03 +0000  copying file ./EXDevMenu.bundle/assets/_expo-dev-client-components/assets/terminal-icon.png ... 
2025-12-15 07:37:03 +0000  379 bytes for ./EXDevMenu.bundle/assets/_expo-dev-client-components/assets/terminal-icon.png
2025-12-15 07:37:03 +0000  copying file ./EXDevMenu.bundle/assets/_expo-dev-client-components/assets/extensions-filled-active-icon@3x.png ... 
2025-12-15 07:37:03 +0000  649 bytes for ./EXDevMenu.bundle/assets/_expo-dev-client-components/assets/extensions-filled-active-icon@3x.png
2025-12-15 07:37:03 +0000  copying file ./EXDevMenu.bundle/assets/_expo-dev-client-components/assets/logo-icon@3x.png ... 
2025-12-15 07:37:03 +0000  13318 bytes for ./EXDevMenu.bundle/assets/_expo-dev-client-components/assets/logo-icon@3x.png
2025-12-15 07:37:03 +0000  copying file ./EXDevMenu.bundle/assets/_expo-dev-client-components/assets/info-icon-light.png ... 
2025-12-15 07:37:03 +0000  524 bytes for ./EXDevMenu.bundle/assets/_expo-dev-client-components/assets/info-icon-light.png
2025-12-15 07:37:03 +0000  copying file ./EXDevMenu.bundle/assets/_expo-dev-client-components/assets/warning-triangle-icon.png ... 
2025-12-15 07:37:03 +0000  373 bytes for ./EXDevMenu.bundle/assets/_expo-dev-client-components/assets/warning-triangle-icon.png
2025-12-15 07:37:03 +0000  copying file ./EXDevMenu.bundle/assets/_expo-dev-client-components/assets/info-icon-light@3x.png ... 
2025-12-15 07:37:03 +0000  1400 bytes for ./EXDevMenu.bundle/assets/_expo-dev-client-components/assets/info-icon-light@3x.png
2025-12-15 07:37:03 +0000  copying file ./EXDevMenu.bundle/assets/_expo-dev-client-components/assets/settings-filled-inactive-icon-light@3x.png ... 
2025-12-15 07:37:03 +0000  1370 bytes for ./EXDevMenu.bundle/assets/_expo-dev-client-components/assets/settings-filled-inactive-icon-light@3x.png
2025-12-15 07:37:03 +0000  copying file ./EXDevMenu.bundle/assets/_expo-dev-client-components/assets/home-filled-active-icon-light.png ... 
2025-12-15 07:37:03 +0000  333 bytes for ./EXDevMenu.bundle/assets/_expo-dev-client-components/assets/home-filled-active-icon-light.png
2025-12-15 07:37:03 +0000  copying file ./EXDevMenu.bundle/assets/_expo-dev-client-components/assets/extensions-icon-light@2x.png ... 
2025-12-15 07:37:03 +0000  830 bytes for ./EXDevMenu.bundle/assets/_expo-dev-client-components/assets/extensions-icon-light@2x.png
2025-12-15 07:37:03 +0000  copying file ./EXDevMenu.bundle/assets/_expo-dev-client-components/assets/shake-device-icon-light@3x.png ... 
2025-12-15 07:37:03 +0000  2548 bytes for ./EXDevMenu.bundle/assets/_expo-dev-client-components/assets/shake-device-icon-light@3x.png
2025-12-15 07:37:03 +0000  copying file ./EXDevMenu.bundle/assets/_expo-dev-client-components/assets/settings-filled-active-icon-light.png ... 
2025-12-15 07:37:03 +0000  563 bytes for ./EXDevMenu.bundle/assets/_expo-dev-client-components/assets/settings-filled-active-icon-light.png
2025-12-15 07:37:03 +0000  copying file ./EXDevMenu.bundle/assets/_expo-dev-client-components/assets/x-icon-light@3x.png ... 
2025-12-15 07:37:03 +0000  578 bytes for ./EXDevMenu.bundle/assets/_expo-dev-client-components/assets/x-icon-light@3x.png
2025-12-15 07:37:03 +0000  copying file ./EXDevMenu.bundle/assets/_expo-dev-client-components/assets/settings-filled-inactive-icon.png ... 
2025-12-15 07:37:03 +0000  543 bytes for ./EXDevMenu.bundle/assets/_expo-dev-client-components/assets/settings-filled-inactive-icon.png
2025-12-15 07:37:03 +0000  copying file ./EXDevMenu.bundle/assets/_expo-dev-client-components/assets/branch-icon-light.png ... 
2025-12-15 07:37:03 +0000  592 bytes for ./EXDevMenu.bundle/assets/_expo-dev-client-components/assets/branch-icon-light.png
2025-12-15 07:37:03 +0000  copying file ./EXDevMenu.bundle/assets/_expo-dev-client-components/assets/home-filled-inactive-icon@3x.png ... 
2025-12-15 07:37:03 +0000  598 bytes for ./EXDevMenu.bundle/assets/_expo-dev-client-components/assets/home-filled-inactive-icon@3x.png
2025-12-15 07:37:03 +0000  copying file ./EXDevMenu.bundle/assets/_expo-dev-client-components/assets/settings-filled-inactive-icon@2x.png ... 
2025-12-15 07:37:03 +0000  1066 bytes for ./EXDevMenu.bundle/assets/_expo-dev-client-components/assets/settings-filled-inactive-icon@2x.png
2025-12-15 07:37:03 +0000  copying file ./EXDevMenu.bundle/assets/_expo-dev-client-components/assets/performance-icon@2x.png ... 
2025-12-15 07:37:03 +0000  990 bytes for ./EXDevMenu.bundle/assets/_expo-dev-client-components/assets/performance-icon@2x.png
2025-12-15 07:37:03 +0000  copying file ./EXDevMenu.bundle/assets/_expo-dev-client-components/assets/inspect-element-icon.png ... 
2025-12-15 07:37:03 +0000  319 bytes for ./EXDevMenu.bundle/assets/_expo-dev-client-components/assets/inspect-element-icon.png
2025-12-15 07:37:03 +0000  copying file ./EXDevMenu.bundle/assets/_expo-dev-client-components/assets/home-filled-inactive-icon-light@2x.png ... 
2025-12-15 07:37:03 +0000  480 bytes for ./EXDevMenu.bundle/assets/_expo-dev-client-components/assets/home-filled-inactive-icon-light@2x.png
2025-12-15 07:37:03 +0000  copying file ./EXDevMenu.bundle/assets/_expo-dev-client-components/assets/home-filled-inactive-icon-light@3x.png ... 
2025-12-15 07:37:03 +0000  583 bytes for ./EXDevMenu.bundle/assets/_expo-dev-client-components/assets/home-filled-inactive-icon-light@3x.png
2025-12-15 07:37:03 +0000  copying file ./EXDevMenu.bundle/assets/_expo-dev-client-components/assets/home-filled-inactive-icon@2x.png ... 
2025-12-15 07:37:03 +0000  482 bytes for ./EXDevMenu.bundle/assets/_expo-dev-client-components/assets/home-filled-inactive-icon@2x.png
2025-12-15 07:37:03 +0000  copying file ./EXDevMenu.bundle/assets/_expo-dev-client-components/assets/settings-filled-inactive-icon@3x.png ... 
2025-12-15 07:37:03 +0000  1348 bytes for ./EXDevMenu.bundle/assets/_expo-dev-client-components/assets/settings-filled-inactive-icon@3x.png
2025-12-15 07:37:03 +0000  copying file ./EXDevMenu.bundle/assets/_expo-dev-client-components/assets/performance-icon@3x.png ... 
2025-12-15 07:37:03 +0000  1405 bytes for ./EXDevMenu.bundle/assets/_expo-dev-client-components/assets/performance-icon@3x.png
2025-12-15 07:37:03 +0000  copying file ./EXDevMenu.bundle/assets/_expo-dev-client-components/assets/building-icon.png ... 
2025-12-15 07:37:03 +0000  225 bytes for ./EXDevMenu.bundle/assets/_expo-dev-client-components/assets/building-icon.png
2025-12-15 07:37:03 +0000  copying file ./EXDevMenu.bundle/assets/_expo-dev-client-components/assets/check-icon-light.png ... 
2025-12-15 07:37:03 +0000  284 bytes for ./EXDevMenu.bundle/assets/_expo-dev-client-components/assets/check-icon-light.png
2025-12-15 07:37:03 +0000  copying file ./EXDevMenu.bundle/assets/_expo-dev-client-components/assets/x-icon-light@2x.png ... 
2025-12-15 07:37:03 +0000  433 bytes for ./EXDevMenu.bundle/assets/_expo-dev-client-components/assets/x-icon-light@2x.png
2025-12-15 07:37:03 +0000  copying file ./EXDevMenu.bundle/assets/_expo-dev-client-components/assets/branch-icon.png ... 
2025-12-15 07:37:03 +0000  575 bytes for ./EXDevMenu.bundle/assets/_expo-dev-client-components/assets/branch-icon.png
2025-12-15 07:37:03 +0000  copying file ./EXDevMenu.bundle/assets/_expo-dev-client-components/assets/shake-device-icon-light@2x.png ... 
2025-12-15 07:37:03 +0000  1674 bytes for ./EXDevMenu.bundle/assets/_expo-dev-client-components/assets/shake-device-icon-light@2x.png
2025-12-15 07:37:03 +0000  copying file ./EXDevMenu.bundle/assets/_expo-dev-client-components/assets/extensions-icon-light@3x.png ... 
2025-12-15 07:37:03 +0000  1265 bytes for ./EXDevMenu.bundle/assets/_expo-dev-client-components/assets/extensions-icon-light@3x.png
2025-12-15 07:37:03 +0000  copying file ./EXDevMenu.bundle/assets/_expo-dev-client-components/assets/settings-filled-inactive-icon-light@2x.png ... 
2025-12-15 07:37:03 +0000  1066 bytes for ./EXDevMenu.bundle/assets/_expo-dev-client-components/assets/settings-filled-inactive-icon-light@2x.png
2025-12-15 07:37:03 +0000  copying file ./EXDevMenu.bundle/assets/_expo-dev-client-components/assets/info-icon-light@2x.png ... 
2025-12-15 07:37:03 +0000  966 bytes for ./EXDevMenu.bundle/assets/_expo-dev-client-components/assets/info-icon-light@2x.png
2025-12-15 07:37:03 +0000  copying file ./EXDevMenu.bundle/assets/_expo-dev-client-components/assets/logo-icon.png ... 
2025-12-15 07:37:03 +0000  3687 bytes for ./EXDevMenu.bundle/assets/_expo-dev-client-components/assets/logo-icon.png
2025-12-15 07:37:03 +0000  copying file ./EXDevMenu.bundle/assets/_expo-dev-client-components/assets/logo-icon@2x.png ... 
2025-12-15 07:37:03 +0000  8115 bytes for ./EXDevMenu.bundle/assets/_expo-dev-client-components/assets/logo-icon@2x.png
2025-12-15 07:37:03 +0000  copying file ./EXDevMenu.bundle/assets/_expo-dev-client-components/assets/extensions-filled-active-icon@2x.png ... 
2025-12-15 07:37:03 +0000  469 bytes for ./EXDevMenu.bundle/assets/_expo-dev-client-components/assets/extensions-filled-active-icon@2x.png
2025-12-15 07:37:03 +0000  copying file ./EXDevMenu.bundle/assets/_expo-dev-client-components/assets/three-finger-long-press-icon-light.png ... 
2025-12-15 07:37:03 +0000  415 bytes for ./EXDevMenu.bundle/assets/_expo-dev-client-components/assets/three-finger-long-press-icon-light.png
2025-12-15 07:37:03 +0000  copying file ./EXDevMenu.bundle/assets/_expo-dev-client-components/assets/show-menu-at-launch-icon-light.png ... 
2025-12-15 07:37:03 +0000  357 bytes for ./EXDevMenu.bundle/assets/_expo-dev-client-components/assets/show-menu-at-launch-icon-light.png
2025-12-15 07:37:03 +0000  copying file ./EXDevMenu.bundle/assets/_expo-dev-client-components/assets/x-icon-light.png ... 
2025-12-15 07:37:03 +0000  257 bytes for ./EXDevMenu.bundle/assets/_expo-dev-client-components/assets/x-icon-light.png
2025-12-15 07:37:03 +0000  copying file ./EXDevMenu.bundle/assets/_expo-dev-client-components/assets/user-icon.png ... 
2025-12-15 07:37:03 +0000  356 bytes for ./EXDevMenu.bundle/assets/_expo-dev-client-components/assets/user-icon.png
2025-12-15 07:37:03 +0000  copying file ./EXDevMenu.bundle/assets/_expo-dev-client-components/assets/x-icon.png ... 
2025-12-15 07:37:03 +0000  253 bytes for ./EXDevMenu.bundle/assets/_expo-dev-client-components/assets/x-icon.png
2025-12-15 07:37:03 +0000  copying file ./EXDevMenu.bundle/assets/_expo-dev-client-components/assets/home-filled-active-icon.png ... 
2025-12-15 07:37:03 +0000  339 bytes for ./EXDevMenu.bundle/assets/_expo-dev-client-components/assets/home-filled-active-icon.png
2025-12-15 07:37:03 +0000  copying file ./EXDevMenu.bundle/assets/_expo-dev-client-components/assets/debug-icon@3x.png ... 
2025-12-15 07:37:03 +0000  667 bytes for ./EXDevMenu.bundle/assets/_expo-dev-client-components/assets/debug-icon@3x.png
2025-12-15 07:37:03 +0000  copying file ./EXDevMenu.bundle/assets/_expo-dev-client-components/assets/inspect-element-icon@2x.png ... 
2025-12-15 07:37:03 +0000  423 bytes for ./EXDevMenu.bundle/assets/_expo-dev-client-components/assets/inspect-element-icon@2x.png
2025-12-15 07:37:03 +0000  copying file ./EXDevMenu.bundle/assets/_expo-dev-client-components/assets/home-filled-inactive-icon-light.png ... 
2025-12-15 07:37:03 +0000  334 bytes for ./EXDevMenu.bundle/assets/_expo-dev-client-components/assets/home-filled-inactive-icon-light.png
2025-12-15 07:37:03 +0000  copying file ./EXDevMenu.bundle/assets/_expo-dev-client-components/assets/terminal-icon@3x.png ... 
2025-12-15 07:37:03 +0000  961 bytes for ./EXDevMenu.bundle/assets/_expo-dev-client-components/assets/terminal-icon@3x.png
2025-12-15 07:37:03 +0000  copying file ./EXDevMenu.bundle/assets/_expo-dev-client-components/assets/performance-icon.png ... 
2025-12-15 07:37:03 +0000  532 bytes for ./EXDevMenu.bundle/assets/_expo-dev-client-components/assets/performance-icon.png
2025-12-15 07:37:03 +0000  copying file ./EXDevMenu.bundle/assets/_expo-dev-client-components/assets/three-finger-long-press-icon-light@2x.png ... 
2025-12-15 07:37:03 +0000  563 bytes for ./EXDevMenu.bundle/assets/_expo-dev-client-components/assets/three-finger-long-press-icon-light@2x.png
2025-12-15 07:37:03 +0000  copying file ./EXDevMenu.bundle/assets/_expo-dev-client-components/assets/extensions-filled-active-icon-light@3x.png ... 
2025-12-15 07:37:03 +0000  642 bytes for ./EXDevMenu.bundle/assets/_expo-dev-client-components/assets/extensions-filled-active-icon-light@3x.png
2025-12-15 07:37:03 +0000  copying file ./EXDevMenu.bundle/assets/_expo-dev-client-components/assets/settings-filled-inactive-icon-light.png ... 
2025-12-15 07:37:03 +0000  537 bytes for ./EXDevMenu.bundle/assets/_expo-dev-client-components/assets/settings-filled-inactive-icon-light.png
2025-12-15 07:37:03 +0000  copying file ./EXDevMenu.bundle/assets/_expo-dev-client-components/assets/show-menu-at-launch-icon-light@2x.png ... 
2025-12-15 07:37:03 +0000  518 bytes for ./EXDevMenu.bundle/assets/_expo-dev-client-components/assets/show-menu-at-launch-icon-light@2x.png
2025-12-15 07:37:03 +0000  copying file ./EXDevMenu.bundle/assets/_expo-dev-client-components/assets/clipboard-icon@3x.png ... 
2025-12-15 07:37:03 +0000  809 bytes for ./EXDevMenu.bundle/assets/_expo-dev-client-components/assets/clipboard-icon@3x.png
2025-12-15 07:37:03 +0000  copying file ./EXDevMenu.bundle/assets/_expo-dev-client-components/assets/settings-filled-active-icon.png ... 
2025-12-15 07:37:03 +0000  542 bytes for ./EXDevMenu.bundle/assets/_expo-dev-client-components/assets/settings-filled-active-icon.png
2025-12-15 07:37:03 +0000  copying file ./EXDevMenu.bundle/assets/_expo-dev-client-components/assets/loading-indicator-icon@2x.png ... 
2025-12-15 07:37:03 +0000  1757 bytes for ./EXDevMenu.bundle/assets/_expo-dev-client-components/assets/loading-indicator-icon@2x.png
2025-12-15 07:37:03 +0000  copying file ./EXDevMenu.bundle/assets/_expo-dev-client-components/assets/shake-device-icon.png ... 
2025-12-15 07:37:03 +0000  844 bytes for ./EXDevMenu.bundle/assets/_expo-dev-client-components/assets/shake-device-icon.png
2025-12-15 07:37:03 +0000  copying file ./EXDevMenu.bundle/assets/_expo-dev-client-components/assets/settings-filled-active-icon-light@2x.png ... 
2025-12-15 07:37:03 +0000  1066 bytes for ./EXDevMenu.bundle/assets/_expo-dev-client-components/assets/settings-filled-active-icon-light@2x.png
2025-12-15 07:37:03 +0000  copying file ./EXDevMenu.bundle/assets/_expo-dev-client-components/assets/x-icon@2x.png ... 
2025-12-15 07:37:03 +0000  464 bytes for ./EXDevMenu.bundle/assets/_expo-dev-client-components/assets/x-icon@2x.png
2025-12-15 07:37:03 +0000  copying file ./EXDevMenu.bundle/assets/_expo-dev-client-components/assets/update-icon@2x.png ... 
2025-12-15 07:37:03 +0000  477 bytes for ./EXDevMenu.bundle/assets/_expo-dev-client-components/assets/update-icon@2x.png
2025-12-15 07:37:03 +0000  copying file ./EXDevMenu.bundle/assets/_expo-dev-client-components/assets/settings-filled-active-icon@3x.png ... 
2025-12-15 07:37:03 +0000  1406 bytes for ./EXDevMenu.bundle/assets/_expo-dev-client-components/assets/settings-filled-active-icon@3x.png
2025-12-15 07:37:03 +0000  copying file ./EXDevMenu.bundle/assets/_expo-dev-client-components/assets/building-icon@3x.png ... 
2025-12-15 07:37:03 +0000  398 bytes for ./EXDevMenu.bundle/assets/_expo-dev-client-components/assets/building-icon@3x.png
2025-12-15 07:37:03 +0000  copying file ./EXDevMenu.bundle/assets/_expo-dev-client-components/assets/run-icon@2x.png ... 
2025-12-15 07:37:03 +0000  994 bytes for ./EXDevMenu.bundle/assets/_expo-dev-client-components/assets/run-icon@2x.png
2025-12-15 07:37:03 +0000  copying file ./EXDevMenu.bundle/assets/_expo-dev-client-components/assets/extensions-filled-inactive-icon@3x.png ... 
2025-12-15 07:37:03 +0000  617 bytes for ./EXDevMenu.bundle/assets/_expo-dev-client-components/assets/extensions-filled-inactive-icon@3x.png
2025-12-15 07:37:03 +0000  copying file ./EXDevMenu.bundle/assets/_expo-dev-client-components/assets/run-icon.png ... 
2025-12-15 07:37:03 +0000  594 bytes for ./EXDevMenu.bundle/assets/_expo-dev-client-components/assets/run-icon.png
2025-12-15 07:37:03 +0000  copying file ./EXDevMenu.bundle/assets/_expo-dev-client-components/assets/clipboard-icon.png ... 
2025-12-15 07:37:03 +0000  405 bytes for ./EXDevMenu.bundle/assets/_expo-dev-client-components/assets/clipboard-icon.png
2025-12-15 07:37:03 +0000  copying file ./EXDevMenu.bundle/assets/_expo-dev-client-components/assets/extensions-filled-inactive-icon@2x.png ... 
2025-12-15 07:37:03 +0000  465 bytes for ./EXDevMenu.bundle/assets/_expo-dev-client-components/assets/extensions-filled-inactive-icon@2x.png
2025-12-15 07:37:03 +0000  copying file ./EXDevMenu.bundle/assets/_expo-dev-client-components/assets/run-icon@3x.png ... 
2025-12-15 07:37:03 +0000  1332 bytes for ./EXDevMenu.bundle/assets/_expo-dev-client-components/assets/run-icon@3x.png
2025-12-15 07:37:03 +0000  copying file ./EXDevMenu.bundle/assets/_expo-dev-client-components/assets/building-icon@2x.png ... 
2025-12-15 07:37:03 +0000  306 bytes for ./EXDevMenu.bundle/assets/_expo-dev-client-components/assets/building-icon@2x.png
2025-12-15 07:37:03 +0000  copying file ./EXDevMenu.bundle/assets/_expo-dev-client-components/assets/settings-filled-active-icon@2x.png ... 
2025-12-15 07:37:03 +0000  1057 bytes for ./EXDevMenu.bundle/assets/_expo-dev-client-components/assets/settings-filled-active-icon@2x.png
2025-12-15 07:37:03 +0000  copying file ./EXDevMenu.bundle/assets/_expo-dev-client-components/assets/warning-triangle-icon-light.png ... 
2025-12-15 07:37:03 +0000  365 bytes for ./EXDevMenu.bundle/assets/_expo-dev-client-components/assets/warning-triangle-icon-light.png
2025-12-15 07:37:03 +0000  copying file ./EXDevMenu.bundle/assets/_expo-dev-client-components/assets/update-icon-light.png ... 
2025-12-15 07:37:03 +0000  359 bytes for ./EXDevMenu.bundle/assets/_expo-dev-client-components/assets/update-icon-light.png
2025-12-15 07:37:03 +0000  copying file ./EXDevMenu.bundle/assets/_expo-dev-client-components/assets/update-icon@3x.png ... 
2025-12-15 07:37:03 +0000  602 bytes for ./EXDevMenu.bundle/assets/_expo-dev-client-components/assets/update-icon@3x.png
2025-12-15 07:37:03 +0000  copying file ./EXDevMenu.bundle/assets/_expo-dev-client-components/assets/x-icon@3x.png ... 
2025-12-15 07:37:03 +0000  600 bytes for ./EXDevMenu.bundle/assets/_expo-dev-client-components/assets/x-icon@3x.png
2025-12-15 07:37:03 +0000  copying file ./EXDevMenu.bundle/assets/_expo-dev-client-components/assets/settings-filled-active-icon-light@3x.png ... 
2025-12-15 07:37:03 +0000  1406 bytes for ./EXDevMenu.bundle/assets/_expo-dev-client-components/assets/settings-filled-active-icon-light@3x.png
2025-12-15 07:37:03 +0000  copying file ./EXDevMenu.bundle/assets/_expo-dev-client-components/assets/loading-indicator-icon@3x.png ... 
2025-12-15 07:37:03 +0000  2623 bytes for ./EXDevMenu.bundle/assets/_expo-dev-client-components/assets/loading-indicator-icon@3x.png
2025-12-15 07:37:03 +0000  copying file ./EXDevMenu.bundle/assets/_expo-dev-client-components/assets/clipboard-icon@2x.png ... 
2025-12-15 07:37:03 +0000  629 bytes for ./EXDevMenu.bundle/assets/_expo-dev-client-components/assets/clipboard-icon@2x.png
2025-12-15 07:37:03 +0000  copying file ./EXDevMenu.bundle/assets/_expo-dev-client-components/assets/show-menu-at-launch-icon-light@3x.png ... 
2025-12-15 07:37:03 +0000  717 bytes for ./EXDevMenu.bundle/assets/_expo-dev-client-components/assets/show-menu-at-launch-icon-light@3x.png
2025-12-15 07:37:03 +0000  copying file ./EXDevMenu.bundle/assets/_expo-dev-client-components/assets/extensions-filled-active-icon-light@2x.png ... 
2025-12-15 07:37:03 +0000  488 bytes for ./EXDevMenu.bundle/assets/_expo-dev-client-components/assets/extensions-filled-active-icon-light@2x.png
2025-12-15 07:37:03 +0000  copying file ./EXDevMenu.bundle/assets/_expo-dev-client-components/assets/three-finger-long-press-icon-light@3x.png ... 
2025-12-15 07:37:03 +0000  814 bytes for ./EXDevMenu.bundle/assets/_expo-dev-client-components/assets/three-finger-long-press-icon-light@3x.png
2025-12-15 07:37:03 +0000  copying file ./EXDevMenu.bundle/assets/_expo-dev-client-components/assets/terminal-icon@2x.png ... 
2025-12-15 07:37:03 +0000  668 bytes for ./EXDevMenu.bundle/assets/_expo-dev-client-components/assets/terminal-icon@2x.png
2025-12-15 07:37:03 +0000  copying file ./EXDevMenu.bundle/assets/_expo-dev-client-components/assets/inspect-element-icon@3x.png ... 
2025-12-15 07:37:03 +0000  344 bytes for ./EXDevMenu.bundle/assets/_expo-dev-client-components/assets/inspect-element-icon@3x.png
2025-12-15 07:37:03 +0000  copying file ./EXDevMenu.bundle/assets/_expo-dev-client-components/assets/debug-icon@2x.png ... 
2025-12-15 07:37:03 +0000  618 bytes for ./EXDevMenu.bundle/assets/_expo-dev-client-components/assets/debug-icon@2x.png
2025-12-15 07:37:03 +0000  copying file ./EXDevMenu.bundle/assets/_expo-dev-client-components/assets/warning-triangle-icon@2x.png ... 
2025-12-15 07:37:03 +0000  604 bytes for ./EXDevMenu.bundle/assets/_expo-dev-client-components/assets/warning-triangle-icon@2x.png
2025-12-15 07:37:03 +0000  copying file ./EXDevMenu.bundle/assets/_expo-dev-client-components/assets/three-finger-long-press-icon@2x.png ... 
2025-12-15 07:37:03 +0000  560 bytes for ./EXDevMenu.bundle/assets/_expo-dev-client-components/assets/three-finger-long-press-icon@2x.png
2025-12-15 07:37:03 +0000  copying file ./EXDevMenu.bundle/assets/_expo-dev-client-components/assets/check-icon-light@3x.png ... 
2025-12-15 07:37:03 +0000  564 bytes for ./EXDevMenu.bundle/assets/_expo-dev-client-components/assets/check-icon-light@3x.png
2025-12-15 07:37:03 +0000  copying file ./EXDevMenu.bundle/assets/_expo-dev-client-components/assets/user-icon-light@2x.png ... 
2025-12-15 07:37:03 +0000  1042 bytes for ./EXDevMenu.bundle/assets/_expo-dev-client-components/assets/user-icon-light@2x.png
2025-12-15 07:37:03 +0000  copying file ./EXDevMenu.bundle/assets/_expo-dev-client-components/assets/extensions-icon@2x.png ... 
2025-12-15 07:37:03 +0000  820 bytes for ./EXDevMenu.bundle/assets/_expo-dev-client-components/assets/extensions-icon@2x.png
2025-12-15 07:37:03 +0000  copying file ./EXDevMenu.bundle/assets/_expo-dev-client-components/assets/update-icon.png ... 
2025-12-15 07:37:03 +0000  334 bytes for ./EXDevMenu.bundle/assets/_expo-dev-client-components/assets/update-icon.png
2025-12-15 07:37:03 +0000  copying file ./EXDevMenu.bundle/assets/_expo-dev-client-components/assets/shake-device-icon@2x.png ... 
2025-12-15 07:37:03 +0000  1708 bytes for ./EXDevMenu.bundle/assets/_expo-dev-client-components/assets/shake-device-icon@2x.png
2025-12-15 07:37:03 +0000  copying file ./EXDevMenu.bundle/assets/_expo-dev-client-components/assets/show-menu-at-launch-icon.png ... 
2025-12-15 07:37:03 +0000  364 bytes for ./EXDevMenu.bundle/assets/_expo-dev-client-components/assets/show-menu-at-launch-icon.png
2025-12-15 07:37:03 +0000  copying file ./EXDevMenu.bundle/assets/_expo-dev-client-components/assets/update-icon-light@3x.png ... 
2025-12-15 07:37:03 +0000  649 bytes for ./EXDevMenu.bundle/assets/_expo-dev-client-components/assets/update-icon-light@3x.png
2025-12-15 07:37:03 +0000  copying file ./EXDevMenu.bundle/assets/_expo-dev-client-components/assets/check-icon@2x.png ... 
2025-12-15 07:37:03 +0000  423 bytes for ./EXDevMenu.bundle/assets/_expo-dev-client-components/assets/check-icon@2x.png
2025-12-15 07:37:03 +0000  copying file ./EXDevMenu.bundle/assets/_expo-dev-client-components/assets/chevron-right-icon@3x.png ... 
2025-12-15 07:37:03 +0000  406 bytes for ./EXDevMenu.bundle/assets/_expo-dev-client-components/assets/chevron-right-icon@3x.png
2025-12-15 07:37:03 +0000  copying file ./EXDevMenu.bundle/assets/_expo-dev-client-components/assets/show-menu-at-launch-icon@3x.png ... 
2025-12-15 07:37:03 +0000  713 bytes for ./EXDevMenu.bundle/assets/_expo-dev-client-components/assets/show-menu-at-launch-icon@3x.png
2025-12-15 07:37:03 +0000  copying file ./EXDevMenu.bundle/assets/_expo-dev-client-components/assets/toolbar-overlay-icon@3x.png ... 
2025-12-15 07:37:03 +0000  767 bytes for ./EXDevMenu.bundle/assets/_expo-dev-client-components/assets/toolbar-overlay-icon@3x.png
2025-12-15 07:37:03 +0000  copying file ./EXDevMenu.bundle/assets/_expo-dev-client-components/assets/branch-icon-light@3x.png ... 
2025-12-15 07:37:03 +0000  1301 bytes for ./EXDevMenu.bundle/assets/_expo-dev-client-components/assets/branch-icon-light@3x.png
2025-12-15 07:37:03 +0000  copying file ./EXDevMenu.bundle/assets/_expo-dev-client-components/assets/extensions-filled-active-icon.png ... 
2025-12-15 07:37:03 +0000  309 bytes for ./EXDevMenu.bundle/assets/_expo-dev-client-components/assets/extensions-filled-active-icon.png
2025-12-15 07:37:03 +0000  copying file ./EXDevMenu.bundle/assets/_expo-dev-client-components/assets/info-icon@2x.png ... 
2025-12-15 07:37:03 +0000  925 bytes for ./EXDevMenu.bundle/assets/_expo-dev-client-components/assets/info-icon@2x.png
2025-12-15 07:37:03 +0000  copying file ./EXDevMenu.bundle/assets/_expo-dev-client-components/assets/branch-icon@3x.png ... 
2025-12-15 07:37:03 +0000  1321 bytes for ./EXDevMenu.bundle/assets/_expo-dev-client-components/assets/branch-icon@3x.png
2025-12-15 07:37:03 +0000  copying file ./EXDevMenu.bundle/assets/_expo-dev-client-components/assets/home-filled-active-icon-light@3x.png ... 
2025-12-15 07:37:03 +0000  586 bytes for ./EXDevMenu.bundle/assets/_expo-dev-client-components/assets/home-filled-active-icon-light@3x.png
2025-12-15 07:37:03 +0000  copying file ./EXDevMenu.bundle/assets/_expo-dev-client-components/assets/warning-triangle-icon-light@3x.png ... 
2025-12-15 07:37:03 +0000  860 bytes for ./EXDevMenu.bundle/assets/_expo-dev-client-components/assets/warning-triangle-icon-light@3x.png
2025-12-15 07:37:03 +0000  copying file ./EXDevMenu.bundle/assets/_expo-dev-client-components/assets/user-icon-light.png ... 
2025-12-15 07:37:03 +0000  545 bytes for ./EXDevMenu.bundle/assets/_expo-dev-client-components/assets/user-icon-light.png
2025-12-15 07:37:03 +0000  copying file ./EXDevMenu.bundle/assets/_expo-dev-client-components/assets/branch-icon@2x.png ... 
2025-12-15 07:37:03 +0000  1085 bytes for ./EXDevMenu.bundle/assets/_expo-dev-client-components/assets/branch-icon@2x.png
2025-12-15 07:37:03 +0000  copying file ./EXDevMenu.bundle/assets/_expo-dev-client-components/assets/home-filled-active-icon-light@2x.png ... 
2025-12-15 07:37:03 +0000  484 bytes for ./EXDevMenu.bundle/assets/_expo-dev-client-components/assets/home-filled-active-icon-light@2x.png
2025-12-15 07:37:03 +0000  copying file ./EXDevMenu.bundle/assets/_expo-dev-client-components/assets/warning-triangle-icon-light@2x.png ... 
2025-12-15 07:37:03 +0000  600 bytes for ./EXDevMenu.bundle/assets/_expo-dev-client-components/assets/warning-triangle-icon-light@2x.png
2025-12-15 07:37:03 +0000  copying file ./EXDevMenu.bundle/assets/_expo-dev-client-components/assets/extensions-icon.png ... 
2025-12-15 07:37:03 +0000  495 bytes for ./EXDevMenu.bundle/assets/_expo-dev-client-components/assets/extensions-icon.png
2025-12-15 07:37:03 +0000  copying file ./EXDevMenu.bundle/assets/_expo-dev-client-components/assets/info-icon@3x.png ... 
2025-12-15 07:37:03 +0000  1404 bytes for ./EXDevMenu.bundle/assets/_expo-dev-client-components/assets/info-icon@3x.png
2025-12-15 07:37:03 +0000  copying file ./EXDevMenu.bundle/assets/_expo-dev-client-components/assets/toolbar-overlay-icon@2x.png ... 
2025-12-15 07:37:03 +0000  549 bytes for ./EXDevMenu.bundle/assets/_expo-dev-client-components/assets/toolbar-overlay-icon@2x.png
2025-12-15 07:37:03 +0000  copying file ./EXDevMenu.bundle/assets/_expo-dev-client-components/assets/branch-icon-light@2x.png ... 
2025-12-15 07:37:03 +0000  1026 bytes for ./EXDevMenu.bundle/assets/_expo-dev-client-components/assets/branch-icon-light@2x.png
2025-12-15 07:37:03 +0000  copying file ./EXDevMenu.bundle/assets/_expo-dev-client-components/assets/show-menu-at-launch-icon@2x.png ... 
2025-12-15 07:37:03 +0000  520 bytes for ./EXDevMenu.bundle/assets/_expo-dev-client-components/assets/show-menu-at-launch-icon@2x.png
2025-12-15 07:37:03 +0000  copying file ./EXDevMenu.bundle/assets/_expo-dev-client-components/assets/chevron-right-icon@2x.png ... 
2025-12-15 07:37:03 +0000  361 bytes for ./EXDevMenu.bundle/assets/_expo-dev-client-components/assets/chevron-right-icon@2x.png
2025-12-15 07:37:03 +0000  copying file ./EXDevMenu.bundle/assets/_expo-dev-client-components/assets/update-icon-light@2x.png ... 
2025-12-15 07:37:03 +0000  538 bytes for ./EXDevMenu.bundle/assets/_expo-dev-client-components/assets/update-icon-light@2x.png
2025-12-15 07:37:03 +0000  copying file ./EXDevMenu.bundle/assets/_expo-dev-client-components/assets/check-icon@3x.png ... 
2025-12-15 07:37:03 +0000  558 bytes for ./EXDevMenu.bundle/assets/_expo-dev-client-components/assets/check-icon@3x.png
2025-12-15 07:37:03 +0000  copying file ./EXDevMenu.bundle/assets/_expo-dev-client-components/assets/shake-device-icon@3x.png ... 
2025-12-15 07:37:03 +0000  2616 bytes for ./EXDevMenu.bundle/assets/_expo-dev-client-components/assets/shake-device-icon@3x.png
2025-12-15 07:37:03 +0000  copying file ./EXDevMenu.bundle/assets/_expo-dev-client-components/assets/check-icon.png ... 
2025-12-15 07:37:03 +0000  303 bytes for ./EXDevMenu.bundle/assets/_expo-dev-client-components/assets/check-icon.png
2025-12-15 07:37:03 +0000  copying file ./EXDevMenu.bundle/assets/_expo-dev-client-components/assets/extensions-icon@3x.png ... 
2025-12-15 07:37:03 +0000  1239 bytes for ./EXDevMenu.bundle/assets/_expo-dev-client-components/assets/extensions-icon@3x.png
2025-12-15 07:37:03 +0000  copying file ./EXDevMenu.bundle/assets/_expo-dev-client-components/assets/user-icon-light@3x.png ... 
2025-12-15 07:37:03 +0000  1461 bytes for ./EXDevMenu.bundle/assets/_expo-dev-client-components/assets/user-icon-light@3x.png
2025-12-15 07:37:03 +0000  copying file ./EXDevMenu.bundle/assets/_expo-dev-client-components/assets/check-icon-light@2x.png ... 
2025-12-15 07:37:03 +0000  407 bytes for ./EXDevMenu.bundle/assets/_expo-dev-client-components/assets/check-icon-light@2x.png
2025-12-15 07:37:03 +0000  copying file ./EXDevMenu.bundle/assets/_expo-dev-client-components/assets/three-finger-long-press-icon@3x.png ... 
2025-12-15 07:37:03 +0000  827 bytes for ./EXDevMenu.bundle/assets/_expo-dev-client-components/assets/three-finger-long-press-icon@3x.png
2025-12-15 07:37:03 +0000  copying file ./EXDevMenu.bundle/assets/_expo-dev-client-components/assets/warning-triangle-icon@3x.png ... 
2025-12-15 07:37:03 +0000  810 bytes for ./EXDevMenu.bundle/assets/_expo-dev-client-components/assets/warning-triangle-icon@3x.png
2025-12-15 07:37:03 +0000  copying file ./EXDevMenu.bundle/assets/_expo-dev-client-components/assets/refresh-icon@3x.png ... 
2025-12-15 07:37:03 +0000  1217 bytes for ./EXDevMenu.bundle/assets/_expo-dev-client-components/assets/refresh-icon@3x.png
2025-12-15 07:37:03 +0000  copying file ./EXDevMenu.bundle/assets/_expo-dev-client-components/assets/extensions-filled-inactive-icon-light@3x.png ... 
2025-12-15 07:37:03 +0000  638 bytes for ./EXDevMenu.bundle/assets/_expo-dev-client-components/assets/extensions-filled-inactive-icon-light@3x.png
2025-12-15 07:37:03 +0000  copying file ./EXDevMenu.bundle/assets/_expo-dev-client-components/assets/home-filled-inactive-icon.png ... 
2025-12-15 07:37:03 +0000  339 bytes for ./EXDevMenu.bundle/assets/_expo-dev-client-components/assets/home-filled-inactive-icon.png
2025-12-15 07:37:03 +0000  copying file ./EXDevMenu.bundle/assets/_expo-dev-client-components/assets/chevron-right-icon.png ... 
2025-12-15 07:37:03 +0000  273 bytes for ./EXDevMenu.bundle/assets/_expo-dev-client-components/assets/chevron-right-icon.png
2025-12-15 07:37:03 +0000  copying file ./EXDevMenu.bundle/assets/_expo-dev-client-components/assets/question-mark-icon@2x.png ... 
2025-12-15 07:37:03 +0000  497 bytes for ./EXDevMenu.bundle/assets/_expo-dev-client-components/assets/question-mark-icon@2x.png
2025-12-15 07:37:03 +0000  copying file ./EXDevMenu.bundle/assets/_expo-dev-client-components/assets/extensions-icon-light.png ... 
2025-12-15 07:37:03 +0000  512 bytes for ./EXDevMenu.bundle/assets/_expo-dev-client-components/assets/extensions-icon-light.png
2025-12-15 07:37:03 +0000  copying file ./EXDevMenu.bundle/assets/_expo-dev-client-components/assets/extensions-filled-inactive-icon-light.png ... 
2025-12-15 07:37:03 +0000  307 bytes for ./EXDevMenu.bundle/assets/_expo-dev-client-components/assets/extensions-filled-inactive-icon-light.png
2025-12-15 07:37:03 +0000  copying file ./EXDevMenu.bundle/assets/_expo-dev-client-components/assets/home-filled-active-icon@2x.png ... 
2025-12-15 07:37:03 +0000  492 bytes for ./EXDevMenu.bundle/assets/_expo-dev-client-components/assets/home-filled-active-icon@2x.png
2025-12-15 07:37:03 +0000  copying file ./EXDevMenu.bundle/assets/_expo-dev-client-components/assets/shake-device-icon-light.png ... 
2025-12-15 07:37:03 +0000  779 bytes for ./EXDevMenu.bundle/assets/_expo-dev-client-components/assets/shake-device-icon-light.png
2025-12-15 07:37:03 +0000  copying file ./EXDevMenu.bundle/assets/_expo-dev-client-components/assets/user-icon@2x.png ... 
2025-12-15 07:37:03 +0000  624 bytes for ./EXDevMenu.bundle/assets/_expo-dev-client-components/assets/user-icon@2x.png
2025-12-15 07:37:03 +0000  copying file ./EXDevMenu.bundle/assets/_expo-dev-client-components/assets/refresh-icon.png ... 
2025-12-15 07:37:03 +0000  517 bytes for ./EXDevMenu.bundle/assets/_expo-dev-client-components/assets/refresh-icon.png
2025-12-15 07:37:03 +0000  copying file ./EXDevMenu.bundle/assets/_expo-dev-client-components/assets/question-mark-icon.png ... 
2025-12-15 07:37:03 +0000  297 bytes for ./EXDevMenu.bundle/assets/_expo-dev-client-components/assets/question-mark-icon.png
2025-12-15 07:37:03 +0000  copying file ./EXDevMenu.bundle/assets/_expo-dev-client-components/assets/user-icon@3x.png ... 
2025-12-15 07:37:03 +0000  878 bytes for ./EXDevMenu.bundle/assets/_expo-dev-client-components/assets/user-icon@3x.png
2025-12-15 07:37:03 +0000  copying file ./EXDevMenu.bundle/assets/_expo-dev-client-components/assets/debug-icon.png ... 
2025-12-15 07:37:03 +0000  474 bytes for ./EXDevMenu.bundle/assets/_expo-dev-client-components/assets/debug-icon.png
2025-12-15 07:37:03 +0000  copying file ./EXDevMenu.bundle/assets/_expo-dev-client-components/assets/loading-indicator-icon.png ... 
2025-12-15 07:37:03 +0000  854 bytes for ./EXDevMenu.bundle/assets/_expo-dev-client-components/assets/loading-indicator-icon.png
2025-12-15 07:37:03 +0000  copying file ./EXDevMenu.bundle/assets/_expo-dev-client-components/assets/home-filled-active-icon@3x.png ... 
2025-12-15 07:37:03 +0000  589 bytes for ./EXDevMenu.bundle/assets/_expo-dev-client-components/assets/home-filled-active-icon@3x.png
2025-12-15 07:37:03 +0000  copying file ./EXDevMenu.bundle/assets/_expo-dev-client-components/assets/extensions-filled-active-icon-light.png ... 
2025-12-15 07:37:03 +0000  313 bytes for ./EXDevMenu.bundle/assets/_expo-dev-client-components/assets/extensions-filled-active-icon-light.png
2025-12-15 07:37:03 +0000  copying file ./EXDevMenu.bundle/assets/_expo-dev-client-components/assets/extensions-filled-inactive-icon.png ... 
2025-12-15 07:37:03 +0000  302 bytes for ./EXDevMenu.bundle/assets/_expo-dev-client-components/assets/extensions-filled-inactive-icon.png
2025-12-15 07:37:03 +0000  copying file ./EXDevMenu.bundle/assets/_expo-dev-client-components/assets/info-icon.png ... 
2025-12-15 07:37:03 +0000  512 bytes for ./EXDevMenu.bundle/assets/_expo-dev-client-components/assets/info-icon.png
2025-12-15 07:37:03 +0000  copying file ./EXDevMenu.bundle/assets/_expo-dev-client-components/assets/question-mark-icon@3x.png ... 
2025-12-15 07:37:03 +0000  689 bytes for ./EXDevMenu.bundle/assets/_expo-dev-client-components/assets/question-mark-icon@3x.png
2025-12-15 07:37:03 +0000  copying file ./EXDevMenu.bundle/assets/_expo-dev-client-components/assets/extensions-filled-inactive-icon-light@2x.png ... 
2025-12-15 07:37:03 +0000  463 bytes for ./EXDevMenu.bundle/assets/_expo-dev-client-components/assets/extensions-filled-inactive-icon-light@2x.png
2025-12-15 07:37:03 +0000  copying file ./EXDevMenu.bundle/assets/_expo-dev-client-components/assets/refresh-icon@2x.png ... 
2025-12-15 07:37:03 +0000  871 bytes for ./EXDevMenu.bundle/assets/_expo-dev-client-components/assets/refresh-icon@2x.png
2025-12-15 07:37:03 +0000  copying file ./EXDevMenu.bundle/Info.plist ... 
2025-12-15 07:37:03 +0000  763 bytes for ./EXDevMenu.bundle/Info.plist
2025-12-15 07:37:03 +0000  copying file ./Info.plist ... 
2025-12-15 07:37:03 +0000  3936 bytes for ./Info.plist
2025-12-15 07:37:03 +0000  copying file ./FirebaseABTesting_Privacy.bundle/PrivacyInfo.xcprivacy ... 
2025-12-15 07:37:03 +0000  478 bytes for ./FirebaseABTesting_Privacy.bundle/PrivacyInfo.xcprivacy
2025-12-15 07:37:03 +0000  copying file ./FirebaseABTesting_Privacy.bundle/Info.plist ... 
2025-12-15 07:37:03 +0000  797 bytes for ./FirebaseABTesting_Privacy.bundle/Info.plist
2025-12-15 07:37:03 +0000  copying file ./Expo.plist ... 
2025-12-15 07:37:03 +0000  221 bytes for ./Expo.plist
2025-12-15 07:37:03 +0000  copying file ./RNCAsyncStorage_resources.bundle/PrivacyInfo.xcprivacy ... 
2025-12-15 07:37:03 +0000  512 bytes for ./RNCAsyncStorage_resources.bundle/PrivacyInfo.xcprivacy
2025-12-15 07:37:03 +0000  copying file ./RNCAsyncStorage_resources.bundle/Info.plist ... 
2025-12-15 07:37:03 +0000  796 bytes for ./RNCAsyncStorage_resources.bundle/Info.plist
2025-12-15 07:37:03 +0000  copying file ./PkgInfo ... 
2025-12-15 07:37:03 +0000  8 bytes for ./PkgInfo
2025-12-15 07:37:03 +0000  copying file ./React-Core_privacy.bundle/PrivacyInfo.xcprivacy ... 
2025-12-15 07:37:03 +0000  768 bytes for ./React-Core_privacy.bundle/PrivacyInfo.xcprivacy
2025-12-15 07:37:03 +0000  copying file ./React-Core_privacy.bundle/Info.plist ... 
2025-12-15 07:37:03 +0000  783 bytes for ./React-Core_privacy.bundle/Info.plist
2025-12-15 07:37:03 +0000  copying file ./Promises_Privacy.bundle/PrivacyInfo.xcprivacy ... 
2025-12-15 07:37:03 +0000  373 bytes for ./Promises_Privacy.bundle/PrivacyInfo.xcprivacy
2025-12-15 07:37:03 +0000  copying file ./Promises_Privacy.bundle/Info.plist ... 
2025-12-15 07:37:03 +0000  777 bytes for ./Promises_Privacy.bundle/Info.plist
2025-12-15 07:37:03 +0000  /usr/bin/ditto exited with 0
2025-12-15 07:37:03 +0000  Processing step: IDEDistributionEmbedProfileStep
2025-12-15 07:37:03 +0000  Skipping profile for item: <IDEDistributionItem: 0xbb23f87e0; bundleID='com.onesignal.OneSignalCore', path='<DVTFilePath:0xb2228db20:'/Users/daliu_kt/Library/Developer/Xcode/Archives/2025-12-15/KaitoYaps 2025-12-15, 15.33.xcarchive/Products/Applications/KaitoYaps.app/Frameworks/OneSignalCore.framework'>', codeSigningInfo='<_DVTCodeSigningInformation_Path: 0xb7b25d320; isSigned='1', isAdHocSigned='0', signingCertificate='<DVTSigningCertificate: 0xbb0257e40; name='Apple Development: Weizhen Liu (92ZYJ235CY)', hash='1B80A1C033215B30374C325C71679855C6C57F7A', serialNumber='1BB178DE3D42360369907A4E98723873', certificateKinds='(
    "1.2.840.113635.100.6.1.12",
    "1.2.840.113635.100.6.1.2"
), issueDate='2025-08-21 07:50:43 +0000''>', entitlements='(null)', teamID='358UF6MCG5', identifier='com.onesignal.OneSignalCore', executablePath='<DVTFilePath:0xbaf72aac0:'/Users/daliu_kt/Library/Developer/Xcode/Archives/2025-12-15/KaitoYaps 2025-12-15, 15.33.xcarchive/Products/Applications/KaitoYaps.app/Frameworks/OneSignalCore.framework/OneSignalCore'>', hardenedRuntime='0'>'>
2025-12-15 07:37:03 +0000  Skipping profile for item: <IDEDistributionItem: 0xb7b25cfc0; bundleID='com.onesignal.OneSignalExtension', path='<DVTFilePath:0xb2228d960:'/Users/daliu_kt/Library/Developer/Xcode/Archives/2025-12-15/KaitoYaps 2025-12-15, 15.33.xcarchive/Products/Applications/KaitoYaps.app/Frameworks/OneSignalExtension.framework'>', codeSigningInfo='<_DVTCodeSigningInformation_Path: 0xbb23f8c00; isSigned='1', isAdHocSigned='0', signingCertificate='<DVTSigningCertificate: 0xbb0257e40; name='Apple Development: Weizhen Liu (92ZYJ235CY)', hash='1B80A1C033215B30374C325C71679855C6C57F7A', serialNumber='1BB178DE3D42360369907A4E98723873', certificateKinds='(
    "1.2.840.113635.100.6.1.12",
    "1.2.840.113635.100.6.1.2"
), issueDate='2025-08-21 07:50:43 +0000''>', entitlements='(null)', teamID='358UF6MCG5', identifier='com.onesignal.OneSignalExtension', executablePath='<DVTFilePath:0xb2228d8f0:'/Users/daliu_kt/Library/Developer/Xcode/Archives/2025-12-15/KaitoYaps 2025-12-15, 15.33.xcarchive/Products/Applications/KaitoYaps.app/Frameworks/OneSignalExtension.framework/OneSignalExtension'>', hardenedRuntime='0'>'>
2025-12-15 07:37:03 +0000  Skipping profile for item: <IDEDistributionItem: 0xbb23f85a0; bundleID='com.onesignal.OneSignal-Dynamic', path='<DVTFilePath:0xb2228d810:'/Users/daliu_kt/Library/Developer/Xcode/Archives/2025-12-15/KaitoYaps 2025-12-15, 15.33.xcarchive/Products/Applications/KaitoYaps.app/Frameworks/OneSignalFramework.framework'>', codeSigningInfo='<_DVTCodeSigningInformation_Path: 0xb92b10180; isSigned='1', isAdHocSigned='0', signingCertificate='<DVTSigningCertificate: 0xbb0257e40; name='Apple Development: Weizhen Liu (92ZYJ235CY)', hash='1B80A1C033215B30374C325C71679855C6C57F7A', serialNumber='1BB178DE3D42360369907A4E98723873', certificateKinds='(
    "1.2.840.113635.100.6.1.12",
    "1.2.840.113635.100.6.1.2"
), issueDate='2025-08-21 07:50:43 +0000''>', entitlements='(null)', teamID='358UF6MCG5', identifier='com.onesignal.OneSignal-Dynamic', executablePath='<DVTFilePath:0xb2228d7a0:'/Users/daliu_kt/Library/Developer/Xcode/Archives/2025-12-15/KaitoYaps 2025-12-15, 15.33.xcarchive/Products/Applications/KaitoYaps.app/Frameworks/OneSignalFramework.framework/OneSignalFramework'>', hardenedRuntime='0'>'>
2025-12-15 07:37:03 +0000  Skipping profile for item: <IDEDistributionItem: 0xb7b25cb40; bundleID='com.onesignal.OneSignalInAppMessages', path='<DVTFilePath:0xbb012c180:'/Users/daliu_kt/Library/Developer/Xcode/Archives/2025-12-15/KaitoYaps 2025-12-15, 15.33.xcarchive/Products/Applications/KaitoYaps.app/Frameworks/OneSignalInAppMessages.framework'>', codeSigningInfo='<_DVTCodeSigningInformation_Path: 0xbb23f90e0; isSigned='1', isAdHocSigned='0', signingCertificate='<DVTSigningCertificate: 0xbb0257e40; name='Apple Development: Weizhen Liu (92ZYJ235CY)', hash='1B80A1C033215B30374C325C71679855C6C57F7A', serialNumber='1BB178DE3D42360369907A4E98723873', certificateKinds='(
    "1.2.840.113635.100.6.1.12",
    "1.2.840.113635.100.6.1.2"
), issueDate='2025-08-21 07:50:43 +0000''>', entitlements='(null)', teamID='358UF6MCG5', identifier='com.onesignal.OneSignalInAppMessages', executablePath='<DVTFilePath:0xb2228d6c0:'/Users/daliu_kt/Library/Developer/Xcode/Archives/2025-12-15/KaitoYaps 2025-12-15, 15.33.xcarchive/Products/Applications/KaitoYaps.app/Frameworks/OneSignalInAppMessages.framework/OneSignalInAppMessages'>', hardenedRuntime='0'>'>
2025-12-15 07:37:03 +0000  Skipping profile for item: <IDEDistributionItem: 0xb7d7baee0; bundleID='com.onesignal.OneSignalLiveActivities', path='<DVTFilePath:0xbb012c100:'/Users/daliu_kt/Library/Developer/Xcode/Archives/2025-12-15/KaitoYaps 2025-12-15, 15.33.xcarchive/Products/Applications/KaitoYaps.app/Frameworks/OneSignalLiveActivities.framework'>', codeSigningInfo='<_DVTCodeSigningInformation_Path: 0xbb23f8720; isSigned='1', isAdHocSigned='0', signingCertificate='<DVTSigningCertificate: 0xbb0257e40; name='Apple Development: Weizhen Liu (92ZYJ235CY)', hash='1B80A1C033215B30374C325C71679855C6C57F7A', serialNumber='1BB178DE3D42360369907A4E98723873', certificateKinds='(
    "1.2.840.113635.100.6.1.12",
    "1.2.840.113635.100.6.1.2"
), issueDate='2025-08-21 07:50:43 +0000''>', entitlements='(null)', teamID='358UF6MCG5', identifier='com.onesignal.OneSignalLiveActivities', executablePath='<DVTFilePath:0xb2228d650:'/Users/daliu_kt/Library/Developer/Xcode/Archives/2025-12-15/KaitoYaps 2025-12-15, 15.33.xcarchive/Products/Applications/KaitoYaps.app/Frameworks/OneSignalLiveActivities.framework/OneSignalLiveActivities'>', hardenedRuntime='0'>'>
2025-12-15 07:37:03 +0000  Skipping profile for item: <IDEDistributionItem: 0xb7d7b9500; bundleID='com.onesignal.OneSignalLocation', path='<DVTFilePath:0xb2228d500:'/Users/daliu_kt/Library/Developer/Xcode/Archives/2025-12-15/KaitoYaps 2025-12-15, 15.33.xcarchive/Products/Applications/KaitoYaps.app/Frameworks/OneSignalLocation.framework'>', codeSigningInfo='<_DVTCodeSigningInformation_Path: 0xbb238c900; isSigned='1', isAdHocSigned='0', signingCertificate='<DVTSigningCertificate: 0xbb0257e40; name='Apple Development: Weizhen Liu (92ZYJ235CY)', hash='1B80A1C033215B30374C325C71679855C6C57F7A', serialNumber='1BB178DE3D42360369907A4E98723873', certificateKinds='(
    "1.2.840.113635.100.6.1.12",
    "1.2.840.113635.100.6.1.2"
), issueDate='2025-08-21 07:50:43 +0000''>', entitlements='(null)', teamID='358UF6MCG5', identifier='com.onesignal.OneSignalLocation', executablePath='<DVTFilePath:0xb2228d490:'/Users/daliu_kt/Library/Developer/Xcode/Archives/2025-12-15/KaitoYaps 2025-12-15, 15.33.xcarchive/Products/Applications/KaitoYaps.app/Frameworks/OneSignalLocation.framework/OneSignalLocation'>', hardenedRuntime='0'>'>
2025-12-15 07:37:03 +0000  Skipping profile for item: <IDEDistributionItem: 0xbb238c960; bundleID='com.onesignal.OneSignalNotifications', path='<DVTFilePath:0xbb012c000:'/Users/daliu_kt/Library/Developer/Xcode/Archives/2025-12-15/KaitoYaps 2025-12-15, 15.33.xcarchive/Products/Applications/KaitoYaps.app/Frameworks/OneSignalNotifications.framework'>', codeSigningInfo='<_DVTCodeSigningInformation_Path: 0xb7d7b9920; isSigned='1', isAdHocSigned='0', signingCertificate='<DVTSigningCertificate: 0xbb0257e40; name='Apple Development: Weizhen Liu (92ZYJ235CY)', hash='1B80A1C033215B30374C325C71679855C6C57F7A', serialNumber='1BB178DE3D42360369907A4E98723873', certificateKinds='(
    "1.2.840.113635.100.6.1.12",
    "1.2.840.113635.100.6.1.2"
), issueDate='2025-08-21 07:50:43 +0000''>', entitlements='(null)', teamID='358UF6MCG5', identifier='com.onesignal.OneSignalNotifications', executablePath='<DVTFilePath:0xb2228d3b0:'/Users/daliu_kt/Library/Developer/Xcode/Archives/2025-12-15/KaitoYaps 2025-12-15, 15.33.xcarchive/Products/Applications/KaitoYaps.app/Frameworks/OneSignalNotifications.framework/OneSignalNotifications'>', hardenedRuntime='0'>'>
2025-12-15 07:37:03 +0000  Skipping profile for item: <IDEDistributionItem: 0xbb23f8a80; bundleID='com.onesignal.OneSignalOSCore', path='<DVTFilePath:0xb2228d260:'/Users/daliu_kt/Library/Developer/Xcode/Archives/2025-12-15/KaitoYaps 2025-12-15, 15.33.xcarchive/Products/Applications/KaitoYaps.app/Frameworks/OneSignalOSCore.framework'>', codeSigningInfo='<_DVTCodeSigningInformation_Path: 0xbb23f88a0; isSigned='1', isAdHocSigned='0', signingCertificate='<DVTSigningCertificate: 0xbb0257e40; name='Apple Development: Weizhen Liu (92ZYJ235CY)', hash='1B80A1C033215B30374C325C71679855C6C57F7A', serialNumber='1BB178DE3D42360369907A4E98723873', certificateKinds='(
    "1.2.840.113635.100.6.1.12",
    "1.2.840.113635.100.6.1.2"
), issueDate='2025-08-21 07:50:43 +0000''>', entitlements='(null)', teamID='358UF6MCG5', identifier='com.onesignal.OneSignalOSCore', executablePath='<DVTFilePath:0xbaf716a60:'/Users/daliu_kt/Library/Developer/Xcode/Archives/2025-12-15/KaitoYaps 2025-12-15, 15.33.xcarchive/Products/Applications/KaitoYaps.app/Frameworks/OneSignalOSCore.framework/OneSignalOSCore'>', hardenedRuntime='0'>'>
2025-12-15 07:37:03 +0000  Skipping profile for item: <IDEDistributionItem: 0xbb23f8f00; bundleID='com.onesignal.OneSignalOutcomes', path='<DVTFilePath:0xb2228d180:'/Users/daliu_kt/Library/Developer/Xcode/Archives/2025-12-15/KaitoYaps 2025-12-15, 15.33.xcarchive/Products/Applications/KaitoYaps.app/Frameworks/OneSignalOutcomes.framework'>', codeSigningInfo='<_DVTCodeSigningInformation_Path: 0xbb23f9140; isSigned='1', isAdHocSigned='0', signingCertificate='<DVTSigningCertificate: 0xbb0257e40; name='Apple Development: Weizhen Liu (92ZYJ235CY)', hash='1B80A1C033215B30374C325C71679855C6C57F7A', serialNumber='1BB178DE3D42360369907A4E98723873', certificateKinds='(
    "1.2.840.113635.100.6.1.12",
    "1.2.840.113635.100.6.1.2"
), issueDate='2025-08-21 07:50:43 +0000''>', entitlements='(null)', teamID='358UF6MCG5', identifier='com.onesignal.OneSignalOutcomes', executablePath='<DVTFilePath:0xb2228d110:'/Users/daliu_kt/Library/Developer/Xcode/Archives/2025-12-15/KaitoYaps 2025-12-15, 15.33.xcarchive/Products/Applications/KaitoYaps.app/Frameworks/OneSignalOutcomes.framework/OneSignalOutcomes'>', hardenedRuntime='0'>'>
2025-12-15 07:37:03 +0000  Skipping profile for item: <IDEDistributionItem: 0xbb2a03d20; bundleID='com.onesignal.OneSignalUser', path='<DVTFilePath:0xb2228d030:'/Users/daliu_kt/Library/Developer/Xcode/Archives/2025-12-15/KaitoYaps 2025-12-15, 15.33.xcarchive/Products/Applications/KaitoYaps.app/Frameworks/OneSignalUser.framework'>', codeSigningInfo='<_DVTCodeSigningInformation_Path: 0xbb23f8ae0; isSigned='1', isAdHocSigned='0', signingCertificate='<DVTSigningCertificate: 0xbb0257e40; name='Apple Development: Weizhen Liu (92ZYJ235CY)', hash='1B80A1C033215B30374C325C71679855C6C57F7A', serialNumber='1BB178DE3D42360369907A4E98723873', certificateKinds='(
    "1.2.840.113635.100.6.1.12",
    "1.2.840.113635.100.6.1.2"
), issueDate='2025-08-21 07:50:43 +0000''>', entitlements='(null)', teamID='358UF6MCG5', identifier='com.onesignal.OneSignalUser', executablePath='<DVTFilePath:0xbaf7162e0:'/Users/daliu_kt/Library/Developer/Xcode/Archives/2025-12-15/KaitoYaps 2025-12-15, 15.33.xcarchive/Products/Applications/KaitoYaps.app/Frameworks/OneSignalUser.framework/OneSignalUser'>', hardenedRuntime='0'>'>
2025-12-15 07:37:03 +0000  Skipping profile for item: <IDEDistributionItem: 0xbb23f8a20; bundleID='dev.hermesengine.iphoneos', path='<DVTFilePath:0xb2228dd50:'/Users/daliu_kt/Library/Developer/Xcode/Archives/2025-12-15/KaitoYaps 2025-12-15, 15.33.xcarchive/Products/Applications/KaitoYaps.app/Frameworks/hermes.framework'>', codeSigningInfo='<_DVTCodeSigningInformation_Path: 0xbb23f9260; isSigned='1', isAdHocSigned='0', signingCertificate='<DVTSigningCertificate: 0xbb0257e40; name='Apple Development: Weizhen Liu (92ZYJ235CY)', hash='1B80A1C033215B30374C325C71679855C6C57F7A', serialNumber='1BB178DE3D42360369907A4E98723873', certificateKinds='(
    "1.2.840.113635.100.6.1.12",
    "1.2.840.113635.100.6.1.2"
), issueDate='2025-08-21 07:50:43 +0000''>', entitlements='(null)', teamID='358UF6MCG5', identifier='dev.hermesengine.iphoneos', executablePath='<DVTFilePath:0xbaf72ae80:'/Users/daliu_kt/Library/Developer/Xcode/Archives/2025-12-15/KaitoYaps 2025-12-15, 15.33.xcarchive/Products/Applications/KaitoYaps.app/Frameworks/hermes.framework/hermes'>', hardenedRuntime='0'>'>
2025-12-15 07:37:03 +0000  Processing step: IDEDistributionInfoPlistStep
2025-12-15 07:37:03 +0000  Skipping step: IDEDistributionInfoPlistStep because it said so
2025-12-15 07:37:03 +0000  Skipping step: IDEDistributionInfoPlistStep because it said so
2025-12-15 07:37:03 +0000  Skipping step: IDEDistributionInfoPlistStep because it said so
2025-12-15 07:37:03 +0000  Skipping step: IDEDistributionInfoPlistStep because it said so
2025-12-15 07:37:03 +0000  Skipping step: IDEDistributionInfoPlistStep because it said so
2025-12-15 07:37:03 +0000  Skipping step: IDEDistributionInfoPlistStep because it said so
2025-12-15 07:37:03 +0000  Skipping step: IDEDistributionInfoPlistStep because it said so
2025-12-15 07:37:03 +0000  Skipping step: IDEDistributionInfoPlistStep because it said so
2025-12-15 07:37:03 +0000  Skipping step: IDEDistributionInfoPlistStep because it said so
2025-12-15 07:37:03 +0000  Skipping step: IDEDistributionInfoPlistStep because it said so
2025-12-15 07:37:03 +0000  Skipping step: IDEDistributionInfoPlistStep because it said so
2025-12-15 07:37:03 +0000  Skipping step: IDEDistributionInfoPlistStep because it said so
2025-12-15 07:37:03 +0000  Skipping step: IDEDistributionInfoPlistStep because it said so
2025-12-15 07:37:03 +0000  Processing step: IDEDistributionAppThinningPlistStep
2025-12-15 07:37:03 +0000  Skipping step: IDEDistributionAppThinningPlistStep because it said so
2025-12-15 07:37:03 +0000  Processing step: IDEDistributionSymbolsStep
2025-12-15 07:37:03 +0000  Skipping step: IDEDistributionSymbolsStep because it said so
2025-12-15 07:37:03 +0000  Processing step: IDEDistributionAppThinningStep
2025-12-15 07:37:03 +0000  Skipping step: IDEDistributionAppThinningStep because it said so
2025-12-15 07:37:03 +0000  Processing step: IDEDistributionArchThinningStep
2025-12-15 07:37:03 +0000  Archs to thin for item /Users/daliu_kt/Library/Developer/Xcode/Archives/2025-12-15/KaitoYaps 2025-12-15, 15.33.xcarchive/Products/Applications/KaitoYaps.app/Frameworks/OneSignalCore.framework are []
2025-12-15 07:37:03 +0000  Archs to thin for item /Users/daliu_kt/Library/Developer/Xcode/Archives/2025-12-15/KaitoYaps 2025-12-15, 15.33.xcarchive/Products/Applications/KaitoYaps.app/Frameworks/OneSignalExtension.framework are []
2025-12-15 07:37:03 +0000  Archs to thin for item /Users/daliu_kt/Library/Developer/Xcode/Archives/2025-12-15/KaitoYaps 2025-12-15, 15.33.xcarchive/Products/Applications/KaitoYaps.app/Frameworks/OneSignalFramework.framework are []
2025-12-15 07:37:03 +0000  Archs to thin for item /Users/daliu_kt/Library/Developer/Xcode/Archives/2025-12-15/KaitoYaps 2025-12-15, 15.33.xcarchive/Products/Applications/KaitoYaps.app/Frameworks/OneSignalInAppMessages.framework are []
2025-12-15 07:37:03 +0000  Archs to thin for item /Users/daliu_kt/Library/Developer/Xcode/Archives/2025-12-15/KaitoYaps 2025-12-15, 15.33.xcarchive/Products/Applications/KaitoYaps.app/Frameworks/OneSignalLiveActivities.framework are []
2025-12-15 07:37:03 +0000  Archs to thin for item /Users/daliu_kt/Library/Developer/Xcode/Archives/2025-12-15/KaitoYaps 2025-12-15, 15.33.xcarchive/Products/Applications/KaitoYaps.app/Frameworks/OneSignalLocation.framework are []
2025-12-15 07:37:03 +0000  Archs to thin for item /Users/daliu_kt/Library/Developer/Xcode/Archives/2025-12-15/KaitoYaps 2025-12-15, 15.33.xcarchive/Products/Applications/KaitoYaps.app/Frameworks/OneSignalNotifications.framework are []
2025-12-15 07:37:03 +0000  Archs to thin for item /Users/daliu_kt/Library/Developer/Xcode/Archives/2025-12-15/KaitoYaps 2025-12-15, 15.33.xcarchive/Products/Applications/KaitoYaps.app/Frameworks/OneSignalOSCore.framework are []
2025-12-15 07:37:03 +0000  Archs to thin for item /Users/daliu_kt/Library/Developer/Xcode/Archives/2025-12-15/KaitoYaps 2025-12-15, 15.33.xcarchive/Products/Applications/KaitoYaps.app/Frameworks/OneSignalOutcomes.framework are []
2025-12-15 07:37:03 +0000  Archs to thin for item /Users/daliu_kt/Library/Developer/Xcode/Archives/2025-12-15/KaitoYaps 2025-12-15, 15.33.xcarchive/Products/Applications/KaitoYaps.app/Frameworks/OneSignalUser.framework are []
2025-12-15 07:37:03 +0000  Archs to thin for item /Users/daliu_kt/Library/Developer/Xcode/Archives/2025-12-15/KaitoYaps 2025-12-15, 15.33.xcarchive/Products/Applications/KaitoYaps.app/Frameworks/hermes.framework are []
2025-12-15 07:37:03 +0000  Archs to thin for item /Users/daliu_kt/Library/Developer/Xcode/Archives/2025-12-15/KaitoYaps 2025-12-15, 15.33.xcarchive/Products/Applications/KaitoYaps.app/PlugIns/OneSignalNotificationServiceExtension.appex are []
2025-12-15 07:37:03 +0000  Archs to thin for item /Users/daliu_kt/Library/Developer/Xcode/Archives/2025-12-15/KaitoYaps 2025-12-15, 15.33.xcarchive/Products/Applications/KaitoYaps.app are []
2025-12-15 07:37:03 +0000  Processing step: IDEDistributionODRStep
2025-12-15 07:37:03 +0000  Processing step: IDEDistributionStripXattrsStep
2025-12-15 07:37:03 +0000  Skipping stripping extended attributes because the codesign step will strip them.
2025-12-15 07:37:03 +0000  Skipping stripping extended attributes because the codesign step will strip them.
2025-12-15 07:37:03 +0000  Skipping stripping extended attributes because the codesign step will strip them.
2025-12-15 07:37:03 +0000  Skipping stripping extended attributes because the codesign step will strip them.
2025-12-15 07:37:03 +0000  Skipping stripping extended attributes because the codesign step will strip them.
2025-12-15 07:37:03 +0000  Skipping stripping extended attributes because the codesign step will strip them.
2025-12-15 07:37:03 +0000  Skipping stripping extended attributes because the codesign step will strip them.
2025-12-15 07:37:03 +0000  Skipping stripping extended attributes because the codesign step will strip them.
2025-12-15 07:37:03 +0000  Skipping stripping extended attributes because the codesign step will strip them.
2025-12-15 07:37:03 +0000  Skipping stripping extended attributes because the codesign step will strip them.
2025-12-15 07:37:03 +0000  Skipping stripping extended attributes because the codesign step will strip them.
2025-12-15 07:37:03 +0000  Skipping stripping extended attributes because the codesign step will strip them.
2025-12-15 07:37:03 +0000  Skipping stripping extended attributes because the codesign step will strip them.
2025-12-15 07:37:03 +0000  Processing step: IDEDistributionCodesignStep
2025-12-15 07:37:03 +0000  Entitlements for <IDEDistributionItem: 0xbb23f87e0; bundleID='com.onesignal.OneSignalCore', path='<DVTFilePath:0xb2228db20:'/Users/daliu_kt/Library/Developer/Xcode/Archives/2025-12-15/KaitoYaps 2025-12-15, 15.33.xcarchive/Products/Applications/KaitoYaps.app/Frameworks/OneSignalCore.framework'>', codeSigningInfo='<_DVTCodeSigningInformation_Path: 0xb7b25d320; isSigned='1', isAdHocSigned='0', signingCertificate='<DVTSigningCertificate: 0xbb0257e40; name='Apple Development: Weizhen Liu (92ZYJ235CY)', hash='1B80A1C033215B30374C325C71679855C6C57F7A', serialNumber='1BB178DE3D42360369907A4E98723873', certificateKinds='(
    "1.2.840.113635.100.6.1.12",
    "1.2.840.113635.100.6.1.2"
), issueDate='2025-08-21 07:50:43 +0000''>', entitlements='(null)', teamID='358UF6MCG5', identifier='com.onesignal.OneSignalCore', executablePath='<DVTFilePath:0xbaf72aac0:'/Users/daliu_kt/Library/Developer/Xcode/Archives/2025-12-15/KaitoYaps 2025-12-15, 15.33.xcarchive/Products/Applications/KaitoYaps.app/Frameworks/OneSignalCore.framework/OneSignalCore'>', hardenedRuntime='0'>'>: {
}
2025-12-15 07:37:03 +0000  Associated App Clip Identifiers Filter: Skipping because "com.apple.developer.associated-appclip-app-identifiers" is not present
2025-12-15 07:37:03 +0000  Entitlements for <IDEDistributionItem: 0xbb23f87e0; bundleID='com.onesignal.OneSignalCore', path='<DVTFilePath:0xb2228db20:'/Users/daliu_kt/Library/Developer/Xcode/Archives/2025-12-15/KaitoYaps 2025-12-15, 15.33.xcarchive/Products/Applications/KaitoYaps.app/Frameworks/OneSignalCore.framework'>', codeSigningInfo='<_DVTCodeSigningInformation_Path: 0xb7b25d320; isSigned='1', isAdHocSigned='0', signingCertificate='<DVTSigningCertificate: 0xbb0257d80; name='Apple Development: Weizhen Liu (92ZYJ235CY)', hash='1B80A1C033215B30374C325C71679855C6C57F7A', serialNumber='1BB178DE3D42360369907A4E98723873', certificateKinds='(
    "1.2.840.113635.100.6.1.12",
    "1.2.840.113635.100.6.1.2"
), issueDate='2025-08-21 07:50:43 +0000''>', entitlements='(null)', teamID='358UF6MCG5', identifier='com.onesignal.OneSignalCore', executablePath='<DVTFilePath:0xbaf72aac0:'/Users/daliu_kt/Library/Developer/Xcode/Archives/2025-12-15/KaitoYaps 2025-12-15, 15.33.xcarchive/Products/Applications/KaitoYaps.app/Frameworks/OneSignalCore.framework/OneSignalCore'>', hardenedRuntime='0'>'> are: {
}
2025-12-15 07:37:03 +0000  Writing entitlements for <IDEDistributionItem: 0xbb23f87e0; bundleID='com.onesignal.OneSignalCore', path='<DVTFilePath:0xb2228db20:'/Users/daliu_kt/Library/Developer/Xcode/Archives/2025-12-15/KaitoYaps 2025-12-15, 15.33.xcarchive/Products/Applications/KaitoYaps.app/Frameworks/OneSignalCore.framework'>', codeSigningInfo='<_DVTCodeSigningInformation_Path: 0xb7b25d320; isSigned='1', isAdHocSigned='0', signingCertificate='<DVTSigningCertificate: 0xbb0257d80; name='Apple Development: Weizhen Liu (92ZYJ235CY)', hash='1B80A1C033215B30374C325C71679855C6C57F7A', serialNumber='1BB178DE3D42360369907A4E98723873', certificateKinds='(
    "1.2.840.113635.100.6.1.12",
    "1.2.840.113635.100.6.1.2"
), issueDate='2025-08-21 07:50:43 +0000''>', entitlements='(null)', teamID='358UF6MCG5', identifier='com.onesignal.OneSignalCore', executablePath='<DVTFilePath:0xbaf72aac0:'/Users/daliu_kt/Library/Developer/Xcode/Archives/2025-12-15/KaitoYaps 2025-12-15, 15.33.xcarchive/Products/Applications/KaitoYaps.app/Frameworks/OneSignalCore.framework/OneSignalCore'>', hardenedRuntime='0'>'> to: /var/folders/c8/_pmcyjjd4mgb5d0mwrt5f32c0000gn/T/XcodeDistPipeline.~~~PYZsIq/entitlements~~~omz2OE
2025-12-15 07:37:03 +0000  invoking codesign: <NSConcreteTask: 0xb72d98fa0; launchPath='/usr/bin/codesign', arguments='(
    "-f",
    "-s",
    1B80A1C033215B30374C325C71679855C6C57F7A,
    "--entitlements",
    "/var/folders/c8/_pmcyjjd4mgb5d0mwrt5f32c0000gn/T/XcodeDistPipeline.~~~PYZsIq/entitlements~~~omz2OE",
    "--preserve-metadata=identifier,flags,runtime,launch-constraints,library-constraints",
    "--generate-entitlement-der",
    "--strip-disallowed-xattrs",
    "-vvv",
    "/var/folders/c8/_pmcyjjd4mgb5d0mwrt5f32c0000gn/T/XcodeDistPipeline.~~~PYZsIq/Root/Payload/KaitoYaps.app/Frameworks/OneSignalCore.framework"
)'>
2025-12-15 07:37:04 +0000  codesign output: /var/folders/c8/_pmcyjjd4mgb5d0mwrt5f32c0000gn/T/XcodeDistPipeline.~~~PYZsIq/Root/Payload/KaitoYaps.app/Frameworks/OneSignalCore.framework: replacing existing signature
/var/folders/c8/_pmcyjjd4mgb5d0mwrt5f32c0000gn/T/XcodeDistPipeline.~~~PYZsIq/Root/Payload/KaitoYaps.app/Frameworks/OneSignalCore.framework: signed bundle with Mach-O thin (arm64) [com.onesignal.OneSignalCore]
2025-12-15 07:37:04 +0000  Entitlements for <IDEDistributionItem: 0xb7b25cfc0; bundleID='com.onesignal.OneSignalExtension', path='<DVTFilePath:0xb2228d960:'/Users/daliu_kt/Library/Developer/Xcode/Archives/2025-12-15/KaitoYaps 2025-12-15, 15.33.xcarchive/Products/Applications/KaitoYaps.app/Frameworks/OneSignalExtension.framework'>', codeSigningInfo='<_DVTCodeSigningInformation_Path: 0xbb23f8c00; isSigned='1', isAdHocSigned='0', signingCertificate='<DVTSigningCertificate: 0xbb0257e40; name='Apple Development: Weizhen Liu (92ZYJ235CY)', hash='1B80A1C033215B30374C325C71679855C6C57F7A', serialNumber='1BB178DE3D42360369907A4E98723873', certificateKinds='(
    "1.2.840.113635.100.6.1.12",
    "1.2.840.113635.100.6.1.2"
), issueDate='2025-08-21 07:50:43 +0000''>', entitlements='(null)', teamID='358UF6MCG5', identifier='com.onesignal.OneSignalExtension', executablePath='<DVTFilePath:0xb2228d8f0:'/Users/daliu_kt/Library/Developer/Xcode/Archives/2025-12-15/KaitoYaps 2025-12-15, 15.33.xcarchive/Products/Applications/KaitoYaps.app/Frameworks/OneSignalExtension.framework/OneSignalExtension'>', hardenedRuntime='0'>'>: {
}
2025-12-15 07:37:04 +0000  Associated App Clip Identifiers Filter: Skipping because "com.apple.developer.associated-appclip-app-identifiers" is not present
2025-12-15 07:37:04 +0000  Entitlements for <IDEDistributionItem: 0xb7b25cfc0; bundleID='com.onesignal.OneSignalExtension', path='<DVTFilePath:0xb2228d960:'/Users/daliu_kt/Library/Developer/Xcode/Archives/2025-12-15/KaitoYaps 2025-12-15, 15.33.xcarchive/Products/Applications/KaitoYaps.app/Frameworks/OneSignalExtension.framework'>', codeSigningInfo='<_DVTCodeSigningInformation_Path: 0xbb23f8c00; isSigned='1', isAdHocSigned='0', signingCertificate='<DVTSigningCertificate: 0xbb0257d80; name='Apple Development: Weizhen Liu (92ZYJ235CY)', hash='1B80A1C033215B30374C325C71679855C6C57F7A', serialNumber='1BB178DE3D42360369907A4E98723873', certificateKinds='(
    "1.2.840.113635.100.6.1.12",
    "1.2.840.113635.100.6.1.2"
), issueDate='2025-08-21 07:50:43 +0000''>', entitlements='(null)', teamID='358UF6MCG5', identifier='com.onesignal.OneSignalExtension', executablePath='<DVTFilePath:0xb2228d8f0:'/Users/daliu_kt/Library/Developer/Xcode/Archives/2025-12-15/KaitoYaps 2025-12-15, 15.33.xcarchive/Products/Applications/KaitoYaps.app/Frameworks/OneSignalExtension.framework/OneSignalExtension'>', hardenedRuntime='0'>'> are: {
}
2025-12-15 07:37:04 +0000  Writing entitlements for <IDEDistributionItem: 0xb7b25cfc0; bundleID='com.onesignal.OneSignalExtension', path='<DVTFilePath:0xb2228d960:'/Users/daliu_kt/Library/Developer/Xcode/Archives/2025-12-15/KaitoYaps 2025-12-15, 15.33.xcarchive/Products/Applications/KaitoYaps.app/Frameworks/OneSignalExtension.framework'>', codeSigningInfo='<_DVTCodeSigningInformation_Path: 0xbb23f8c00; isSigned='1', isAdHocSigned='0', signingCertificate='<DVTSigningCertificate: 0xbb0257d80; name='Apple Development: Weizhen Liu (92ZYJ235CY)', hash='1B80A1C033215B30374C325C71679855C6C57F7A', serialNumber='1BB178DE3D42360369907A4E98723873', certificateKinds='(
    "1.2.840.113635.100.6.1.12",
    "1.2.840.113635.100.6.1.2"
), issueDate='2025-08-21 07:50:43 +0000''>', entitlements='(null)', teamID='358UF6MCG5', identifier='com.onesignal.OneSignalExtension', executablePath='<DVTFilePath:0xb2228d8f0:'/Users/daliu_kt/Library/Developer/Xcode/Archives/2025-12-15/KaitoYaps 2025-12-15, 15.33.xcarchive/Products/Applications/KaitoYaps.app/Frameworks/OneSignalExtension.framework/OneSignalExtension'>', hardenedRuntime='0'>'> to: /var/folders/c8/_pmcyjjd4mgb5d0mwrt5f32c0000gn/T/XcodeDistPipeline.~~~PYZsIq/entitlements~~~FJjnFR
2025-12-15 07:37:04 +0000  invoking codesign: <NSConcreteTask: 0xb72d98fa0; launchPath='/usr/bin/codesign', arguments='(
    "-f",
    "-s",
    1B80A1C033215B30374C325C71679855C6C57F7A,
    "--entitlements",
    "/var/folders/c8/_pmcyjjd4mgb5d0mwrt5f32c0000gn/T/XcodeDistPipeline.~~~PYZsIq/entitlements~~~FJjnFR",
    "--preserve-metadata=identifier,flags,runtime,launch-constraints,library-constraints",
    "--generate-entitlement-der",
    "--strip-disallowed-xattrs",
    "-vvv",
    "/var/folders/c8/_pmcyjjd4mgb5d0mwrt5f32c0000gn/T/XcodeDistPipeline.~~~PYZsIq/Root/Payload/KaitoYaps.app/Frameworks/OneSignalExtension.framework"
)'>
2025-12-15 07:37:04 +0000  codesign output: /var/folders/c8/_pmcyjjd4mgb5d0mwrt5f32c0000gn/T/XcodeDistPipeline.~~~PYZsIq/Root/Payload/KaitoYaps.app/Frameworks/OneSignalExtension.framework: replacing existing signature
/var/folders/c8/_pmcyjjd4mgb5d0mwrt5f32c0000gn/T/XcodeDistPipeline.~~~PYZsIq/Root/Payload/KaitoYaps.app/Frameworks/OneSignalExtension.framework: signed bundle with Mach-O thin (arm64) [com.onesignal.OneSignalExtension]
2025-12-15 07:37:04 +0000  Entitlements for <IDEDistributionItem: 0xbb23f85a0; bundleID='com.onesignal.OneSignal-Dynamic', path='<DVTFilePath:0xb2228d810:'/Users/daliu_kt/Library/Developer/Xcode/Archives/2025-12-15/KaitoYaps 2025-12-15, 15.33.xcarchive/Products/Applications/KaitoYaps.app/Frameworks/OneSignalFramework.framework'>', codeSigningInfo='<_DVTCodeSigningInformation_Path: 0xb92b10180; isSigned='1', isAdHocSigned='0', signingCertificate='<DVTSigningCertificate: 0xbb0257e40; name='Apple Development: Weizhen Liu (92ZYJ235CY)', hash='1B80A1C033215B30374C325C71679855C6C57F7A', serialNumber='1BB178DE3D42360369907A4E98723873', certificateKinds='(
    "1.2.840.113635.100.6.1.12",
    "1.2.840.113635.100.6.1.2"
), issueDate='2025-08-21 07:50:43 +0000''>', entitlements='(null)', teamID='358UF6MCG5', identifier='com.onesignal.OneSignal-Dynamic', executablePath='<DVTFilePath:0xb2228d7a0:'/Users/daliu_kt/Library/Developer/Xcode/Archives/2025-12-15/KaitoYaps 2025-12-15, 15.33.xcarchive/Products/Applications/KaitoYaps.app/Frameworks/OneSignalFramework.framework/OneSignalFramework'>', hardenedRuntime='0'>'>: {
}
2025-12-15 07:37:04 +0000  Associated App Clip Identifiers Filter: Skipping because "com.apple.developer.associated-appclip-app-identifiers" is not present
2025-12-15 07:37:04 +0000  Entitlements for <IDEDistributionItem: 0xbb23f85a0; bundleID='com.onesignal.OneSignal-Dynamic', path='<DVTFilePath:0xb2228d810:'/Users/daliu_kt/Library/Developer/Xcode/Archives/2025-12-15/KaitoYaps 2025-12-15, 15.33.xcarchive/Products/Applications/KaitoYaps.app/Frameworks/OneSignalFramework.framework'>', codeSigningInfo='<_DVTCodeSigningInformation_Path: 0xb92b10180; isSigned='1', isAdHocSigned='0', signingCertificate='<DVTSigningCertificate: 0xbb0257d80; name='Apple Development: Weizhen Liu (92ZYJ235CY)', hash='1B80A1C033215B30374C325C71679855C6C57F7A', serialNumber='1BB178DE3D42360369907A4E98723873', certificateKinds='(
    "1.2.840.113635.100.6.1.12",
    "1.2.840.113635.100.6.1.2"
), issueDate='2025-08-21 07:50:43 +0000''>', entitlements='(null)', teamID='358UF6MCG5', identifier='com.onesignal.OneSignal-Dynamic', executablePath='<DVTFilePath:0xb2228d7a0:'/Users/daliu_kt/Library/Developer/Xcode/Archives/2025-12-15/KaitoYaps 2025-12-15, 15.33.xcarchive/Products/Applications/KaitoYaps.app/Frameworks/OneSignalFramework.framework/OneSignalFramework'>', hardenedRuntime='0'>'> are: {
}
2025-12-15 07:37:04 +0000  Writing entitlements for <IDEDistributionItem: 0xbb23f85a0; bundleID='com.onesignal.OneSignal-Dynamic', path='<DVTFilePath:0xb2228d810:'/Users/daliu_kt/Library/Developer/Xcode/Archives/2025-12-15/KaitoYaps 2025-12-15, 15.33.xcarchive/Products/Applications/KaitoYaps.app/Frameworks/OneSignalFramework.framework'>', codeSigningInfo='<_DVTCodeSigningInformation_Path: 0xb92b10180; isSigned='1', isAdHocSigned='0', signingCertificate='<DVTSigningCertificate: 0xbb0257d80; name='Apple Development: Weizhen Liu (92ZYJ235CY)', hash='1B80A1C033215B30374C325C71679855C6C57F7A', serialNumber='1BB178DE3D42360369907A4E98723873', certificateKinds='(
    "1.2.840.113635.100.6.1.12",
    "1.2.840.113635.100.6.1.2"
), issueDate='2025-08-21 07:50:43 +0000''>', entitlements='(null)', teamID='358UF6MCG5', identifier='com.onesignal.OneSignal-Dynamic', executablePath='<DVTFilePath:0xb2228d7a0:'/Users/daliu_kt/Library/Developer/Xcode/Archives/2025-12-15/KaitoYaps 2025-12-15, 15.33.xcarchive/Products/Applications/KaitoYaps.app/Frameworks/OneSignalFramework.framework/OneSignalFramework'>', hardenedRuntime='0'>'> to: /var/folders/c8/_pmcyjjd4mgb5d0mwrt5f32c0000gn/T/XcodeDistPipeline.~~~PYZsIq/entitlements~~~xCpWLg
2025-12-15 07:37:04 +0000  invoking codesign: <NSConcreteTask: 0xb72d98fa0; launchPath='/usr/bin/codesign', arguments='(
    "-f",
    "-s",
    1B80A1C033215B30374C325C71679855C6C57F7A,
    "--entitlements",
    "/var/folders/c8/_pmcyjjd4mgb5d0mwrt5f32c0000gn/T/XcodeDistPipeline.~~~PYZsIq/entitlements~~~xCpWLg",
    "--preserve-metadata=identifier,flags,runtime,launch-constraints,library-constraints",
    "--generate-entitlement-der",
    "--strip-disallowed-xattrs",
    "-vvv",
    "/var/folders/c8/_pmcyjjd4mgb5d0mwrt5f32c0000gn/T/XcodeDistPipeline.~~~PYZsIq/Root/Payload/KaitoYaps.app/Frameworks/OneSignalFramework.framework"
)'>
2025-12-15 07:37:04 +0000  codesign output: /var/folders/c8/_pmcyjjd4mgb5d0mwrt5f32c0000gn/T/XcodeDistPipeline.~~~PYZsIq/Root/Payload/KaitoYaps.app/Frameworks/OneSignalFramework.framework: replacing existing signature
/var/folders/c8/_pmcyjjd4mgb5d0mwrt5f32c0000gn/T/XcodeDistPipeline.~~~PYZsIq/Root/Payload/KaitoYaps.app/Frameworks/OneSignalFramework.framework: signed bundle with Mach-O thin (arm64) [com.onesignal.OneSignal-Dynamic]
2025-12-15 07:37:04 +0000  Entitlements for <IDEDistributionItem: 0xb7b25cb40; bundleID='com.onesignal.OneSignalInAppMessages', path='<DVTFilePath:0xbb012c180:'/Users/daliu_kt/Library/Developer/Xcode/Archives/2025-12-15/KaitoYaps 2025-12-15, 15.33.xcarchive/Products/Applications/KaitoYaps.app/Frameworks/OneSignalInAppMessages.framework'>', codeSigningInfo='<_DVTCodeSigningInformation_Path: 0xbb23f90e0; isSigned='1', isAdHocSigned='0', signingCertificate='<DVTSigningCertificate: 0xbb0257e40; name='Apple Development: Weizhen Liu (92ZYJ235CY)', hash='1B80A1C033215B30374C325C71679855C6C57F7A', serialNumber='1BB178DE3D42360369907A4E98723873', certificateKinds='(
    "1.2.840.113635.100.6.1.12",
    "1.2.840.113635.100.6.1.2"
), issueDate='2025-08-21 07:50:43 +0000''>', entitlements='(null)', teamID='358UF6MCG5', identifier='com.onesignal.OneSignalInAppMessages', executablePath='<DVTFilePath:0xb2228d6c0:'/Users/daliu_kt/Library/Developer/Xcode/Archives/2025-12-15/KaitoYaps 2025-12-15, 15.33.xcarchive/Products/Applications/KaitoYaps.app/Frameworks/OneSignalInAppMessages.framework/OneSignalInAppMessages'>', hardenedRuntime='0'>'>: {
}
2025-12-15 07:37:04 +0000  Associated App Clip Identifiers Filter: Skipping because "com.apple.developer.associated-appclip-app-identifiers" is not present
2025-12-15 07:37:04 +0000  Entitlements for <IDEDistributionItem: 0xb7b25cb40; bundleID='com.onesignal.OneSignalInAppMessages', path='<DVTFilePath:0xbb012c180:'/Users/daliu_kt/Library/Developer/Xcode/Archives/2025-12-15/KaitoYaps 2025-12-15, 15.33.xcarchive/Products/Applications/KaitoYaps.app/Frameworks/OneSignalInAppMessages.framework'>', codeSigningInfo='<_DVTCodeSigningInformation_Path: 0xbb23f90e0; isSigned='1', isAdHocSigned='0', signingCertificate='<DVTSigningCertificate: 0xbb0257d80; name='Apple Development: Weizhen Liu (92ZYJ235CY)', hash='1B80A1C033215B30374C325C71679855C6C57F7A', serialNumber='1BB178DE3D42360369907A4E98723873', certificateKinds='(
    "1.2.840.113635.100.6.1.12",
    "1.2.840.113635.100.6.1.2"
), issueDate='2025-08-21 07:50:43 +0000''>', entitlements='(null)', teamID='358UF6MCG5', identifier='com.onesignal.OneSignalInAppMessages', executablePath='<DVTFilePath:0xb2228d6c0:'/Users/daliu_kt/Library/Developer/Xcode/Archives/2025-12-15/KaitoYaps 2025-12-15, 15.33.xcarchive/Products/Applications/KaitoYaps.app/Frameworks/OneSignalInAppMessages.framework/OneSignalInAppMessages'>', hardenedRuntime='0'>'> are: {
}
2025-12-15 07:37:04 +0000  Writing entitlements for <IDEDistributionItem: 0xb7b25cb40; bundleID='com.onesignal.OneSignalInAppMessages', path='<DVTFilePath:0xbb012c180:'/Users/daliu_kt/Library/Developer/Xcode/Archives/2025-12-15/KaitoYaps 2025-12-15, 15.33.xcarchive/Products/Applications/KaitoYaps.app/Frameworks/OneSignalInAppMessages.framework'>', codeSigningInfo='<_DVTCodeSigningInformation_Path: 0xbb23f90e0; isSigned='1', isAdHocSigned='0', signingCertificate='<DVTSigningCertificate: 0xbb0257d80; name='Apple Development: Weizhen Liu (92ZYJ235CY)', hash='1B80A1C033215B30374C325C71679855C6C57F7A', serialNumber='1BB178DE3D42360369907A4E98723873', certificateKinds='(
    "1.2.840.113635.100.6.1.12",
    "1.2.840.113635.100.6.1.2"
), issueDate='2025-08-21 07:50:43 +0000''>', entitlements='(null)', teamID='358UF6MCG5', identifier='com.onesignal.OneSignalInAppMessages', executablePath='<DVTFilePath:0xb2228d6c0:'/Users/daliu_kt/Library/Developer/Xcode/Archives/2025-12-15/KaitoYaps 2025-12-15, 15.33.xcarchive/Products/Applications/KaitoYaps.app/Frameworks/OneSignalInAppMessages.framework/OneSignalInAppMessages'>', hardenedRuntime='0'>'> to: /var/folders/c8/_pmcyjjd4mgb5d0mwrt5f32c0000gn/T/XcodeDistPipeline.~~~PYZsIq/entitlements~~~2739iT
2025-12-15 07:37:04 +0000  invoking codesign: <NSConcreteTask: 0xb72d98fa0; launchPath='/usr/bin/codesign', arguments='(
    "-f",
    "-s",
    1B80A1C033215B30374C325C71679855C6C57F7A,
    "--entitlements",
    "/var/folders/c8/_pmcyjjd4mgb5d0mwrt5f32c0000gn/T/XcodeDistPipeline.~~~PYZsIq/entitlements~~~2739iT",
    "--preserve-metadata=identifier,flags,runtime,launch-constraints,library-constraints",
    "--generate-entitlement-der",
    "--strip-disallowed-xattrs",
    "-vvv",
    "/var/folders/c8/_pmcyjjd4mgb5d0mwrt5f32c0000gn/T/XcodeDistPipeline.~~~PYZsIq/Root/Payload/KaitoYaps.app/Frameworks/OneSignalInAppMessages.framework"
)'>
2025-12-15 07:37:04 +0000  codesign output: /var/folders/c8/_pmcyjjd4mgb5d0mwrt5f32c0000gn/T/XcodeDistPipeline.~~~PYZsIq/Root/Payload/KaitoYaps.app/Frameworks/OneSignalInAppMessages.framework: replacing existing signature
/var/folders/c8/_pmcyjjd4mgb5d0mwrt5f32c0000gn/T/XcodeDistPipeline.~~~PYZsIq/Root/Payload/KaitoYaps.app/Frameworks/OneSignalInAppMessages.framework: signed bundle with Mach-O thin (arm64) [com.onesignal.OneSignalInAppMessages]
2025-12-15 07:37:04 +0000  Entitlements for <IDEDistributionItem: 0xb7d7baee0; bundleID='com.onesignal.OneSignalLiveActivities', path='<DVTFilePath:0xbb012c100:'/Users/daliu_kt/Library/Developer/Xcode/Archives/2025-12-15/KaitoYaps 2025-12-15, 15.33.xcarchive/Products/Applications/KaitoYaps.app/Frameworks/OneSignalLiveActivities.framework'>', codeSigningInfo='<_DVTCodeSigningInformation_Path: 0xbb23f8720; isSigned='1', isAdHocSigned='0', signingCertificate='<DVTSigningCertificate: 0xbb0257e40; name='Apple Development: Weizhen Liu (92ZYJ235CY)', hash='1B80A1C033215B30374C325C71679855C6C57F7A', serialNumber='1BB178DE3D42360369907A4E98723873', certificateKinds='(
    "1.2.840.113635.100.6.1.12",
    "1.2.840.113635.100.6.1.2"
), issueDate='2025-08-21 07:50:43 +0000''>', entitlements='(null)', teamID='358UF6MCG5', identifier='com.onesignal.OneSignalLiveActivities', executablePath='<DVTFilePath:0xb2228d650:'/Users/daliu_kt/Library/Developer/Xcode/Archives/2025-12-15/KaitoYaps 2025-12-15, 15.33.xcarchive/Products/Applications/KaitoYaps.app/Frameworks/OneSignalLiveActivities.framework/OneSignalLiveActivities'>', hardenedRuntime='0'>'>: {
}
2025-12-15 07:37:04 +0000  Associated App Clip Identifiers Filter: Skipping because "com.apple.developer.associated-appclip-app-identifiers" is not present
2025-12-15 07:37:04 +0000  Entitlements for <IDEDistributionItem: 0xb7d7baee0; bundleID='com.onesignal.OneSignalLiveActivities', path='<DVTFilePath:0xbb012c100:'/Users/daliu_kt/Library/Developer/Xcode/Archives/2025-12-15/KaitoYaps 2025-12-15, 15.33.xcarchive/Products/Applications/KaitoYaps.app/Frameworks/OneSignalLiveActivities.framework'>', codeSigningInfo='<_DVTCodeSigningInformation_Path: 0xbb23f8720; isSigned='1', isAdHocSigned='0', signingCertificate='<DVTSigningCertificate: 0xbb0257d80; name='Apple Development: Weizhen Liu (92ZYJ235CY)', hash='1B80A1C033215B30374C325C71679855C6C57F7A', serialNumber='1BB178DE3D42360369907A4E98723873', certificateKinds='(
    "1.2.840.113635.100.6.1.12",
    "1.2.840.113635.100.6.1.2"
), issueDate='2025-08-21 07:50:43 +0000''>', entitlements='(null)', teamID='358UF6MCG5', identifier='com.onesignal.OneSignalLiveActivities', executablePath='<DVTFilePath:0xb2228d650:'/Users/daliu_kt/Library/Developer/Xcode/Archives/2025-12-15/KaitoYaps 2025-12-15, 15.33.xcarchive/Products/Applications/KaitoYaps.app/Frameworks/OneSignalLiveActivities.framework/OneSignalLiveActivities'>', hardenedRuntime='0'>'> are: {
}
2025-12-15 07:37:04 +0000  Writing entitlements for <IDEDistributionItem: 0xb7d7baee0; bundleID='com.onesignal.OneSignalLiveActivities', path='<DVTFilePath:0xbb012c100:'/Users/daliu_kt/Library/Developer/Xcode/Archives/2025-12-15/KaitoYaps 2025-12-15, 15.33.xcarchive/Products/Applications/KaitoYaps.app/Frameworks/OneSignalLiveActivities.framework'>', codeSigningInfo='<_DVTCodeSigningInformation_Path: 0xbb23f8720; isSigned='1', isAdHocSigned='0', signingCertificate='<DVTSigningCertificate: 0xbb0257d80; name='Apple Development: Weizhen Liu (92ZYJ235CY)', hash='1B80A1C033215B30374C325C71679855C6C57F7A', serialNumber='1BB178DE3D42360369907A4E98723873', certificateKinds='(
    "1.2.840.113635.100.6.1.12",
    "1.2.840.113635.100.6.1.2"
), issueDate='2025-08-21 07:50:43 +0000''>', entitlements='(null)', teamID='358UF6MCG5', identifier='com.onesignal.OneSignalLiveActivities', executablePath='<DVTFilePath:0xb2228d650:'/Users/daliu_kt/Library/Developer/Xcode/Archives/2025-12-15/KaitoYaps 2025-12-15, 15.33.xcarchive/Products/Applications/KaitoYaps.app/Frameworks/OneSignalLiveActivities.framework/OneSignalLiveActivities'>', hardenedRuntime='0'>'> to: /var/folders/c8/_pmcyjjd4mgb5d0mwrt5f32c0000gn/T/XcodeDistPipeline.~~~PYZsIq/entitlements~~~pm1z0M
2025-12-15 07:37:04 +0000  invoking codesign: <NSConcreteTask: 0xb72d98fa0; launchPath='/usr/bin/codesign', arguments='(
    "-f",
    "-s",
    1B80A1C033215B30374C325C71679855C6C57F7A,
    "--entitlements",
    "/var/folders/c8/_pmcyjjd4mgb5d0mwrt5f32c0000gn/T/XcodeDistPipeline.~~~PYZsIq/entitlements~~~pm1z0M",
    "--preserve-metadata=identifier,flags,runtime,launch-constraints,library-constraints",
    "--generate-entitlement-der",
    "--strip-disallowed-xattrs",
    "-vvv",
    "/var/folders/c8/_pmcyjjd4mgb5d0mwrt5f32c0000gn/T/XcodeDistPipeline.~~~PYZsIq/Root/Payload/KaitoYaps.app/Frameworks/OneSignalLiveActivities.framework"
)'>
2025-12-15 07:37:04 +0000  codesign output: /var/folders/c8/_pmcyjjd4mgb5d0mwrt5f32c0000gn/T/XcodeDistPipeline.~~~PYZsIq/Root/Payload/KaitoYaps.app/Frameworks/OneSignalLiveActivities.framework: replacing existing signature
/var/folders/c8/_pmcyjjd4mgb5d0mwrt5f32c0000gn/T/XcodeDistPipeline.~~~PYZsIq/Root/Payload/KaitoYaps.app/Frameworks/OneSignalLiveActivities.framework: signed bundle with Mach-O thin (arm64) [com.onesignal.OneSignalLiveActivities]
2025-12-15 07:37:04 +0000  Entitlements for <IDEDistributionItem: 0xb7d7b9500; bundleID='com.onesignal.OneSignalLocation', path='<DVTFilePath:0xb2228d500:'/Users/daliu_kt/Library/Developer/Xcode/Archives/2025-12-15/KaitoYaps 2025-12-15, 15.33.xcarchive/Products/Applications/KaitoYaps.app/Frameworks/OneSignalLocation.framework'>', codeSigningInfo='<_DVTCodeSigningInformation_Path: 0xbb238c900; isSigned='1', isAdHocSigned='0', signingCertificate='<DVTSigningCertificate: 0xbb0257e40; name='Apple Development: Weizhen Liu (92ZYJ235CY)', hash='1B80A1C033215B30374C325C71679855C6C57F7A', serialNumber='1BB178DE3D42360369907A4E98723873', certificateKinds='(
    "1.2.840.113635.100.6.1.12",
    "1.2.840.113635.100.6.1.2"
), issueDate='2025-08-21 07:50:43 +0000''>', entitlements='(null)', teamID='358UF6MCG5', identifier='com.onesignal.OneSignalLocation', executablePath='<DVTFilePath:0xb2228d490:'/Users/daliu_kt/Library/Developer/Xcode/Archives/2025-12-15/KaitoYaps 2025-12-15, 15.33.xcarchive/Products/Applications/KaitoYaps.app/Frameworks/OneSignalLocation.framework/OneSignalLocation'>', hardenedRuntime='0'>'>: {
}
2025-12-15 07:37:04 +0000  Associated App Clip Identifiers Filter: Skipping because "com.apple.developer.associated-appclip-app-identifiers" is not present
2025-12-15 07:37:04 +0000  Entitlements for <IDEDistributionItem: 0xb7d7b9500; bundleID='com.onesignal.OneSignalLocation', path='<DVTFilePath:0xb2228d500:'/Users/daliu_kt/Library/Developer/Xcode/Archives/2025-12-15/KaitoYaps 2025-12-15, 15.33.xcarchive/Products/Applications/KaitoYaps.app/Frameworks/OneSignalLocation.framework'>', codeSigningInfo='<_DVTCodeSigningInformation_Path: 0xbb238c900; isSigned='1', isAdHocSigned='0', signingCertificate='<DVTSigningCertificate: 0xbb0257d80; name='Apple Development: Weizhen Liu (92ZYJ235CY)', hash='1B80A1C033215B30374C325C71679855C6C57F7A', serialNumber='1BB178DE3D42360369907A4E98723873', certificateKinds='(
    "1.2.840.113635.100.6.1.12",
    "1.2.840.113635.100.6.1.2"
), issueDate='2025-08-21 07:50:43 +0000''>', entitlements='(null)', teamID='358UF6MCG5', identifier='com.onesignal.OneSignalLocation', executablePath='<DVTFilePath:0xb2228d490:'/Users/daliu_kt/Library/Developer/Xcode/Archives/2025-12-15/KaitoYaps 2025-12-15, 15.33.xcarchive/Products/Applications/KaitoYaps.app/Frameworks/OneSignalLocation.framework/OneSignalLocation'>', hardenedRuntime='0'>'> are: {
}
2025-12-15 07:37:04 +0000  Writing entitlements for <IDEDistributionItem: 0xb7d7b9500; bundleID='com.onesignal.OneSignalLocation', path='<DVTFilePath:0xb2228d500:'/Users/daliu_kt/Library/Developer/Xcode/Archives/2025-12-15/KaitoYaps 2025-12-15, 15.33.xcarchive/Products/Applications/KaitoYaps.app/Frameworks/OneSignalLocation.framework'>', codeSigningInfo='<_DVTCodeSigningInformation_Path: 0xbb238c900; isSigned='1', isAdHocSigned='0', signingCertificate='<DVTSigningCertificate: 0xbb0257d80; name='Apple Development: Weizhen Liu (92ZYJ235CY)', hash='1B80A1C033215B30374C325C71679855C6C57F7A', serialNumber='1BB178DE3D42360369907A4E98723873', certificateKinds='(
    "1.2.840.113635.100.6.1.12",
    "1.2.840.113635.100.6.1.2"
), issueDate='2025-08-21 07:50:43 +0000''>', entitlements='(null)', teamID='358UF6MCG5', identifier='com.onesignal.OneSignalLocation', executablePath='<DVTFilePath:0xb2228d490:'/Users/daliu_kt/Library/Developer/Xcode/Archives/2025-12-15/KaitoYaps 2025-12-15, 15.33.xcarchive/Products/Applications/KaitoYaps.app/Frameworks/OneSignalLocation.framework/OneSignalLocation'>', hardenedRuntime='0'>'> to: /var/folders/c8/_pmcyjjd4mgb5d0mwrt5f32c0000gn/T/XcodeDistPipeline.~~~PYZsIq/entitlements~~~e7pifK
2025-12-15 07:37:04 +0000  invoking codesign: <NSConcreteTask: 0xb72d98fa0; launchPath='/usr/bin/codesign', arguments='(
    "-f",
    "-s",
    1B80A1C033215B30374C325C71679855C6C57F7A,
    "--entitlements",
    "/var/folders/c8/_pmcyjjd4mgb5d0mwrt5f32c0000gn/T/XcodeDistPipeline.~~~PYZsIq/entitlements~~~e7pifK",
    "--preserve-metadata=identifier,flags,runtime,launch-constraints,library-constraints",
    "--generate-entitlement-der",
    "--strip-disallowed-xattrs",
    "-vvv",
    "/var/folders/c8/_pmcyjjd4mgb5d0mwrt5f32c0000gn/T/XcodeDistPipeline.~~~PYZsIq/Root/Payload/KaitoYaps.app/Frameworks/OneSignalLocation.framework"
)'>
2025-12-15 07:37:04 +0000  codesign output: /var/folders/c8/_pmcyjjd4mgb5d0mwrt5f32c0000gn/T/XcodeDistPipeline.~~~PYZsIq/Root/Payload/KaitoYaps.app/Frameworks/OneSignalLocation.framework: replacing existing signature
/var/folders/c8/_pmcyjjd4mgb5d0mwrt5f32c0000gn/T/XcodeDistPipeline.~~~PYZsIq/Root/Payload/KaitoYaps.app/Frameworks/OneSignalLocation.framework: signed bundle with Mach-O thin (arm64) [com.onesignal.OneSignalLocation]
2025-12-15 07:37:04 +0000  Entitlements for <IDEDistributionItem: 0xbb238c960; bundleID='com.onesignal.OneSignalNotifications', path='<DVTFilePath:0xbb012c000:'/Users/daliu_kt/Library/Developer/Xcode/Archives/2025-12-15/KaitoYaps 2025-12-15, 15.33.xcarchive/Products/Applications/KaitoYaps.app/Frameworks/OneSignalNotifications.framework'>', codeSigningInfo='<_DVTCodeSigningInformation_Path: 0xb7d7b9920; isSigned='1', isAdHocSigned='0', signingCertificate='<DVTSigningCertificate: 0xbb0257e40; name='Apple Development: Weizhen Liu (92ZYJ235CY)', hash='1B80A1C033215B30374C325C71679855C6C57F7A', serialNumber='1BB178DE3D42360369907A4E98723873', certificateKinds='(
    "1.2.840.113635.100.6.1.12",
    "1.2.840.113635.100.6.1.2"
), issueDate='2025-08-21 07:50:43 +0000''>', entitlements='(null)', teamID='358UF6MCG5', identifier='com.onesignal.OneSignalNotifications', executablePath='<DVTFilePath:0xb2228d3b0:'/Users/daliu_kt/Library/Developer/Xcode/Archives/2025-12-15/KaitoYaps 2025-12-15, 15.33.xcarchive/Products/Applications/KaitoYaps.app/Frameworks/OneSignalNotifications.framework/OneSignalNotifications'>', hardenedRuntime='0'>'>: {
}
2025-12-15 07:37:04 +0000  Associated App Clip Identifiers Filter: Skipping because "com.apple.developer.associated-appclip-app-identifiers" is not present
2025-12-15 07:37:04 +0000  Entitlements for <IDEDistributionItem: 0xbb238c960; bundleID='com.onesignal.OneSignalNotifications', path='<DVTFilePath:0xbb012c000:'/Users/daliu_kt/Library/Developer/Xcode/Archives/2025-12-15/KaitoYaps 2025-12-15, 15.33.xcarchive/Products/Applications/KaitoYaps.app/Frameworks/OneSignalNotifications.framework'>', codeSigningInfo='<_DVTCodeSigningInformation_Path: 0xb7d7b9920; isSigned='1', isAdHocSigned='0', signingCertificate='<DVTSigningCertificate: 0xbb0257d80; name='Apple Development: Weizhen Liu (92ZYJ235CY)', hash='1B80A1C033215B30374C325C71679855C6C57F7A', serialNumber='1BB178DE3D42360369907A4E98723873', certificateKinds='(
    "1.2.840.113635.100.6.1.12",
    "1.2.840.113635.100.6.1.2"
), issueDate='2025-08-21 07:50:43 +0000''>', entitlements='(null)', teamID='358UF6MCG5', identifier='com.onesignal.OneSignalNotifications', executablePath='<DVTFilePath:0xb2228d3b0:'/Users/daliu_kt/Library/Developer/Xcode/Archives/2025-12-15/KaitoYaps 2025-12-15, 15.33.xcarchive/Products/Applications/KaitoYaps.app/Frameworks/OneSignalNotifications.framework/OneSignalNotifications'>', hardenedRuntime='0'>'> are: {
}
2025-12-15 07:37:04 +0000  Writing entitlements for <IDEDistributionItem: 0xbb238c960; bundleID='com.onesignal.OneSignalNotifications', path='<DVTFilePath:0xbb012c000:'/Users/daliu_kt/Library/Developer/Xcode/Archives/2025-12-15/KaitoYaps 2025-12-15, 15.33.xcarchive/Products/Applications/KaitoYaps.app/Frameworks/OneSignalNotifications.framework'>', codeSigningInfo='<_DVTCodeSigningInformation_Path: 0xb7d7b9920; isSigned='1', isAdHocSigned='0', signingCertificate='<DVTSigningCertificate: 0xbb0257d80; name='Apple Development: Weizhen Liu (92ZYJ235CY)', hash='1B80A1C033215B30374C325C71679855C6C57F7A', serialNumber='1BB178DE3D42360369907A4E98723873', certificateKinds='(
    "1.2.840.113635.100.6.1.12",
    "1.2.840.113635.100.6.1.2"
), issueDate='2025-08-21 07:50:43 +0000''>', entitlements='(null)', teamID='358UF6MCG5', identifier='com.onesignal.OneSignalNotifications', executablePath='<DVTFilePath:0xb2228d3b0:'/Users/daliu_kt/Library/Developer/Xcode/Archives/2025-12-15/KaitoYaps 2025-12-15, 15.33.xcarchive/Products/Applications/KaitoYaps.app/Frameworks/OneSignalNotifications.framework/OneSignalNotifications'>', hardenedRuntime='0'>'> to: /var/folders/c8/_pmcyjjd4mgb5d0mwrt5f32c0000gn/T/XcodeDistPipeline.~~~PYZsIq/entitlements~~~VASqIC
2025-12-15 07:37:04 +0000  invoking codesign: <NSConcreteTask: 0xb72d98fa0; launchPath='/usr/bin/codesign', arguments='(
    "-f",
    "-s",
    1B80A1C033215B30374C325C71679855C6C57F7A,
    "--entitlements",
    "/var/folders/c8/_pmcyjjd4mgb5d0mwrt5f32c0000gn/T/XcodeDistPipeline.~~~PYZsIq/entitlements~~~VASqIC",
    "--preserve-metadata=identifier,flags,runtime,launch-constraints,library-constraints",
    "--generate-entitlement-der",
    "--strip-disallowed-xattrs",
    "-vvv",
    "/var/folders/c8/_pmcyjjd4mgb5d0mwrt5f32c0000gn/T/XcodeDistPipeline.~~~PYZsIq/Root/Payload/KaitoYaps.app/Frameworks/OneSignalNotifications.framework"
)'>
2025-12-15 07:37:04 +0000  codesign output: /var/folders/c8/_pmcyjjd4mgb5d0mwrt5f32c0000gn/T/XcodeDistPipeline.~~~PYZsIq/Root/Payload/KaitoYaps.app/Frameworks/OneSignalNotifications.framework: replacing existing signature
/var/folders/c8/_pmcyjjd4mgb5d0mwrt5f32c0000gn/T/XcodeDistPipeline.~~~PYZsIq/Root/Payload/KaitoYaps.app/Frameworks/OneSignalNotifications.framework: signed bundle with Mach-O thin (arm64) [com.onesignal.OneSignalNotifications]
2025-12-15 07:37:04 +0000  Entitlements for <IDEDistributionItem: 0xbb23f8a80; bundleID='com.onesignal.OneSignalOSCore', path='<DVTFilePath:0xb2228d260:'/Users/daliu_kt/Library/Developer/Xcode/Archives/2025-12-15/KaitoYaps 2025-12-15, 15.33.xcarchive/Products/Applications/KaitoYaps.app/Frameworks/OneSignalOSCore.framework'>', codeSigningInfo='<_DVTCodeSigningInformation_Path: 0xbb23f88a0; isSigned='1', isAdHocSigned='0', signingCertificate='<DVTSigningCertificate: 0xbb0257e40; name='Apple Development: Weizhen Liu (92ZYJ235CY)', hash='1B80A1C033215B30374C325C71679855C6C57F7A', serialNumber='1BB178DE3D42360369907A4E98723873', certificateKinds='(
    "1.2.840.113635.100.6.1.12",
    "1.2.840.113635.100.6.1.2"
), issueDate='2025-08-21 07:50:43 +0000''>', entitlements='(null)', teamID='358UF6MCG5', identifier='com.onesignal.OneSignalOSCore', executablePath='<DVTFilePath:0xbaf716a60:'/Users/daliu_kt/Library/Developer/Xcode/Archives/2025-12-15/KaitoYaps 2025-12-15, 15.33.xcarchive/Products/Applications/KaitoYaps.app/Frameworks/OneSignalOSCore.framework/OneSignalOSCore'>', hardenedRuntime='0'>'>: {
}
2025-12-15 07:37:04 +0000  Associated App Clip Identifiers Filter: Skipping because "com.apple.developer.associated-appclip-app-identifiers" is not present
2025-12-15 07:37:04 +0000  Entitlements for <IDEDistributionItem: 0xbb23f8a80; bundleID='com.onesignal.OneSignalOSCore', path='<DVTFilePath:0xb2228d260:'/Users/daliu_kt/Library/Developer/Xcode/Archives/2025-12-15/KaitoYaps 2025-12-15, 15.33.xcarchive/Products/Applications/KaitoYaps.app/Frameworks/OneSignalOSCore.framework'>', codeSigningInfo='<_DVTCodeSigningInformation_Path: 0xbb23f88a0; isSigned='1', isAdHocSigned='0', signingCertificate='<DVTSigningCertificate: 0xbb0257d80; name='Apple Development: Weizhen Liu (92ZYJ235CY)', hash='1B80A1C033215B30374C325C71679855C6C57F7A', serialNumber='1BB178DE3D42360369907A4E98723873', certificateKinds='(
    "1.2.840.113635.100.6.1.12",
    "1.2.840.113635.100.6.1.2"
), issueDate='2025-08-21 07:50:43 +0000''>', entitlements='(null)', teamID='358UF6MCG5', identifier='com.onesignal.OneSignalOSCore', executablePath='<DVTFilePath:0xbaf716a60:'/Users/daliu_kt/Library/Developer/Xcode/Archives/2025-12-15/KaitoYaps 2025-12-15, 15.33.xcarchive/Products/Applications/KaitoYaps.app/Frameworks/OneSignalOSCore.framework/OneSignalOSCore'>', hardenedRuntime='0'>'> are: {
}
2025-12-15 07:37:04 +0000  Writing entitlements for <IDEDistributionItem: 0xbb23f8a80; bundleID='com.onesignal.OneSignalOSCore', path='<DVTFilePath:0xb2228d260:'/Users/daliu_kt/Library/Developer/Xcode/Archives/2025-12-15/KaitoYaps 2025-12-15, 15.33.xcarchive/Products/Applications/KaitoYaps.app/Frameworks/OneSignalOSCore.framework'>', codeSigningInfo='<_DVTCodeSigningInformation_Path: 0xbb23f88a0; isSigned='1', isAdHocSigned='0', signingCertificate='<DVTSigningCertificate: 0xbb0257d80; name='Apple Development: Weizhen Liu (92ZYJ235CY)', hash='1B80A1C033215B30374C325C71679855C6C57F7A', serialNumber='1BB178DE3D42360369907A4E98723873', certificateKinds='(
    "1.2.840.113635.100.6.1.12",
    "1.2.840.113635.100.6.1.2"
), issueDate='2025-08-21 07:50:43 +0000''>', entitlements='(null)', teamID='358UF6MCG5', identifier='com.onesignal.OneSignalOSCore', executablePath='<DVTFilePath:0xbaf716a60:'/Users/daliu_kt/Library/Developer/Xcode/Archives/2025-12-15/KaitoYaps 2025-12-15, 15.33.xcarchive/Products/Applications/KaitoYaps.app/Frameworks/OneSignalOSCore.framework/OneSignalOSCore'>', hardenedRuntime='0'>'> to: /var/folders/c8/_pmcyjjd4mgb5d0mwrt5f32c0000gn/T/XcodeDistPipeline.~~~PYZsIq/entitlements~~~vxdGYC
2025-12-15 07:37:04 +0000  invoking codesign: <NSConcreteTask: 0xb72d98fa0; launchPath='/usr/bin/codesign', arguments='(
    "-f",
    "-s",
    1B80A1C033215B30374C325C71679855C6C57F7A,
    "--entitlements",
    "/var/folders/c8/_pmcyjjd4mgb5d0mwrt5f32c0000gn/T/XcodeDistPipeline.~~~PYZsIq/entitlements~~~vxdGYC",
    "--preserve-metadata=identifier,flags,runtime,launch-constraints,library-constraints",
    "--generate-entitlement-der",
    "--strip-disallowed-xattrs",
    "-vvv",
    "/var/folders/c8/_pmcyjjd4mgb5d0mwrt5f32c0000gn/T/XcodeDistPipeline.~~~PYZsIq/Root/Payload/KaitoYaps.app/Frameworks/OneSignalOSCore.framework"
)'>
2025-12-15 07:37:04 +0000  codesign output: /var/folders/c8/_pmcyjjd4mgb5d0mwrt5f32c0000gn/T/XcodeDistPipeline.~~~PYZsIq/Root/Payload/KaitoYaps.app/Frameworks/OneSignalOSCore.framework: replacing existing signature
/var/folders/c8/_pmcyjjd4mgb5d0mwrt5f32c0000gn/T/XcodeDistPipeline.~~~PYZsIq/Root/Payload/KaitoYaps.app/Frameworks/OneSignalOSCore.framework: signed bundle with Mach-O thin (arm64) [com.onesignal.OneSignalOSCore]
2025-12-15 07:37:04 +0000  Entitlements for <IDEDistributionItem: 0xbb23f8f00; bundleID='com.onesignal.OneSignalOutcomes', path='<DVTFilePath:0xb2228d180:'/Users/daliu_kt/Library/Developer/Xcode/Archives/2025-12-15/KaitoYaps 2025-12-15, 15.33.xcarchive/Products/Applications/KaitoYaps.app/Frameworks/OneSignalOutcomes.framework'>', codeSigningInfo='<_DVTCodeSigningInformation_Path: 0xbb23f9140; isSigned='1', isAdHocSigned='0', signingCertificate='<DVTSigningCertificate: 0xbb0257e40; name='Apple Development: Weizhen Liu (92ZYJ235CY)', hash='1B80A1C033215B30374C325C71679855C6C57F7A', serialNumber='1BB178DE3D42360369907A4E98723873', certificateKinds='(
    "1.2.840.113635.100.6.1.12",
    "1.2.840.113635.100.6.1.2"
), issueDate='2025-08-21 07:50:43 +0000''>', entitlements='(null)', teamID='358UF6MCG5', identifier='com.onesignal.OneSignalOutcomes', executablePath='<DVTFilePath:0xb2228d110:'/Users/daliu_kt/Library/Developer/Xcode/Archives/2025-12-15/KaitoYaps 2025-12-15, 15.33.xcarchive/Products/Applications/KaitoYaps.app/Frameworks/OneSignalOutcomes.framework/OneSignalOutcomes'>', hardenedRuntime='0'>'>: {
}
2025-12-15 07:37:04 +0000  Associated App Clip Identifiers Filter: Skipping because "com.apple.developer.associated-appclip-app-identifiers" is not present
2025-12-15 07:37:04 +0000  Entitlements for <IDEDistributionItem: 0xbb23f8f00; bundleID='com.onesignal.OneSignalOutcomes', path='<DVTFilePath:0xb2228d180:'/Users/daliu_kt/Library/Developer/Xcode/Archives/2025-12-15/KaitoYaps 2025-12-15, 15.33.xcarchive/Products/Applications/KaitoYaps.app/Frameworks/OneSignalOutcomes.framework'>', codeSigningInfo='<_DVTCodeSigningInformation_Path: 0xbb23f9140; isSigned='1', isAdHocSigned='0', signingCertificate='<DVTSigningCertificate: 0xbb0257d80; name='Apple Development: Weizhen Liu (92ZYJ235CY)', hash='1B80A1C033215B30374C325C71679855C6C57F7A', serialNumber='1BB178DE3D42360369907A4E98723873', certificateKinds='(
    "1.2.840.113635.100.6.1.12",
    "1.2.840.113635.100.6.1.2"
), issueDate='2025-08-21 07:50:43 +0000''>', entitlements='(null)', teamID='358UF6MCG5', identifier='com.onesignal.OneSignalOutcomes', executablePath='<DVTFilePath:0xb2228d110:'/Users/daliu_kt/Library/Developer/Xcode/Archives/2025-12-15/KaitoYaps 2025-12-15, 15.33.xcarchive/Products/Applications/KaitoYaps.app/Frameworks/OneSignalOutcomes.framework/OneSignalOutcomes'>', hardenedRuntime='0'>'> are: {
}
2025-12-15 07:37:04 +0000  Writing entitlements for <IDEDistributionItem: 0xbb23f8f00; bundleID='com.onesignal.OneSignalOutcomes', path='<DVTFilePath:0xb2228d180:'/Users/daliu_kt/Library/Developer/Xcode/Archives/2025-12-15/KaitoYaps 2025-12-15, 15.33.xcarchive/Products/Applications/KaitoYaps.app/Frameworks/OneSignalOutcomes.framework'>', codeSigningInfo='<_DVTCodeSigningInformation_Path: 0xbb23f9140; isSigned='1', isAdHocSigned='0', signingCertificate='<DVTSigningCertificate: 0xbb0257d80; name='Apple Development: Weizhen Liu (92ZYJ235CY)', hash='1B80A1C033215B30374C325C71679855C6C57F7A', serialNumber='1BB178DE3D42360369907A4E98723873', certificateKinds='(
    "1.2.840.113635.100.6.1.12",
    "1.2.840.113635.100.6.1.2"
), issueDate='2025-08-21 07:50:43 +0000''>', entitlements='(null)', teamID='358UF6MCG5', identifier='com.onesignal.OneSignalOutcomes', executablePath='<DVTFilePath:0xb2228d110:'/Users/daliu_kt/Library/Developer/Xcode/Archives/2025-12-15/KaitoYaps 2025-12-15, 15.33.xcarchive/Products/Applications/KaitoYaps.app/Frameworks/OneSignalOutcomes.framework/OneSignalOutcomes'>', hardenedRuntime='0'>'> to: /var/folders/c8/_pmcyjjd4mgb5d0mwrt5f32c0000gn/T/XcodeDistPipeline.~~~PYZsIq/entitlements~~~XJv4tc
2025-12-15 07:37:04 +0000  invoking codesign: <NSConcreteTask: 0xb72d98fa0; launchPath='/usr/bin/codesign', arguments='(
    "-f",
    "-s",
    1B80A1C033215B30374C325C71679855C6C57F7A,
    "--entitlements",
    "/var/folders/c8/_pmcyjjd4mgb5d0mwrt5f32c0000gn/T/XcodeDistPipeline.~~~PYZsIq/entitlements~~~XJv4tc",
    "--preserve-metadata=identifier,flags,runtime,launch-constraints,library-constraints",
    "--generate-entitlement-der",
    "--strip-disallowed-xattrs",
    "-vvv",
    "/var/folders/c8/_pmcyjjd4mgb5d0mwrt5f32c0000gn/T/XcodeDistPipeline.~~~PYZsIq/Root/Payload/KaitoYaps.app/Frameworks/OneSignalOutcomes.framework"
)'>
2025-12-15 07:37:04 +0000  codesign output: /var/folders/c8/_pmcyjjd4mgb5d0mwrt5f32c0000gn/T/XcodeDistPipeline.~~~PYZsIq/Root/Payload/KaitoYaps.app/Frameworks/OneSignalOutcomes.framework: replacing existing signature
/var/folders/c8/_pmcyjjd4mgb5d0mwrt5f32c0000gn/T/XcodeDistPipeline.~~~PYZsIq/Root/Payload/KaitoYaps.app/Frameworks/OneSignalOutcomes.framework: signed bundle with Mach-O thin (arm64) [com.onesignal.OneSignalOutcomes]
2025-12-15 07:37:04 +0000  Entitlements for <IDEDistributionItem: 0xbb2a03d20; bundleID='com.onesignal.OneSignalUser', path='<DVTFilePath:0xb2228d030:'/Users/daliu_kt/Library/Developer/Xcode/Archives/2025-12-15/KaitoYaps 2025-12-15, 15.33.xcarchive/Products/Applications/KaitoYaps.app/Frameworks/OneSignalUser.framework'>', codeSigningInfo='<_DVTCodeSigningInformation_Path: 0xbb23f8ae0; isSigned='1', isAdHocSigned='0', signingCertificate='<DVTSigningCertificate: 0xbb0257e40; name='Apple Development: Weizhen Liu (92ZYJ235CY)', hash='1B80A1C033215B30374C325C71679855C6C57F7A', serialNumber='1BB178DE3D42360369907A4E98723873', certificateKinds='(
    "1.2.840.113635.100.6.1.12",
    "1.2.840.113635.100.6.1.2"
), issueDate='2025-08-21 07:50:43 +0000''>', entitlements='(null)', teamID='358UF6MCG5', identifier='com.onesignal.OneSignalUser', executablePath='<DVTFilePath:0xbaf7162e0:'/Users/daliu_kt/Library/Developer/Xcode/Archives/2025-12-15/KaitoYaps 2025-12-15, 15.33.xcarchive/Products/Applications/KaitoYaps.app/Frameworks/OneSignalUser.framework/OneSignalUser'>', hardenedRuntime='0'>'>: {
}
2025-12-15 07:37:04 +0000  Associated App Clip Identifiers Filter: Skipping because "com.apple.developer.associated-appclip-app-identifiers" is not present
2025-12-15 07:37:04 +0000  Entitlements for <IDEDistributionItem: 0xbb2a03d20; bundleID='com.onesignal.OneSignalUser', path='<DVTFilePath:0xb2228d030:'/Users/daliu_kt/Library/Developer/Xcode/Archives/2025-12-15/KaitoYaps 2025-12-15, 15.33.xcarchive/Products/Applications/KaitoYaps.app/Frameworks/OneSignalUser.framework'>', codeSigningInfo='<_DVTCodeSigningInformation_Path: 0xbb23f8ae0; isSigned='1', isAdHocSigned='0', signingCertificate='<DVTSigningCertificate: 0xbb0257d80; name='Apple Development: Weizhen Liu (92ZYJ235CY)', hash='1B80A1C033215B30374C325C71679855C6C57F7A', serialNumber='1BB178DE3D42360369907A4E98723873', certificateKinds='(
    "1.2.840.113635.100.6.1.12",
    "1.2.840.113635.100.6.1.2"
), issueDate='2025-08-21 07:50:43 +0000''>', entitlements='(null)', teamID='358UF6MCG5', identifier='com.onesignal.OneSignalUser', executablePath='<DVTFilePath:0xbaf7162e0:'/Users/daliu_kt/Library/Developer/Xcode/Archives/2025-12-15/KaitoYaps 2025-12-15, 15.33.xcarchive/Products/Applications/KaitoYaps.app/Frameworks/OneSignalUser.framework/OneSignalUser'>', hardenedRuntime='0'>'> are: {
}
2025-12-15 07:37:04 +0000  Writing entitlements for <IDEDistributionItem: 0xbb2a03d20; bundleID='com.onesignal.OneSignalUser', path='<DVTFilePath:0xb2228d030:'/Users/daliu_kt/Library/Developer/Xcode/Archives/2025-12-15/KaitoYaps 2025-12-15, 15.33.xcarchive/Products/Applications/KaitoYaps.app/Frameworks/OneSignalUser.framework'>', codeSigningInfo='<_DVTCodeSigningInformation_Path: 0xbb23f8ae0; isSigned='1', isAdHocSigned='0', signingCertificate='<DVTSigningCertificate: 0xbb0257d80; name='Apple Development: Weizhen Liu (92ZYJ235CY)', hash='1B80A1C033215B30374C325C71679855C6C57F7A', serialNumber='1BB178DE3D42360369907A4E98723873', certificateKinds='(
    "1.2.840.113635.100.6.1.12",
    "1.2.840.113635.100.6.1.2"
), issueDate='2025-08-21 07:50:43 +0000''>', entitlements='(null)', teamID='358UF6MCG5', identifier='com.onesignal.OneSignalUser', executablePath='<DVTFilePath:0xbaf7162e0:'/Users/daliu_kt/Library/Developer/Xcode/Archives/2025-12-15/KaitoYaps 2025-12-15, 15.33.xcarchive/Products/Applications/KaitoYaps.app/Frameworks/OneSignalUser.framework/OneSignalUser'>', hardenedRuntime='0'>'> to: /var/folders/c8/_pmcyjjd4mgb5d0mwrt5f32c0000gn/T/XcodeDistPipeline.~~~PYZsIq/entitlements~~~Kp95sv
2025-12-15 07:37:04 +0000  invoking codesign: <NSConcreteTask: 0xb72d98fa0; launchPath='/usr/bin/codesign', arguments='(
    "-f",
    "-s",
    1B80A1C033215B30374C325C71679855C6C57F7A,
    "--entitlements",
    "/var/folders/c8/_pmcyjjd4mgb5d0mwrt5f32c0000gn/T/XcodeDistPipeline.~~~PYZsIq/entitlements~~~Kp95sv",
    "--preserve-metadata=identifier,flags,runtime,launch-constraints,library-constraints",
    "--generate-entitlement-der",
    "--strip-disallowed-xattrs",
    "-vvv",
    "/var/folders/c8/_pmcyjjd4mgb5d0mwrt5f32c0000gn/T/XcodeDistPipeline.~~~PYZsIq/Root/Payload/KaitoYaps.app/Frameworks/OneSignalUser.framework"
)'>
2025-12-15 07:37:04 +0000  codesign output: /var/folders/c8/_pmcyjjd4mgb5d0mwrt5f32c0000gn/T/XcodeDistPipeline.~~~PYZsIq/Root/Payload/KaitoYaps.app/Frameworks/OneSignalUser.framework: replacing existing signature
/var/folders/c8/_pmcyjjd4mgb5d0mwrt5f32c0000gn/T/XcodeDistPipeline.~~~PYZsIq/Root/Payload/KaitoYaps.app/Frameworks/OneSignalUser.framework: signed bundle with Mach-O thin (arm64) [com.onesignal.OneSignalUser]
2025-12-15 07:37:04 +0000  Entitlements for <IDEDistributionItem: 0xbb23f8a20; bundleID='dev.hermesengine.iphoneos', path='<DVTFilePath:0xb2228dd50:'/Users/daliu_kt/Library/Developer/Xcode/Archives/2025-12-15/KaitoYaps 2025-12-15, 15.33.xcarchive/Products/Applications/KaitoYaps.app/Frameworks/hermes.framework'>', codeSigningInfo='<_DVTCodeSigningInformation_Path: 0xbb23f9260; isSigned='1', isAdHocSigned='0', signingCertificate='<DVTSigningCertificate: 0xbb0257e40; name='Apple Development: Weizhen Liu (92ZYJ235CY)', hash='1B80A1C033215B30374C325C71679855C6C57F7A', serialNumber='1BB178DE3D42360369907A4E98723873', certificateKinds='(
    "1.2.840.113635.100.6.1.12",
    "1.2.840.113635.100.6.1.2"
), issueDate='2025-08-21 07:50:43 +0000''>', entitlements='(null)', teamID='358UF6MCG5', identifier='dev.hermesengine.iphoneos', executablePath='<DVTFilePath:0xbaf72ae80:'/Users/daliu_kt/Library/Developer/Xcode/Archives/2025-12-15/KaitoYaps 2025-12-15, 15.33.xcarchive/Products/Applications/KaitoYaps.app/Frameworks/hermes.framework/hermes'>', hardenedRuntime='0'>'>: {
}
2025-12-15 07:37:04 +0000  Associated App Clip Identifiers Filter: Skipping because "com.apple.developer.associated-appclip-app-identifiers" is not present
2025-12-15 07:37:04 +0000  Entitlements for <IDEDistributionItem: 0xbb23f8a20; bundleID='dev.hermesengine.iphoneos', path='<DVTFilePath:0xb2228dd50:'/Users/daliu_kt/Library/Developer/Xcode/Archives/2025-12-15/KaitoYaps 2025-12-15, 15.33.xcarchive/Products/Applications/KaitoYaps.app/Frameworks/hermes.framework'>', codeSigningInfo='<_DVTCodeSigningInformation_Path: 0xbb23f9260; isSigned='1', isAdHocSigned='0', signingCertificate='<DVTSigningCertificate: 0xbb0257d80; name='Apple Development: Weizhen Liu (92ZYJ235CY)', hash='1B80A1C033215B30374C325C71679855C6C57F7A', serialNumber='1BB178DE3D42360369907A4E98723873', certificateKinds='(
    "1.2.840.113635.100.6.1.12",
    "1.2.840.113635.100.6.1.2"
), issueDate='2025-08-21 07:50:43 +0000''>', entitlements='(null)', teamID='358UF6MCG5', identifier='dev.hermesengine.iphoneos', executablePath='<DVTFilePath:0xbaf72ae80:'/Users/daliu_kt/Library/Developer/Xcode/Archives/2025-12-15/KaitoYaps 2025-12-15, 15.33.xcarchive/Products/Applications/KaitoYaps.app/Frameworks/hermes.framework/hermes'>', hardenedRuntime='0'>'> are: {
}
2025-12-15 07:37:04 +0000  Writing entitlements for <IDEDistributionItem: 0xbb23f8a20; bundleID='dev.hermesengine.iphoneos', path='<DVTFilePath:0xb2228dd50:'/Users/daliu_kt/Library/Developer/Xcode/Archives/2025-12-15/KaitoYaps 2025-12-15, 15.33.xcarchive/Products/Applications/KaitoYaps.app/Frameworks/hermes.framework'>', codeSigningInfo='<_DVTCodeSigningInformation_Path: 0xbb23f9260; isSigned='1', isAdHocSigned='0', signingCertificate='<DVTSigningCertificate: 0xbb0257d80; name='Apple Development: Weizhen Liu (92ZYJ235CY)', hash='1B80A1C033215B30374C325C71679855C6C57F7A', serialNumber='1BB178DE3D42360369907A4E98723873', certificateKinds='(
    "1.2.840.113635.100.6.1.12",
    "1.2.840.113635.100.6.1.2"
), issueDate='2025-08-21 07:50:43 +0000''>', entitlements='(null)', teamID='358UF6MCG5', identifier='dev.hermesengine.iphoneos', executablePath='<DVTFilePath:0xbaf72ae80:'/Users/daliu_kt/Library/Developer/Xcode/Archives/2025-12-15/KaitoYaps 2025-12-15, 15.33.xcarchive/Products/Applications/KaitoYaps.app/Frameworks/hermes.framework/hermes'>', hardenedRuntime='0'>'> to: /var/folders/c8/_pmcyjjd4mgb5d0mwrt5f32c0000gn/T/XcodeDistPipeline.~~~PYZsIq/entitlements~~~m31SWz
2025-12-15 07:37:04 +0000  invoking codesign: <NSConcreteTask: 0xb71f2fb60; launchPath='/usr/bin/codesign', arguments='(
    "-f",
    "-s",
    1B80A1C033215B30374C325C71679855C6C57F7A,
    "--entitlements",
    "/var/folders/c8/_pmcyjjd4mgb5d0mwrt5f32c0000gn/T/XcodeDistPipeline.~~~PYZsIq/entitlements~~~m31SWz",
    "--preserve-metadata=identifier,flags,runtime,launch-constraints,library-constraints",
    "--generate-entitlement-der",
    "--strip-disallowed-xattrs",
    "-vvv",
    "/var/folders/c8/_pmcyjjd4mgb5d0mwrt5f32c0000gn/T/XcodeDistPipeline.~~~PYZsIq/Root/Payload/KaitoYaps.app/Frameworks/hermes.framework"
)'>
2025-12-15 07:37:04 +0000  codesign output: /var/folders/c8/_pmcyjjd4mgb5d0mwrt5f32c0000gn/T/XcodeDistPipeline.~~~PYZsIq/Root/Payload/KaitoYaps.app/Frameworks/hermes.framework: replacing existing signature
/var/folders/c8/_pmcyjjd4mgb5d0mwrt5f32c0000gn/T/XcodeDistPipeline.~~~PYZsIq/Root/Payload/KaitoYaps.app/Frameworks/hermes.framework: signed bundle with Mach-O thin (arm64) [dev.hermesengine.iphoneos]
2025-12-15 07:37:04 +0000  Entitlements for <IDEDistributionItem: 0xbb23f93e0; bundleID='ai.kaito.kaitoyaps.OneSignalNotificationServiceExtension', path='<DVTFilePath:0xbb012c200:'/Users/daliu_kt/Library/Developer/Xcode/Archives/2025-12-15/KaitoYaps 2025-12-15, 15.33.xcarchive/Products/Applications/KaitoYaps.app/PlugIns/OneSignalNotificationServiceExtension.appex'>', codeSigningInfo='<_DVTCodeSigningInformation_Path: 0xbb23f8b40; isSigned='1', isAdHocSigned='0', signingCertificate='<DVTSigningCertificate: 0xbb0257e40; name='Apple Development: Weizhen Liu (92ZYJ235CY)', hash='1B80A1C033215B30374C325C71679855C6C57F7A', serialNumber='1BB178DE3D42360369907A4E98723873', certificateKinds='(
    "1.2.840.113635.100.6.1.12",
    "1.2.840.113635.100.6.1.2"
), issueDate='2025-08-21 07:50:43 +0000''>', entitlements='{
    "application-identifier" = "358UF6MCG5.ai.kaito.kaitoyaps.OneSignalNotificationServiceExtension";
    "com.apple.developer.team-identifier" = 358UF6MCG5;
    "com.apple.security.application-groups" =     (
        "group.ai.kaito.kaitoyaps.onesignal"
    );
    "get-task-allow" = 1;
}', teamID='358UF6MCG5', identifier='ai.kaito.kaitoyaps.OneSignalNotificationServiceExtension', executablePath='<DVTFilePath:0xbb012c700:'/Users/daliu_kt/Library/Developer/Xcode/Archives/2025-12-15/KaitoYaps 2025-12-15, 15.33.xcarchive/Products/Applications/KaitoYaps.app/PlugIns/OneSignalNotificationServiceExtension.appex/OneSignalNotificationServiceExtension'>', hardenedRuntime='0'>'>: {
    "application-identifier" = "358UF6MCG5.ai.kaito.kaitoyaps.OneSignalNotificationServiceExtension";
    "com.apple.developer.team-identifier" = 358UF6MCG5;
    "com.apple.security.application-groups" =     (
        "group.ai.kaito.kaitoyaps.onesignal"
    );
    "get-task-allow" = 1;
}
2025-12-15 07:37:04 +0000  Associated App Clip Identifiers Filter: Skipping because "com.apple.developer.associated-appclip-app-identifiers" is not present
2025-12-15 07:37:04 +0000  Entitlements for <IDEDistributionItem: 0xbb23f93e0; bundleID='ai.kaito.kaitoyaps.OneSignalNotificationServiceExtension', path='<DVTFilePath:0xbb012c200:'/Users/daliu_kt/Library/Developer/Xcode/Archives/2025-12-15/KaitoYaps 2025-12-15, 15.33.xcarchive/Products/Applications/KaitoYaps.app/PlugIns/OneSignalNotificationServiceExtension.appex'>', codeSigningInfo='<_DVTCodeSigningInformation_Path: 0xbb23f8b40; isSigned='1', isAdHocSigned='0', signingCertificate='<DVTSigningCertificate: 0xbb0257d80; name='Apple Development: Weizhen Liu (92ZYJ235CY)', hash='1B80A1C033215B30374C325C71679855C6C57F7A', serialNumber='1BB178DE3D42360369907A4E98723873', certificateKinds='(
    "1.2.840.113635.100.6.1.12",
    "1.2.840.113635.100.6.1.2"
), issueDate='2025-08-21 07:50:43 +0000''>', entitlements='{
    "application-identifier" = "358UF6MCG5.ai.kaito.kaitoyaps.OneSignalNotificationServiceExtension";
    "com.apple.developer.team-identifier" = 358UF6MCG5;
    "com.apple.security.application-groups" =     (
        "group.ai.kaito.kaitoyaps.onesignal"
    );
    "get-task-allow" = 1;
}', teamID='358UF6MCG5', identifier='ai.kaito.kaitoyaps.OneSignalNotificationServiceExtension', executablePath='<DVTFilePath:0xbb012c700:'/Users/daliu_kt/Library/Developer/Xcode/Archives/2025-12-15/KaitoYaps 2025-12-15, 15.33.xcarchive/Products/Applications/KaitoYaps.app/PlugIns/OneSignalNotificationServiceExtension.appex/OneSignalNotificationServiceExtension'>', hardenedRuntime='0'>'> are: {
    "application-identifier" = "358UF6MCG5.ai.kaito.kaitoyaps.OneSignalNotificationServiceExtension";
    "com.apple.developer.team-identifier" = 358UF6MCG5;
    "com.apple.security.application-groups" =     (
        "group.ai.kaito.kaitoyaps.onesignal"
    );
    "get-task-allow" = 1;
}
2025-12-15 07:37:04 +0000  Writing entitlements for <IDEDistributionItem: 0xbb23f93e0; bundleID='ai.kaito.kaitoyaps.OneSignalNotificationServiceExtension', path='<DVTFilePath:0xbb012c200:'/Users/daliu_kt/Library/Developer/Xcode/Archives/2025-12-15/KaitoYaps 2025-12-15, 15.33.xcarchive/Products/Applications/KaitoYaps.app/PlugIns/OneSignalNotificationServiceExtension.appex'>', codeSigningInfo='<_DVTCodeSigningInformation_Path: 0xbb23f8b40; isSigned='1', isAdHocSigned='0', signingCertificate='<DVTSigningCertificate: 0xbb0257d80; name='Apple Development: Weizhen Liu (92ZYJ235CY)', hash='1B80A1C033215B30374C325C71679855C6C57F7A', serialNumber='1BB178DE3D42360369907A4E98723873', certificateKinds='(
    "1.2.840.113635.100.6.1.12",
    "1.2.840.113635.100.6.1.2"
), issueDate='2025-08-21 07:50:43 +0000''>', entitlements='{
    "application-identifier" = "358UF6MCG5.ai.kaito.kaitoyaps.OneSignalNotificationServiceExtension";
    "com.apple.developer.team-identifier" = 358UF6MCG5;
    "com.apple.security.application-groups" =     (
        "group.ai.kaito.kaitoyaps.onesignal"
    );
    "get-task-allow" = 1;
}', teamID='358UF6MCG5', identifier='ai.kaito.kaitoyaps.OneSignalNotificationServiceExtension', executablePath='<DVTFilePath:0xbb012c700:'/Users/daliu_kt/Library/Developer/Xcode/Archives/2025-12-15/KaitoYaps 2025-12-15, 15.33.xcarchive/Products/Applications/KaitoYaps.app/PlugIns/OneSignalNotificationServiceExtension.appex/OneSignalNotificationServiceExtension'>', hardenedRuntime='0'>'> to: /var/folders/c8/_pmcyjjd4mgb5d0mwrt5f32c0000gn/T/XcodeDistPipeline.~~~PYZsIq/entitlements~~~0wUP5b
2025-12-15 07:37:04 +0000  invoking codesign: <NSConcreteTask: 0xb72d98fa0; launchPath='/usr/bin/codesign', arguments='(
    "-f",
    "-s",
    1B80A1C033215B30374C325C71679855C6C57F7A,
    "--entitlements",
    "/var/folders/c8/_pmcyjjd4mgb5d0mwrt5f32c0000gn/T/XcodeDistPipeline.~~~PYZsIq/entitlements~~~0wUP5b",
    "--preserve-metadata=identifier,flags,runtime,launch-constraints,library-constraints",
    "--generate-entitlement-der",
    "--strip-disallowed-xattrs",
    "-vvv",
    "/var/folders/c8/_pmcyjjd4mgb5d0mwrt5f32c0000gn/T/XcodeDistPipeline.~~~PYZsIq/Root/Payload/KaitoYaps.app/PlugIns/OneSignalNotificationServiceExtension.appex"
)'>
2025-12-15 07:37:05 +0000  codesign output: /var/folders/c8/_pmcyjjd4mgb5d0mwrt5f32c0000gn/T/XcodeDistPipeline.~~~PYZsIq/Root/Payload/KaitoYaps.app/PlugIns/OneSignalNotificationServiceExtension.appex: replacing existing signature
/var/folders/c8/_pmcyjjd4mgb5d0mwrt5f32c0000gn/T/XcodeDistPipeline.~~~PYZsIq/Root/Payload/KaitoYaps.app/PlugIns/OneSignalNotificationServiceExtension.appex: signed bundle with Mach-O thin (arm64) [ai.kaito.kaitoyaps.OneSignalNotificationServiceExtension]
2025-12-15 07:37:05 +0000  Entitlements for <IDEDistributionItem: 0xb7b25f0c0; bundleID='ai.kaito.kaitoyaps', path='<DVTFilePath:0xb9017cc60:'/Users/daliu_kt/Library/Developer/Xcode/Archives/2025-12-15/KaitoYaps 2025-12-15, 15.33.xcarchive/Products/Applications/KaitoYaps.app'>', codeSigningInfo='<_DVTCodeSigningInformation_Path: 0xbb23f8de0; isSigned='1', isAdHocSigned='0', signingCertificate='<DVTSigningCertificate: 0xbb0257e40; name='Apple Development: Weizhen Liu (92ZYJ235CY)', hash='1B80A1C033215B30374C325C71679855C6C57F7A', serialNumber='1BB178DE3D42360369907A4E98723873', certificateKinds='(
    "1.2.840.113635.100.6.1.12",
    "1.2.840.113635.100.6.1.2"
), issueDate='2025-08-21 07:50:43 +0000''>', entitlements='{
    "application-identifier" = "358UF6MCG5.ai.kaito.kaitoyaps";
    "aps-environment" = development;
    "com.apple.developer.applesignin" =     (
        Default
    );
    "com.apple.developer.team-identifier" = 358UF6MCG5;
    "com.apple.security.application-groups" =     (
        "group.ai.kaito.kaitoyaps.onesignal"
    );
    "get-task-allow" = 1;
}', teamID='358UF6MCG5', identifier='ai.kaito.kaitoyaps', executablePath='<DVTFilePath:0xb9017f5a0:'/Users/daliu_kt/Library/Developer/Xcode/Archives/2025-12-15/KaitoYaps 2025-12-15, 15.33.xcarchive/Products/Applications/KaitoYaps.app/KaitoYaps'>', hardenedRuntime='0'>'>: {
    "application-identifier" = "358UF6MCG5.ai.kaito.kaitoyaps";
    "aps-environment" = development;
    "com.apple.developer.applesignin" =     (
        Default
    );
    "com.apple.developer.team-identifier" = 358UF6MCG5;
    "com.apple.security.application-groups" =     (
        "group.ai.kaito.kaitoyaps.onesignal"
    );
    "get-task-allow" = 1;
}
2025-12-15 07:37:05 +0000  Associated App Clip Identifiers Filter: Skipping because "com.apple.developer.associated-appclip-app-identifiers" is not present
2025-12-15 07:37:05 +0000  Entitlements for <IDEDistributionItem: 0xb7b25f0c0; bundleID='ai.kaito.kaitoyaps', path='<DVTFilePath:0xb9017cc60:'/Users/daliu_kt/Library/Developer/Xcode/Archives/2025-12-15/KaitoYaps 2025-12-15, 15.33.xcarchive/Products/Applications/KaitoYaps.app'>', codeSigningInfo='<_DVTCodeSigningInformation_Path: 0xbb23f8de0; isSigned='1', isAdHocSigned='0', signingCertificate='<DVTSigningCertificate: 0xbb0257d80; name='Apple Development: Weizhen Liu (92ZYJ235CY)', hash='1B80A1C033215B30374C325C71679855C6C57F7A', serialNumber='1BB178DE3D42360369907A4E98723873', certificateKinds='(
    "1.2.840.113635.100.6.1.12",
    "1.2.840.113635.100.6.1.2"
), issueDate='2025-08-21 07:50:43 +0000''>', entitlements='{
    "application-identifier" = "358UF6MCG5.ai.kaito.kaitoyaps";
    "aps-environment" = development;
    "com.apple.developer.applesignin" =     (
        Default
    );
    "com.apple.developer.team-identifier" = 358UF6MCG5;
    "com.apple.security.application-groups" =     (
        "group.ai.kaito.kaitoyaps.onesignal"
    );
    "get-task-allow" = 1;
}', teamID='358UF6MCG5', identifier='ai.kaito.kaitoyaps', executablePath='<DVTFilePath:0xb9017f5a0:'/Users/daliu_kt/Library/Developer/Xcode/Archives/2025-12-15/KaitoYaps 2025-12-15, 15.33.xcarchive/Products/Applications/KaitoYaps.app/KaitoYaps'>', hardenedRuntime='0'>'> are: {
    "application-identifier" = "358UF6MCG5.ai.kaito.kaitoyaps";
    "aps-environment" = development;
    "com.apple.developer.applesignin" =     (
        Default
    );
    "com.apple.developer.team-identifier" = 358UF6MCG5;
    "com.apple.security.application-groups" =     (
        "group.ai.kaito.kaitoyaps.onesignal"
    );
    "get-task-allow" = 1;
}
2025-12-15 07:37:05 +0000  Writing entitlements for <IDEDistributionItem: 0xb7b25f0c0; bundleID='ai.kaito.kaitoyaps', path='<DVTFilePath:0xb9017cc60:'/Users/daliu_kt/Library/Developer/Xcode/Archives/2025-12-15/KaitoYaps 2025-12-15, 15.33.xcarchive/Products/Applications/KaitoYaps.app'>', codeSigningInfo='<_DVTCodeSigningInformation_Path: 0xbb23f8de0; isSigned='1', isAdHocSigned='0', signingCertificate='<DVTSigningCertificate: 0xbb0257d80; name='Apple Development: Weizhen Liu (92ZYJ235CY)', hash='1B80A1C033215B30374C325C71679855C6C57F7A', serialNumber='1BB178DE3D42360369907A4E98723873', certificateKinds='(
    "1.2.840.113635.100.6.1.12",
    "1.2.840.113635.100.6.1.2"
), issueDate='2025-08-21 07:50:43 +0000''>', entitlements='{
    "application-identifier" = "358UF6MCG5.ai.kaito.kaitoyaps";
    "aps-environment" = development;
    "com.apple.developer.applesignin" =     (
        Default
    );
    "com.apple.developer.team-identifier" = 358UF6MCG5;
    "com.apple.security.application-groups" =     (
        "group.ai.kaito.kaitoyaps.onesignal"
    );
    "get-task-allow" = 1;
}', teamID='358UF6MCG5', identifier='ai.kaito.kaitoyaps', executablePath='<DVTFilePath:0xb9017f5a0:'/Users/daliu_kt/Library/Developer/Xcode/Archives/2025-12-15/KaitoYaps 2025-12-15, 15.33.xcarchive/Products/Applications/KaitoYaps.app/KaitoYaps'>', hardenedRuntime='0'>'> to: /var/folders/c8/_pmcyjjd4mgb5d0mwrt5f32c0000gn/T/XcodeDistPipeline.~~~PYZsIq/entitlements~~~DaX6ls
2025-12-15 07:37:05 +0000  invoking codesign: <NSConcreteTask: 0xb71f2fb60; launchPath='/usr/bin/codesign', arguments='(
    "-f",
    "-s",
    1B80A1C033215B30374C325C71679855C6C57F7A,
    "--entitlements",
    "/var/folders/c8/_pmcyjjd4mgb5d0mwrt5f32c0000gn/T/XcodeDistPipeline.~~~PYZsIq/entitlements~~~DaX6ls",
    "--preserve-metadata=identifier,flags,runtime,launch-constraints,library-constraints",
    "--generate-entitlement-der",
    "--strip-disallowed-xattrs",
    "-vvv",
    "/var/folders/c8/_pmcyjjd4mgb5d0mwrt5f32c0000gn/T/XcodeDistPipeline.~~~PYZsIq/Root/Payload/KaitoYaps.app"
)'>
2025-12-15 07:37:05 +0000  codesign output: /var/folders/c8/_pmcyjjd4mgb5d0mwrt5f32c0000gn/T/XcodeDistPipeline.~~~PYZsIq/Root/Payload/KaitoYaps.app: replacing existing signature
/var/folders/c8/_pmcyjjd4mgb5d0mwrt5f32c0000gn/T/XcodeDistPipeline.~~~PYZsIq/Root/Payload/KaitoYaps.app: signed app bundle with Mach-O thin (arm64) [ai.kaito.kaitoyaps]
2025-12-15 07:37:05 +0000  Processing step: IDEDistributionZipODRItemStep
2025-12-15 07:37:05 +0000  Skipping step: IDEDistributionZipODRItemStep because it said so
2025-12-15 07:37:05 +0000  Skipping step: IDEDistributionZipODRItemStep because it said so
2025-12-15 07:37:05 +0000  Skipping step: IDEDistributionZipODRItemStep because it said so
2025-12-15 07:37:05 +0000  Skipping step: IDEDistributionZipODRItemStep because it said so
2025-12-15 07:37:05 +0000  Skipping step: IDEDistributionZipODRItemStep because it said so
2025-12-15 07:37:05 +0000  Skipping step: IDEDistributionZipODRItemStep because it said so
2025-12-15 07:37:05 +0000  Skipping step: IDEDistributionZipODRItemStep because it said so
2025-12-15 07:37:05 +0000  Skipping step: IDEDistributionZipODRItemStep because it said so
2025-12-15 07:37:05 +0000  Skipping step: IDEDistributionZipODRItemStep because it said so
2025-12-15 07:37:05 +0000  Skipping step: IDEDistributionZipODRItemStep because it said so
2025-12-15 07:37:05 +0000  Skipping step: IDEDistributionZipODRItemStep because it said so
2025-12-15 07:37:05 +0000  Skipping step: IDEDistributionZipODRItemStep because it said so
2025-12-15 07:37:05 +0000  Skipping step: IDEDistributionZipODRItemStep because it said so
2025-12-15 07:37:05 +0000  Processing step: IDEDistributionCreateIPAStep
2025-12-15 07:37:05 +0000  Running /usr/bin/ditto '-V' '-c' '-k' '--norsrc' '/var/folders/c8/_pmcyjjd4mgb5d0mwrt5f32c0000gn/T/XcodeDistPipeline.~~~PYZsIq/Root' '/var/folders/c8/_pmcyjjd4mgb5d0mwrt5f32c0000gn/T/XcodeDistPipeline.~~~PYZsIq/Packages/KaitoYaps.ipa'
2025-12-15 07:37:05 +0000  >>> Copying /var/folders/c8/_pmcyjjd4mgb5d0mwrt5f32c0000gn/T/XcodeDistPipeline.~~~PYZsIq/Root 
2025-12-15 07:37:05 +0000  copying file ./Payload/KaitoYaps.app/_CodeSignature/CodeResources ... 
2025-12-15 07:37:05 +0000  144093 bytes for ./Payload/KaitoYaps.app/_CodeSignature/CodeResources
2025-12-15 07:37:05 +0000  copying file ./Payload/KaitoYaps.app/KaitoYaps ... 
2025-12-15 07:37:07 +0000  90828464 bytes for ./Payload/KaitoYaps.app/KaitoYaps
2025-12-15 07:37:07 +0000  copying file ./Payload/KaitoYaps.app/FirebaseCore_Privacy.bundle/PrivacyInfo.xcprivacy ... 
2025-12-15 07:37:07 +0000  855 bytes for ./Payload/KaitoYaps.app/FirebaseCore_Privacy.bundle/PrivacyInfo.xcprivacy
copying file ./Payload/KaitoYaps.app/FirebaseCore_Privacy.bundle/Info.plist ... 
2025-12-15 07:37:07 +0000  787 bytes for ./Payload/KaitoYaps.app/FirebaseCore_Privacy.bundle/Info.plist
2025-12-15 07:37:07 +0000  copying file ./Payload/KaitoYaps.app/SplashScreen.storyboardc/EXPO-VIEWCONTROLLER-1-view-EXPO-ContainerView.nib ... 
2025-12-15 07:37:07 +0000  2108 bytes for ./Payload/KaitoYaps.app/SplashScreen.storyboardc/EXPO-VIEWCONTROLLER-1-view-EXPO-ContainerView.nib
2025-12-15 07:37:07 +0000  copying file ./Payload/KaitoYaps.app/SplashScreen.storyboardc/SplashScreenViewController.nib ... 
2025-12-15 07:37:07 +0000  1004 bytes for ./Payload/KaitoYaps.app/SplashScreen.storyboardc/SplashScreenViewController.nib
2025-12-15 07:37:07 +0000  copying file ./Payload/KaitoYaps.app/SplashScreen.storyboardc/Info.plist ... 
2025-12-15 07:37:07 +0000  225 bytes for ./Payload/KaitoYaps.app/SplashScreen.storyboardc/Info.plist
2025-12-15 07:37:07 +0000  copying file ./Payload/KaitoYaps.app/EXUpdates.bundle/Info.plist ... 
2025-12-15 07:37:07 +0000  764 bytes for ./Payload/KaitoYaps.app/EXUpdates.bundle/Info.plist
2025-12-15 07:37:07 +0000  copying file ./Payload/KaitoYaps.app/FirebaseRemoteConfig_Privacy.bundle/PrivacyInfo.xcprivacy ... 
2025-12-15 07:37:07 +0000  1482 bytes for ./Payload/KaitoYaps.app/FirebaseRemoteConfig_Privacy.bundle/PrivacyInfo.xcprivacy
2025-12-15 07:37:07 +0000  copying file ./Payload/KaitoYaps.app/FirebaseRemoteConfig_Privacy.bundle/Info.plist ... 
2025-12-15 07:37:07 +0000  803 bytes for ./Payload/KaitoYaps.app/FirebaseRemoteConfig_Privacy.bundle/Info.plist
2025-12-15 07:37:07 +0000  copying file ./Payload/KaitoYaps.app/ExpoSystemUI_privacy.bundle/PrivacyInfo.xcprivacy ... 
2025-12-15 07:37:07 +0000  607 bytes for ./Payload/KaitoYaps.app/ExpoSystemUI_privacy.bundle/PrivacyInfo.xcprivacy
2025-12-15 07:37:07 +0000  copying file ./Payload/KaitoYaps.app/ExpoSystemUI_privacy.bundle/Info.plist ... 
2025-12-15 07:37:07 +0000  787 bytes for ./Payload/KaitoYaps.app/ExpoSystemUI_privacy.bundle/Info.plist
2025-12-15 07:37:07 +0000  copying file ./Payload/KaitoYaps.app/ReachabilitySwift.bundle/PrivacyInfo.xcprivacy ... 
2025-12-15 07:37:07 +0000  228 bytes for ./Payload/KaitoYaps.app/ReachabilitySwift.bundle/PrivacyInfo.xcprivacy
2025-12-15 07:37:07 +0000  copying file ./Payload/KaitoYaps.app/ReachabilitySwift.bundle/Info.plist ... 
2025-12-15 07:37:07 +0000  780 bytes for ./Payload/KaitoYaps.app/ReachabilitySwift.bundle/Info.plist
2025-12-15 07:37:07 +0000  copying file ./Payload/KaitoYaps.app/glog_privacy.bundle/Info.plist ... 
2025-12-15 07:37:07 +0000  768 bytes for ./Payload/KaitoYaps.app/glog_privacy.bundle/Info.plist
2025-12-15 07:37:07 +0000  copying file ./Payload/KaitoYaps.app/FBLPromises_Privacy.bundle/PrivacyInfo.xcprivacy ... 
2025-12-15 07:37:07 +0000  373 bytes for ./Payload/KaitoYaps.app/FBLPromises_Privacy.bundle/PrivacyInfo.xcprivacy
2025-12-15 07:37:07 +0000  copying file ./Payload/KaitoYaps.app/FBLPromises_Privacy.bundle/Info.plist ... 
2025-12-15 07:37:07 +0000  783 bytes for ./Payload/KaitoYaps.app/FBLPromises_Privacy.bundle/Info.plist
2025-12-15 07:37:07 +0000  copying file ./Payload/KaitoYaps.app/PlugIns/OneSignalNotificationServiceExtension.appex/_CodeSignature/CodeResources ... 
2025-12-15 07:37:07 +0000  2040 bytes for ./Payload/KaitoYaps.app/PlugIns/OneSignalNotificationServiceExtension.appex/_CodeSignature/CodeResources
2025-12-15 07:37:07 +0000  copying file ./Payload/KaitoYaps.app/PlugIns/OneSignalNotificationServiceExtension.appex/OneSignalNotificationServiceExtension ... 
2025-12-15 07:37:07 +0000  74256 bytes for ./Payload/KaitoYaps.app/PlugIns/OneSignalNotificationServiceExtension.appex/OneSignalNotificationServiceExtension
2025-12-15 07:37:07 +0000  copying file ./Payload/KaitoYaps.app/PlugIns/OneSignalNotificationServiceExtension.appex/embedded.mobileprovision ... 
2025-12-15 07:37:07 +0000  21469 bytes for ./Payload/KaitoYaps.app/PlugIns/OneSignalNotificationServiceExtension.appex/embedded.mobileprovision
2025-12-15 07:37:07 +0000  copying file ./Payload/KaitoYaps.app/PlugIns/OneSignalNotificationServiceExtension.appex/Info.plist ... 
2025-12-15 07:37:07 +0000  993 bytes for ./Payload/KaitoYaps.app/PlugIns/OneSignalNotificationServiceExtension.appex/Info.plist
2025-12-15 07:37:07 +0000  copying file ./Payload/KaitoYaps.app/AppIcon60x60@2x.png ... 
2025-12-15 07:37:07 +0000  4850 bytes for ./Payload/KaitoYaps.app/AppIcon60x60@2x.png
2025-12-15 07:37:07 +0000  copying file ./Payload/KaitoYaps.app/ExpoConstants_privacy.bundle/PrivacyInfo.xcprivacy ... 
2025-12-15 07:37:07 +0000  607 bytes for ./Payload/KaitoYaps.app/ExpoConstants_privacy.bundle/PrivacyInfo.xcprivacy
2025-12-15 07:37:07 +0000  copying file ./Payload/KaitoYaps.app/ExpoConstants_privacy.bundle/Info.plist ... 
2025-12-15 07:37:07 +0000  789 bytes for ./Payload/KaitoYaps.app/ExpoConstants_privacy.bundle/Info.plist
2025-12-15 07:37:07 +0000  copying file ./Payload/KaitoYaps.app/FirebaseCoreInternal_Privacy.bundle/PrivacyInfo.xcprivacy ... 
2025-12-15 07:37:07 +0000  855 bytes for ./Payload/KaitoYaps.app/FirebaseCoreInternal_Privacy.bundle/PrivacyInfo.xcprivacy
2025-12-15 07:37:07 +0000  copying file ./Payload/KaitoYaps.app/FirebaseCoreInternal_Privacy.bundle/Info.plist ... 
2025-12-15 07:37:07 +0000  803 bytes for ./Payload/KaitoYaps.app/FirebaseCoreInternal_Privacy.bundle/Info.plist
2025-12-15 07:37:07 +0000  copying file ./Payload/KaitoYaps.app/GoogleDataTransport_Privacy.bundle/PrivacyInfo.xcprivacy ... 
2025-12-15 07:37:07 +0000  1105 bytes for ./Payload/KaitoYaps.app/GoogleDataTransport_Privacy.bundle/PrivacyInfo.xcprivacy
2025-12-15 07:37:07 +0000  copying file ./Payload/KaitoYaps.app/GoogleDataTransport_Privacy.bundle/Info.plist ... 
2025-12-15 07:37:07 +0000  801 bytes for ./Payload/KaitoYaps.app/GoogleDataTransport_Privacy.bundle/Info.plist
2025-12-15 07:37:07 +0000  copying file ./Payload/KaitoYaps.app/React-cxxreact_privacy.bundle/PrivacyInfo.xcprivacy ... 
2025-12-15 07:37:07 +0000  552 bytes for ./Payload/KaitoYaps.app/React-cxxreact_privacy.bundle/PrivacyInfo.xcprivacy
2025-12-15 07:37:07 +0000  copying file ./Payload/KaitoYaps.app/React-cxxreact_privacy.bundle/Info.plist ... 
2025-12-15 07:37:07 +0000  791 bytes for ./Payload/KaitoYaps.app/React-cxxreact_privacy.bundle/Info.plist
2025-12-15 07:37:07 +0000  copying file ./Payload/KaitoYaps.app/nanopb_Privacy.bundle/PrivacyInfo.xcprivacy ... 
2025-12-15 07:37:07 +0000  374 bytes for ./Payload/KaitoYaps.app/nanopb_Privacy.bundle/PrivacyInfo.xcprivacy
2025-12-15 07:37:07 +0000  copying file ./Payload/KaitoYaps.app/nanopb_Privacy.bundle/Info.plist ... 
2025-12-15 07:37:07 +0000  776 bytes for ./Payload/KaitoYaps.app/nanopb_Privacy.bundle/Info.plist
2025-12-15 07:37:07 +0000  copying file ./Payload/KaitoYaps.app/GoogleService-Info.plist ... 
2025-12-15 07:37:07 +0000  480 bytes for ./Payload/KaitoYaps.app/GoogleService-Info.plist
2025-12-15 07:37:07 +0000  copying file ./Payload/KaitoYaps.app/FirebaseCoreExtension_Privacy.bundle/PrivacyInfo.xcprivacy ... 
2025-12-15 07:37:07 +0000  478 bytes for ./Payload/KaitoYaps.app/FirebaseCoreExtension_Privacy.bundle/PrivacyInfo.xcprivacy
2025-12-15 07:37:07 +0000  copying file ./Payload/KaitoYaps.app/FirebaseCoreExtension_Privacy.bundle/Info.plist ... 
2025-12-15 07:37:07 +0000  805 bytes for ./Payload/KaitoYaps.app/FirebaseCoreExtension_Privacy.bundle/Info.plist
2025-12-15 07:37:07 +0000  copying file ./Payload/KaitoYaps.app/ExpoApplication_privacy.bundle/PrivacyInfo.xcprivacy ... 
2025-12-15 07:37:07 +0000  608 bytes for ./Payload/KaitoYaps.app/ExpoApplication_privacy.bundle/PrivacyInfo.xcprivacy
2025-12-15 07:37:07 +0000  copying file ./Payload/KaitoYaps.app/ExpoApplication_privacy.bundle/Info.plist ... 
2025-12-15 07:37:07 +0000  792 bytes for ./Payload/KaitoYaps.app/ExpoApplication_privacy.bundle/Info.plist
2025-12-15 07:37:07 +0000  copying file ./Payload/KaitoYaps.app/RCT-Folly_privacy.bundle/Info.plist ... 
2025-12-15 07:37:07 +0000  785 bytes for ./Payload/KaitoYaps.app/RCT-Folly_privacy.bundle/Info.plist
2025-12-15 07:37:07 +0000  copying file ./Payload/KaitoYaps.app/Assets.car ... 
2025-12-15 07:37:07 +0000  295560 bytes for ./Payload/KaitoYaps.app/Assets.car
2025-12-15 07:37:07 +0000  copying file ./Payload/KaitoYaps.app/FirebaseInstallations_Privacy.bundle/PrivacyInfo.xcprivacy ... 
2025-12-15 07:37:07 +0000  1105 bytes for ./Payload/KaitoYaps.app/FirebaseInstallations_Privacy.bundle/PrivacyInfo.xcprivacy
2025-12-15 07:37:07 +0000  copying file ./Payload/KaitoYaps.app/FirebaseInstallations_Privacy.bundle/Info.plist ... 
2025-12-15 07:37:07 +0000  805 bytes for ./Payload/KaitoYaps.app/FirebaseInstallations_Privacy.bundle/Info.plist
2025-12-15 07:37:07 +0000  copying file ./Payload/KaitoYaps.app/AppIcon76x76@2x~ipad.png ... 
2025-12-15 07:37:07 +0000  5965 bytes for ./Payload/KaitoYaps.app/AppIcon76x76@2x~ipad.png
2025-12-15 07:37:07 +0000  copying file ./Payload/KaitoYaps.app/GoogleUtilities_Privacy.bundle/PrivacyInfo.xcprivacy ... 
2025-12-15 07:37:07 +0000  1233 bytes for ./Payload/KaitoYaps.app/GoogleUtilities_Privacy.bundle/PrivacyInfo.xcprivacy
2025-12-15 07:37:07 +0000  copying file ./Payload/KaitoYaps.app/GoogleUtilities_Privacy.bundle/Info.plist ... 
2025-12-15 07:37:07 +0000  792 bytes for ./Payload/KaitoYaps.app/GoogleUtilities_Privacy.bundle/Info.plist
2025-12-15 07:37:07 +0000  copying file ./Payload/KaitoYaps.app/EXConstants.bundle/app.config ... 
2025-12-15 07:37:07 +0000  2375 bytes for ./Payload/KaitoYaps.app/EXConstants.bundle/app.config
2025-12-15 07:37:07 +0000  copying file ./Payload/KaitoYaps.app/EXConstants.bundle/Info.plist ... 
2025-12-15 07:37:07 +0000  767 bytes for ./Payload/KaitoYaps.app/EXConstants.bundle/Info.plist
2025-12-15 07:37:07 +0000  copying file ./Payload/KaitoYaps.app/SDWebImage.bundle/PrivacyInfo.xcprivacy ... 
2025-12-15 07:37:07 +0000  599 bytes for ./Payload/KaitoYaps.app/SDWebImage.bundle/PrivacyInfo.xcprivacy
2025-12-15 07:37:07 +0000  copying file ./Payload/KaitoYaps.app/SDWebImage.bundle/Info.plist ... 
2025-12-15 07:37:07 +0000  764 bytes for ./Payload/KaitoYaps.app/SDWebImage.bundle/Info.plist
2025-12-15 07:37:07 +0000  copying file ./Payload/KaitoYaps.app/PrivacyInfo.xcprivacy ... 
2025-12-15 07:37:07 +0000  1339 bytes for ./Payload/KaitoYaps.app/PrivacyInfo.xcprivacy
2025-12-15 07:37:07 +0000  copying file ./Payload/KaitoYaps.app/EXDevLauncher.bundle/main.jsbundle ... 
2025-12-15 07:37:07 +0000  2103074 bytes for ./Payload/KaitoYaps.app/EXDevLauncher.bundle/main.jsbundle
2025-12-15 07:37:07 +0000  copying file ./Payload/KaitoYaps.app/EXDevLauncher.bundle/assets/__node_modules/@react-navigation/elements/lib/module/assets/back-icon@3x.png ... 
2025-12-15 07:37:07 +0000  761 bytes for ./Payload/KaitoYaps.app/EXDevLauncher.bundle/assets/__node_modules/@react-navigation/elements/lib/module/assets/back-icon@3x.png
2025-12-15 07:37:07 +0000  copying file ./Payload/KaitoYaps.app/EXDevLauncher.bundle/assets/__node_modules/@react-navigation/elements/lib/module/assets/back-icon@2x.png ... 
2025-12-15 07:37:07 +0000  405 bytes for ./Payload/KaitoYaps.app/EXDevLauncher.bundle/assets/__node_modules/@react-navigation/elements/lib/module/assets/back-icon@2x.png
2025-12-15 07:37:07 +0000  copying file ./Payload/KaitoYaps.app/EXDevLauncher.bundle/assets/__node_modules/@react-navigation/elements/lib/module/assets/search-icon@2x.png ... 
2025-12-15 07:37:07 +0000  589 bytes for ./Payload/KaitoYaps.app/EXDevLauncher.bundle/assets/__node_modules/@react-navigation/elements/lib/module/assets/search-icon@2x.png
2025-12-15 07:37:07 +0000  copying file ./Payload/KaitoYaps.app/EXDevLauncher.bundle/assets/__node_modules/@react-navigation/elements/lib/module/assets/clear-icon@3x.png ... 
2025-12-15 07:37:07 +0000  502 bytes for ./Payload/KaitoYaps.app/EXDevLauncher.bundle/assets/__node_modules/@react-navigation/elements/lib/module/assets/clear-icon@3x.png
2025-12-15 07:37:07 +0000  copying file ./Payload/KaitoYaps.app/EXDevLauncher.bundle/assets/__node_modules/@react-navigation/elements/lib/module/assets/back-icon.png ... 
2025-12-15 07:37:07 +0000  290 bytes for ./Payload/KaitoYaps.app/EXDevLauncher.bundle/assets/__node_modules/@react-navigation/elements/lib/module/assets/back-icon.png
2025-12-15 07:37:07 +0000  copying file ./Payload/KaitoYaps.app/EXDevLauncher.bundle/assets/__node_modules/@react-navigation/elements/lib/module/assets/clear-icon@2x.png ... 
2025-12-15 07:37:07 +0000  334 bytes for ./Payload/KaitoYaps.app/EXDevLauncher.bundle/assets/__node_modules/@react-navigation/elements/lib/module/assets/clear-icon@2x.png
2025-12-15 07:37:07 +0000  copying file ./Payload/KaitoYaps.app/EXDevLauncher.bundle/assets/__node_modules/@react-navigation/elements/lib/module/assets/search-icon@3x.png ... 
2025-12-15 07:37:07 +0000  839 bytes for ./Payload/KaitoYaps.app/EXDevLauncher.bundle/assets/__node_modules/@react-navigation/elements/lib/module/assets/search-icon@3x.png
2025-12-15 07:37:07 +0000  copying file ./Payload/KaitoYaps.app/EXDevLauncher.bundle/assets/__node_modules/@react-navigation/elements/lib/module/assets/close-icon.png ... 
2025-12-15 07:37:07 +0000  141 bytes for ./Payload/KaitoYaps.app/EXDevLauncher.bundle/assets/__node_modules/@react-navigation/elements/lib/module/assets/close-icon.png
2025-12-15 07:37:07 +0000  copying file ./Payload/KaitoYaps.app/EXDevLauncher.bundle/assets/__node_modules/@react-navigation/elements/lib/module/assets/back-icon-mask.png ... 
2025-12-15 07:37:07 +0000  653 bytes for ./Payload/KaitoYaps.app/EXDevLauncher.bundle/assets/__node_modules/@react-navigation/elements/lib/module/assets/back-icon-mask.png
2025-12-15 07:37:07 +0000  copying file ./Payload/KaitoYaps.app/EXDevLauncher.bundle/assets/__node_modules/@react-navigation/elements/lib/module/assets/close-icon@2x.png ... 
2025-12-15 07:37:07 +0000  201 bytes for ./Payload/KaitoYaps.app/EXDevLauncher.bundle/assets/__node_modules/@react-navigation/elements/lib/module/assets/close-icon@2x.png
2025-12-15 07:37:07 +0000  copying file ./Payload/KaitoYaps.app/EXDevLauncher.bundle/assets/__node_modules/@react-navigation/elements/lib/module/assets/close-icon@3x.png ... 
2025-12-15 07:37:07 +0000  266 bytes for ./Payload/KaitoYaps.app/EXDevLauncher.bundle/assets/__node_modules/@react-navigation/elements/lib/module/assets/close-icon@3x.png
2025-12-15 07:37:07 +0000  copying file ./Payload/KaitoYaps.app/EXDevLauncher.bundle/assets/__node_modules/@react-navigation/elements/lib/module/assets/clear-icon.png ... 
2025-12-15 07:37:07 +0000  220 bytes for ./Payload/KaitoYaps.app/EXDevLauncher.bundle/assets/__node_modules/@react-navigation/elements/lib/module/assets/clear-icon.png
2025-12-15 07:37:07 +0000  copying file ./Payload/KaitoYaps.app/EXDevLauncher.bundle/assets/__node_modules/@react-navigation/elements/lib/module/assets/search-icon.png ... 
2025-12-15 07:37:07 +0000  317 bytes for ./Payload/KaitoYaps.app/EXDevLauncher.bundle/assets/__node_modules/@react-navigation/elements/lib/module/assets/search-icon.png
2025-12-15 07:37:07 +0000  copying file ./Payload/KaitoYaps.app/EXDevLauncher.bundle/assets/_expo-dev-client-components/assets/three-finger-long-press-icon.png ... 
2025-12-15 07:37:07 +0000  395 bytes for ./Payload/KaitoYaps.app/EXDevLauncher.bundle/assets/_expo-dev-client-components/assets/three-finger-long-press-icon.png
2025-12-15 07:37:07 +0000  copying file ./Payload/KaitoYaps.app/EXDevLauncher.bundle/assets/_expo-dev-client-components/assets/toolbar-overlay-icon.png ... 
2025-12-15 07:37:07 +0000  382 bytes for ./Payload/KaitoYaps.app/EXDevLauncher.bundle/assets/_expo-dev-client-components/assets/toolbar-overlay-icon.png
2025-12-15 07:37:07 +0000  copying file ./Payload/KaitoYaps.app/EXDevLauncher.bundle/assets/_expo-dev-client-components/assets/terminal-icon.png ... 
2025-12-15 07:37:07 +0000  379 bytes for ./Payload/KaitoYaps.app/EXDevLauncher.bundle/assets/_expo-dev-client-components/assets/terminal-icon.png
2025-12-15 07:37:07 +0000  copying file ./Payload/KaitoYaps.app/EXDevLauncher.bundle/assets/_expo-dev-client-components/assets/extensions-filled-active-icon@3x.png ... 
2025-12-15 07:37:07 +0000  649 bytes for ./Payload/KaitoYaps.app/EXDevLauncher.bundle/assets/_expo-dev-client-components/assets/extensions-filled-active-icon@3x.png
2025-12-15 07:37:07 +0000  copying file ./Payload/KaitoYaps.app/EXDevLauncher.bundle/assets/_expo-dev-client-components/assets/logo-icon@3x.png ... 
2025-12-15 07:37:07 +0000  13318 bytes for ./Payload/KaitoYaps.app/EXDevLauncher.bundle/assets/_expo-dev-client-components/assets/logo-icon@3x.png
2025-12-15 07:37:07 +0000  copying file ./Payload/KaitoYaps.app/EXDevLauncher.bundle/assets/_expo-dev-client-components/assets/info-icon-light.png ... 
2025-12-15 07:37:07 +0000  524 bytes for ./Payload/KaitoYaps.app/EXDevLauncher.bundle/assets/_expo-dev-client-components/assets/info-icon-light.png
2025-12-15 07:37:07 +0000  copying file ./Payload/KaitoYaps.app/EXDevLauncher.bundle/assets/_expo-dev-client-components/assets/warning-triangle-icon.png ... 
2025-12-15 07:37:07 +0000  373 bytes for ./Payload/KaitoYaps.app/EXDevLauncher.bundle/assets/_expo-dev-client-components/assets/warning-triangle-icon.png
2025-12-15 07:37:07 +0000  copying file ./Payload/KaitoYaps.app/EXDevLauncher.bundle/assets/_expo-dev-client-components/assets/info-icon-light@3x.png ... 
2025-12-15 07:37:07 +0000  1400 bytes for ./Payload/KaitoYaps.app/EXDevLauncher.bundle/assets/_expo-dev-client-components/assets/info-icon-light@3x.png
2025-12-15 07:37:07 +0000  copying file ./Payload/KaitoYaps.app/EXDevLauncher.bundle/assets/_expo-dev-client-components/assets/settings-filled-inactive-icon-light@3x.png ... 
2025-12-15 07:37:07 +0000  1370 bytes for ./Payload/KaitoYaps.app/EXDevLauncher.bundle/assets/_expo-dev-client-components/assets/settings-filled-inactive-icon-light@3x.png
2025-12-15 07:37:07 +0000  copying file ./Payload/KaitoYaps.app/EXDevLauncher.bundle/assets/_expo-dev-client-components/assets/home-filled-active-icon-light.png ... 
2025-12-15 07:37:07 +0000  333 bytes for ./Payload/KaitoYaps.app/EXDevLauncher.bundle/assets/_expo-dev-client-components/assets/home-filled-active-icon-light.png
2025-12-15 07:37:07 +0000  copying file ./Payload/KaitoYaps.app/EXDevLauncher.bundle/assets/_expo-dev-client-components/assets/extensions-icon-light@2x.png ... 
2025-12-15 07:37:07 +0000  830 bytes for ./Payload/KaitoYaps.app/EXDevLauncher.bundle/assets/_expo-dev-client-components/assets/extensions-icon-light@2x.png
2025-12-15 07:37:07 +0000  copying file ./Payload/KaitoYaps.app/EXDevLauncher.bundle/assets/_expo-dev-client-components/assets/shake-device-icon-light@3x.png ... 
2025-12-15 07:37:07 +0000  2548 bytes for ./Payload/KaitoYaps.app/EXDevLauncher.bundle/assets/_expo-dev-client-components/assets/shake-device-icon-light@3x.png
2025-12-15 07:37:07 +0000  copying file ./Payload/KaitoYaps.app/EXDevLauncher.bundle/assets/_expo-dev-client-components/assets/settings-filled-active-icon-light.png ... 
2025-12-15 07:37:07 +0000  563 bytes for ./Payload/KaitoYaps.app/EXDevLauncher.bundle/assets/_expo-dev-client-components/assets/settings-filled-active-icon-light.png
2025-12-15 07:37:07 +0000  copying file ./Payload/KaitoYaps.app/EXDevLauncher.bundle/assets/_expo-dev-client-components/assets/x-icon-light@3x.png ... 
2025-12-15 07:37:07 +0000  578 bytes for ./Payload/KaitoYaps.app/EXDevLauncher.bundle/assets/_expo-dev-client-components/assets/x-icon-light@3x.png
2025-12-15 07:37:07 +0000  copying file ./Payload/KaitoYaps.app/EXDevLauncher.bundle/assets/_expo-dev-client-components/assets/settings-filled-inactive-icon.png ... 
2025-12-15 07:37:07 +0000  543 bytes for ./Payload/KaitoYaps.app/EXDevLauncher.bundle/assets/_expo-dev-client-components/assets/settings-filled-inactive-icon.png
2025-12-15 07:37:07 +0000  copying file ./Payload/KaitoYaps.app/EXDevLauncher.bundle/assets/_expo-dev-client-components/assets/branch-icon-light.png ... 
2025-12-15 07:37:07 +0000  592 bytes for ./Payload/KaitoYaps.app/EXDevLauncher.bundle/assets/_expo-dev-client-components/assets/branch-icon-light.png
2025-12-15 07:37:07 +0000  copying file ./Payload/KaitoYaps.app/EXDevLauncher.bundle/assets/_expo-dev-client-components/assets/home-filled-inactive-icon@3x.png ... 
2025-12-15 07:37:07 +0000  598 bytes for ./Payload/KaitoYaps.app/EXDevLauncher.bundle/assets/_expo-dev-client-components/assets/home-filled-inactive-icon@3x.png
copying file ./Payload/KaitoYaps.app/EXDevLauncher.bundle/assets/_expo-dev-client-components/assets/settings-filled-inactive-icon@2x.png ... 
2025-12-15 07:37:07 +0000  1066 bytes for ./Payload/KaitoYaps.app/EXDevLauncher.bundle/assets/_expo-dev-client-components/assets/settings-filled-inactive-icon@2x.png
2025-12-15 07:37:07 +0000  copying file ./Payload/KaitoYaps.app/EXDevLauncher.bundle/assets/_expo-dev-client-components/assets/performance-icon@2x.png ... 
2025-12-15 07:37:07 +0000  990 bytes for ./Payload/KaitoYaps.app/EXDevLauncher.bundle/assets/_expo-dev-client-components/assets/performance-icon@2x.png
2025-12-15 07:37:07 +0000  copying file ./Payload/KaitoYaps.app/EXDevLauncher.bundle/assets/_expo-dev-client-components/assets/inspect-element-icon.png ... 
2025-12-15 07:37:07 +0000  319 bytes for ./Payload/KaitoYaps.app/EXDevLauncher.bundle/assets/_expo-dev-client-components/assets/inspect-element-icon.png
2025-12-15 07:37:07 +0000  copying file ./Payload/KaitoYaps.app/EXDevLauncher.bundle/assets/_expo-dev-client-components/assets/home-filled-inactive-icon-light@2x.png ... 
2025-12-15 07:37:07 +0000  480 bytes for ./Payload/KaitoYaps.app/EXDevLauncher.bundle/assets/_expo-dev-client-components/assets/home-filled-inactive-icon-light@2x.png
2025-12-15 07:37:07 +0000  copying file ./Payload/KaitoYaps.app/EXDevLauncher.bundle/assets/_expo-dev-client-components/assets/home-filled-inactive-icon-light@3x.png ... 
2025-12-15 07:37:07 +0000  583 bytes for ./Payload/KaitoYaps.app/EXDevLauncher.bundle/assets/_expo-dev-client-components/assets/home-filled-inactive-icon-light@3x.png
2025-12-15 07:37:07 +0000  copying file ./Payload/KaitoYaps.app/EXDevLauncher.bundle/assets/_expo-dev-client-components/assets/home-filled-inactive-icon@2x.png ... 
2025-12-15 07:37:07 +0000  482 bytes for ./Payload/KaitoYaps.app/EXDevLauncher.bundle/assets/_expo-dev-client-components/assets/home-filled-inactive-icon@2x.png
2025-12-15 07:37:07 +0000  copying file ./Payload/KaitoYaps.app/EXDevLauncher.bundle/assets/_expo-dev-client-components/assets/settings-filled-inactive-icon@3x.png ... 
2025-12-15 07:37:07 +0000  1348 bytes for ./Payload/KaitoYaps.app/EXDevLauncher.bundle/assets/_expo-dev-client-components/assets/settings-filled-inactive-icon@3x.png
2025-12-15 07:37:07 +0000  copying file ./Payload/KaitoYaps.app/EXDevLauncher.bundle/assets/_expo-dev-client-components/assets/performance-icon@3x.png ... 
2025-12-15 07:37:07 +0000  1405 bytes for ./Payload/KaitoYaps.app/EXDevLauncher.bundle/assets/_expo-dev-client-components/assets/performance-icon@3x.png
2025-12-15 07:37:07 +0000  copying file ./Payload/KaitoYaps.app/EXDevLauncher.bundle/assets/_expo-dev-client-components/assets/building-icon.png ... 
2025-12-15 07:37:07 +0000  225 bytes for ./Payload/KaitoYaps.app/EXDevLauncher.bundle/assets/_expo-dev-client-components/assets/building-icon.png
2025-12-15 07:37:07 +0000  copying file ./Payload/KaitoYaps.app/EXDevLauncher.bundle/assets/_expo-dev-client-components/assets/check-icon-light.png ... 
2025-12-15 07:37:07 +0000  284 bytes for ./Payload/KaitoYaps.app/EXDevLauncher.bundle/assets/_expo-dev-client-components/assets/check-icon-light.png
2025-12-15 07:37:07 +0000  copying file ./Payload/KaitoYaps.app/EXDevLauncher.bundle/assets/_expo-dev-client-components/assets/x-icon-light@2x.png ... 
2025-12-15 07:37:07 +0000  433 bytes for ./Payload/KaitoYaps.app/EXDevLauncher.bundle/assets/_expo-dev-client-components/assets/x-icon-light@2x.png
2025-12-15 07:37:07 +0000  copying file ./Payload/KaitoYaps.app/EXDevLauncher.bundle/assets/_expo-dev-client-components/assets/branch-icon.png ... 
2025-12-15 07:37:07 +0000  575 bytes for ./Payload/KaitoYaps.app/EXDevLauncher.bundle/assets/_expo-dev-client-components/assets/branch-icon.png
2025-12-15 07:37:07 +0000  copying file ./Payload/KaitoYaps.app/EXDevLauncher.bundle/assets/_expo-dev-client-components/assets/shake-device-icon-light@2x.png ... 
2025-12-15 07:37:07 +0000  1674 bytes for ./Payload/KaitoYaps.app/EXDevLauncher.bundle/assets/_expo-dev-client-components/assets/shake-device-icon-light@2x.png
2025-12-15 07:37:07 +0000  copying file ./Payload/KaitoYaps.app/EXDevLauncher.bundle/assets/_expo-dev-client-components/assets/extensions-icon-light@3x.png ... 
2025-12-15 07:37:07 +0000  1265 bytes for ./Payload/KaitoYaps.app/EXDevLauncher.bundle/assets/_expo-dev-client-components/assets/extensions-icon-light@3x.png
2025-12-15 07:37:07 +0000  copying file ./Payload/KaitoYaps.app/EXDevLauncher.bundle/assets/_expo-dev-client-components/assets/settings-filled-inactive-icon-light@2x.png ... 
2025-12-15 07:37:07 +0000  1066 bytes for ./Payload/KaitoYaps.app/EXDevLauncher.bundle/assets/_expo-dev-client-components/assets/settings-filled-inactive-icon-light@2x.png
2025-12-15 07:37:07 +0000  copying file ./Payload/KaitoYaps.app/EXDevLauncher.bundle/assets/_expo-dev-client-components/assets/info-icon-light@2x.png ... 
2025-12-15 07:37:07 +0000  966 bytes for ./Payload/KaitoYaps.app/EXDevLauncher.bundle/assets/_expo-dev-client-components/assets/info-icon-light@2x.png
2025-12-15 07:37:07 +0000  copying file ./Payload/KaitoYaps.app/EXDevLauncher.bundle/assets/_expo-dev-client-components/assets/logo-icon.png ... 
2025-12-15 07:37:07 +0000  3687 bytes for ./Payload/KaitoYaps.app/EXDevLauncher.bundle/assets/_expo-dev-client-components/assets/logo-icon.png
2025-12-15 07:37:07 +0000  copying file ./Payload/KaitoYaps.app/EXDevLauncher.bundle/assets/_expo-dev-client-components/assets/logo-icon@2x.png ... 
2025-12-15 07:37:07 +0000  8115 bytes for ./Payload/KaitoYaps.app/EXDevLauncher.bundle/assets/_expo-dev-client-components/assets/logo-icon@2x.png
2025-12-15 07:37:07 +0000  copying file ./Payload/KaitoYaps.app/EXDevLauncher.bundle/assets/_expo-dev-client-components/assets/extensions-filled-active-icon@2x.png ... 
2025-12-15 07:37:07 +0000  469 bytes for ./Payload/KaitoYaps.app/EXDevLauncher.bundle/assets/_expo-dev-client-components/assets/extensions-filled-active-icon@2x.png
2025-12-15 07:37:07 +0000  copying file ./Payload/KaitoYaps.app/EXDevLauncher.bundle/assets/_expo-dev-client-components/assets/three-finger-long-press-icon-light.png ... 
2025-12-15 07:37:07 +0000  415 bytes for ./Payload/KaitoYaps.app/EXDevLauncher.bundle/assets/_expo-dev-client-components/assets/three-finger-long-press-icon-light.png
2025-12-15 07:37:07 +0000  copying file ./Payload/KaitoYaps.app/EXDevLauncher.bundle/assets/_expo-dev-client-components/assets/show-menu-at-launch-icon-light.png ... 
2025-12-15 07:37:07 +0000  357 bytes for ./Payload/KaitoYaps.app/EXDevLauncher.bundle/assets/_expo-dev-client-components/assets/show-menu-at-launch-icon-light.png
2025-12-15 07:37:07 +0000  copying file ./Payload/KaitoYaps.app/EXDevLauncher.bundle/assets/_expo-dev-client-components/assets/x-icon-light.png ... 
2025-12-15 07:37:07 +0000  257 bytes for ./Payload/KaitoYaps.app/EXDevLauncher.bundle/assets/_expo-dev-client-components/assets/x-icon-light.png
2025-12-15 07:37:07 +0000  copying file ./Payload/KaitoYaps.app/EXDevLauncher.bundle/assets/_expo-dev-client-components/assets/user-icon.png ... 
2025-12-15 07:37:07 +0000  356 bytes for ./Payload/KaitoYaps.app/EXDevLauncher.bundle/assets/_expo-dev-client-components/assets/user-icon.png
2025-12-15 07:37:07 +0000  copying file ./Payload/KaitoYaps.app/EXDevLauncher.bundle/assets/_expo-dev-client-components/assets/x-icon.png ... 
2025-12-15 07:37:07 +0000  253 bytes for ./Payload/KaitoYaps.app/EXDevLauncher.bundle/assets/_expo-dev-client-components/assets/x-icon.png
2025-12-15 07:37:07 +0000  copying file ./Payload/KaitoYaps.app/EXDevLauncher.bundle/assets/_expo-dev-client-components/assets/home-filled-active-icon.png ... 
2025-12-15 07:37:07 +0000  339 bytes for ./Payload/KaitoYaps.app/EXDevLauncher.bundle/assets/_expo-dev-client-components/assets/home-filled-active-icon.png
2025-12-15 07:37:07 +0000  copying file ./Payload/KaitoYaps.app/EXDevLauncher.bundle/assets/_expo-dev-client-components/assets/debug-icon@3x.png ... 
2025-12-15 07:37:07 +0000  667 bytes for ./Payload/KaitoYaps.app/EXDevLauncher.bundle/assets/_expo-dev-client-components/assets/debug-icon@3x.png
2025-12-15 07:37:07 +0000  copying file ./Payload/KaitoYaps.app/EXDevLauncher.bundle/assets/_expo-dev-client-components/assets/inspect-element-icon@2x.png ... 
2025-12-15 07:37:07 +0000  423 bytes for ./Payload/KaitoYaps.app/EXDevLauncher.bundle/assets/_expo-dev-client-components/assets/inspect-element-icon@2x.png
2025-12-15 07:37:07 +0000  copying file ./Payload/KaitoYaps.app/EXDevLauncher.bundle/assets/_expo-dev-client-components/assets/home-filled-inactive-icon-light.png ... 
2025-12-15 07:37:07 +0000  334 bytes for ./Payload/KaitoYaps.app/EXDevLauncher.bundle/assets/_expo-dev-client-components/assets/home-filled-inactive-icon-light.png
2025-12-15 07:37:07 +0000  copying file ./Payload/KaitoYaps.app/EXDevLauncher.bundle/assets/_expo-dev-client-components/assets/terminal-icon@3x.png ... 
2025-12-15 07:37:07 +0000  961 bytes for ./Payload/KaitoYaps.app/EXDevLauncher.bundle/assets/_expo-dev-client-components/assets/terminal-icon@3x.png
2025-12-15 07:37:07 +0000  copying file ./Payload/KaitoYaps.app/EXDevLauncher.bundle/assets/_expo-dev-client-components/assets/performance-icon.png ... 
2025-12-15 07:37:07 +0000  532 bytes for ./Payload/KaitoYaps.app/EXDevLauncher.bundle/assets/_expo-dev-client-components/assets/performance-icon.png
2025-12-15 07:37:07 +0000  copying file ./Payload/KaitoYaps.app/EXDevLauncher.bundle/assets/_expo-dev-client-components/assets/three-finger-long-press-icon-light@2x.png ... 
2025-12-15 07:37:07 +0000  563 bytes for ./Payload/KaitoYaps.app/EXDevLauncher.bundle/assets/_expo-dev-client-components/assets/three-finger-long-press-icon-light@2x.png
2025-12-15 07:37:07 +0000  copying file ./Payload/KaitoYaps.app/EXDevLauncher.bundle/assets/_expo-dev-client-components/assets/extensions-filled-active-icon-light@3x.png ... 
2025-12-15 07:37:07 +0000  642 bytes for ./Payload/KaitoYaps.app/EXDevLauncher.bundle/assets/_expo-dev-client-components/assets/extensions-filled-active-icon-light@3x.png
2025-12-15 07:37:07 +0000  copying file ./Payload/KaitoYaps.app/EXDevLauncher.bundle/assets/_expo-dev-client-components/assets/settings-filled-inactive-icon-light.png ... 
2025-12-15 07:37:07 +0000  537 bytes for ./Payload/KaitoYaps.app/EXDevLauncher.bundle/assets/_expo-dev-client-components/assets/settings-filled-inactive-icon-light.png
2025-12-15 07:37:07 +0000  copying file ./Payload/KaitoYaps.app/EXDevLauncher.bundle/assets/_expo-dev-client-components/assets/show-menu-at-launch-icon-light@2x.png ... 
2025-12-15 07:37:07 +0000  518 bytes for ./Payload/KaitoYaps.app/EXDevLauncher.bundle/assets/_expo-dev-client-components/assets/show-menu-at-launch-icon-light@2x.png
2025-12-15 07:37:07 +0000  copying file ./Payload/KaitoYaps.app/EXDevLauncher.bundle/assets/_expo-dev-client-components/assets/clipboard-icon@3x.png ... 
2025-12-15 07:37:07 +0000  809 bytes for ./Payload/KaitoYaps.app/EXDevLauncher.bundle/assets/_expo-dev-client-components/assets/clipboard-icon@3x.png
2025-12-15 07:37:07 +0000  copying file ./Payload/KaitoYaps.app/EXDevLauncher.bundle/assets/_expo-dev-client-components/assets/settings-filled-active-icon.png ... 
2025-12-15 07:37:07 +0000  542 bytes for ./Payload/KaitoYaps.app/EXDevLauncher.bundle/assets/_expo-dev-client-components/assets/settings-filled-active-icon.png
2025-12-15 07:37:07 +0000  copying file ./Payload/KaitoYaps.app/EXDevLauncher.bundle/assets/_expo-dev-client-components/assets/loading-indicator-icon@2x.png ... 
2025-12-15 07:37:07 +0000  1757 bytes for ./Payload/KaitoYaps.app/EXDevLauncher.bundle/assets/_expo-dev-client-components/assets/loading-indicator-icon@2x.png
2025-12-15 07:37:07 +0000  copying file ./Payload/KaitoYaps.app/EXDevLauncher.bundle/assets/_expo-dev-client-components/assets/shake-device-icon.png ... 
2025-12-15 07:37:07 +0000  844 bytes for ./Payload/KaitoYaps.app/EXDevLauncher.bundle/assets/_expo-dev-client-components/assets/shake-device-icon.png
2025-12-15 07:37:07 +0000  copying file ./Payload/KaitoYaps.app/EXDevLauncher.bundle/assets/_expo-dev-client-components/assets/settings-filled-active-icon-light@2x.png ... 
2025-12-15 07:37:07 +0000  1066 bytes for ./Payload/KaitoYaps.app/EXDevLauncher.bundle/assets/_expo-dev-client-components/assets/settings-filled-active-icon-light@2x.png
2025-12-15 07:37:07 +0000  copying file ./Payload/KaitoYaps.app/EXDevLauncher.bundle/assets/_expo-dev-client-components/assets/x-icon@2x.png ... 
2025-12-15 07:37:07 +0000  464 bytes for ./Payload/KaitoYaps.app/EXDevLauncher.bundle/assets/_expo-dev-client-components/assets/x-icon@2x.png
2025-12-15 07:37:07 +0000  copying file ./Payload/KaitoYaps.app/EXDevLauncher.bundle/assets/_expo-dev-client-components/assets/update-icon@2x.png ... 
2025-12-15 07:37:07 +0000  477 bytes for ./Payload/KaitoYaps.app/EXDevLauncher.bundle/assets/_expo-dev-client-components/assets/update-icon@2x.png
2025-12-15 07:37:07 +0000  copying file ./Payload/KaitoYaps.app/EXDevLauncher.bundle/assets/_expo-dev-client-components/assets/settings-filled-active-icon@3x.png ... 
2025-12-15 07:37:07 +0000  1406 bytes for ./Payload/KaitoYaps.app/EXDevLauncher.bundle/assets/_expo-dev-client-components/assets/settings-filled-active-icon@3x.png
2025-12-15 07:37:07 +0000  copying file ./Payload/KaitoYaps.app/EXDevLauncher.bundle/assets/_expo-dev-client-components/assets/building-icon@3x.png ... 
2025-12-15 07:37:07 +0000  398 bytes for ./Payload/KaitoYaps.app/EXDevLauncher.bundle/assets/_expo-dev-client-components/assets/building-icon@3x.png
2025-12-15 07:37:07 +0000  copying file ./Payload/KaitoYaps.app/EXDevLauncher.bundle/assets/_expo-dev-client-components/assets/run-icon@2x.png ... 
2025-12-15 07:37:07 +0000  994 bytes for ./Payload/KaitoYaps.app/EXDevLauncher.bundle/assets/_expo-dev-client-components/assets/run-icon@2x.png
2025-12-15 07:37:07 +0000  copying file ./Payload/KaitoYaps.app/EXDevLauncher.bundle/assets/_expo-dev-client-components/assets/extensions-filled-inactive-icon@3x.png ... 
2025-12-15 07:37:07 +0000  617 bytes for ./Payload/KaitoYaps.app/EXDevLauncher.bundle/assets/_expo-dev-client-components/assets/extensions-filled-inactive-icon@3x.png
2025-12-15 07:37:07 +0000  copying file ./Payload/KaitoYaps.app/EXDevLauncher.bundle/assets/_expo-dev-client-components/assets/run-icon.png ... 
2025-12-15 07:37:07 +0000  594 bytes for ./Payload/KaitoYaps.app/EXDevLauncher.bundle/assets/_expo-dev-client-components/assets/run-icon.png
2025-12-15 07:37:07 +0000  copying file ./Payload/KaitoYaps.app/EXDevLauncher.bundle/assets/_expo-dev-client-components/assets/clipboard-icon.png ... 
2025-12-15 07:37:07 +0000  405 bytes for ./Payload/KaitoYaps.app/EXDevLauncher.bundle/assets/_expo-dev-client-components/assets/clipboard-icon.png
2025-12-15 07:37:07 +0000  copying file ./Payload/KaitoYaps.app/EXDevLauncher.bundle/assets/_expo-dev-client-components/assets/extensions-filled-inactive-icon@2x.png ... 
2025-12-15 07:37:07 +0000  465 bytes for ./Payload/KaitoYaps.app/EXDevLauncher.bundle/assets/_expo-dev-client-components/assets/extensions-filled-inactive-icon@2x.png
2025-12-15 07:37:07 +0000  copying file ./Payload/KaitoYaps.app/EXDevLauncher.bundle/assets/_expo-dev-client-components/assets/run-icon@3x.png ... 
2025-12-15 07:37:07 +0000  1332 bytes for ./Payload/KaitoYaps.app/EXDevLauncher.bundle/assets/_expo-dev-client-components/assets/run-icon@3x.png
2025-12-15 07:37:07 +0000  copying file ./Payload/KaitoYaps.app/EXDevLauncher.bundle/assets/_expo-dev-client-components/assets/building-icon@2x.png ... 
2025-12-15 07:37:07 +0000  306 bytes for ./Payload/KaitoYaps.app/EXDevLauncher.bundle/assets/_expo-dev-client-components/assets/building-icon@2x.png
2025-12-15 07:37:07 +0000  copying file ./Payload/KaitoYaps.app/EXDevLauncher.bundle/assets/_expo-dev-client-components/assets/settings-filled-active-icon@2x.png ... 
2025-12-15 07:37:07 +0000  1057 bytes for ./Payload/KaitoYaps.app/EXDevLauncher.bundle/assets/_expo-dev-client-components/assets/settings-filled-active-icon@2x.png
2025-12-15 07:37:07 +0000  copying file ./Payload/KaitoYaps.app/EXDevLauncher.bundle/assets/_expo-dev-client-components/assets/warning-triangle-icon-light.png ... 
2025-12-15 07:37:07 +0000  365 bytes for ./Payload/KaitoYaps.app/EXDevLauncher.bundle/assets/_expo-dev-client-components/assets/warning-triangle-icon-light.png
2025-12-15 07:37:07 +0000  copying file ./Payload/KaitoYaps.app/EXDevLauncher.bundle/assets/_expo-dev-client-components/assets/update-icon-light.png ... 
2025-12-15 07:37:07 +0000  359 bytes for ./Payload/KaitoYaps.app/EXDevLauncher.bundle/assets/_expo-dev-client-components/assets/update-icon-light.png
2025-12-15 07:37:07 +0000  copying file ./Payload/KaitoYaps.app/EXDevLauncher.bundle/assets/_expo-dev-client-components/assets/update-icon@3x.png ... 
2025-12-15 07:37:07 +0000  602 bytes for ./Payload/KaitoYaps.app/EXDevLauncher.bundle/assets/_expo-dev-client-components/assets/update-icon@3x.png
2025-12-15 07:37:07 +0000  copying file ./Payload/KaitoYaps.app/EXDevLauncher.bundle/assets/_expo-dev-client-components/assets/x-icon@3x.png ... 
2025-12-15 07:37:07 +0000  600 bytes for ./Payload/KaitoYaps.app/EXDevLauncher.bundle/assets/_expo-dev-client-components/assets/x-icon@3x.png
2025-12-15 07:37:07 +0000  copying file ./Payload/KaitoYaps.app/EXDevLauncher.bundle/assets/_expo-dev-client-components/assets/settings-filled-active-icon-light@3x.png ... 
2025-12-15 07:37:07 +0000  1406 bytes for ./Payload/KaitoYaps.app/EXDevLauncher.bundle/assets/_expo-dev-client-components/assets/settings-filled-active-icon-light@3x.png
2025-12-15 07:37:07 +0000  copying file ./Payload/KaitoYaps.app/EXDevLauncher.bundle/assets/_expo-dev-client-components/assets/loading-indicator-icon@3x.png ... 
2025-12-15 07:37:07 +0000  2623 bytes for ./Payload/KaitoYaps.app/EXDevLauncher.bundle/assets/_expo-dev-client-components/assets/loading-indicator-icon@3x.png
2025-12-15 07:37:07 +0000  copying file ./Payload/KaitoYaps.app/EXDevLauncher.bundle/assets/_expo-dev-client-components/assets/clipboard-icon@2x.png ... 
2025-12-15 07:37:07 +0000  629 bytes for ./Payload/KaitoYaps.app/EXDevLauncher.bundle/assets/_expo-dev-client-components/assets/clipboard-icon@2x.png
2025-12-15 07:37:07 +0000  copying file ./Payload/KaitoYaps.app/EXDevLauncher.bundle/assets/_expo-dev-client-components/assets/show-menu-at-launch-icon-light@3x.png ... 
2025-12-15 07:37:07 +0000  717 bytes for ./Payload/KaitoYaps.app/EXDevLauncher.bundle/assets/_expo-dev-client-components/assets/show-menu-at-launch-icon-light@3x.png
2025-12-15 07:37:07 +0000  copying file ./Payload/KaitoYaps.app/EXDevLauncher.bundle/assets/_expo-dev-client-components/assets/extensions-filled-active-icon-light@2x.png ... 
2025-12-15 07:37:07 +0000  488 bytes for ./Payload/KaitoYaps.app/EXDevLauncher.bundle/assets/_expo-dev-client-components/assets/extensions-filled-active-icon-light@2x.png
2025-12-15 07:37:07 +0000  copying file ./Payload/KaitoYaps.app/EXDevLauncher.bundle/assets/_expo-dev-client-components/assets/three-finger-long-press-icon-light@3x.png ... 
2025-12-15 07:37:07 +0000  814 bytes for ./Payload/KaitoYaps.app/EXDevLauncher.bundle/assets/_expo-dev-client-components/assets/three-finger-long-press-icon-light@3x.png
2025-12-15 07:37:07 +0000  copying file ./Payload/KaitoYaps.app/EXDevLauncher.bundle/assets/_expo-dev-client-components/assets/terminal-icon@2x.png ... 
2025-12-15 07:37:07 +0000  668 bytes for ./Payload/KaitoYaps.app/EXDevLauncher.bundle/assets/_expo-dev-client-components/assets/terminal-icon@2x.png
2025-12-15 07:37:07 +0000  copying file ./Payload/KaitoYaps.app/EXDevLauncher.bundle/assets/_expo-dev-client-components/assets/inspect-element-icon@3x.png ... 
2025-12-15 07:37:07 +0000  344 bytes for ./Payload/KaitoYaps.app/EXDevLauncher.bundle/assets/_expo-dev-client-components/assets/inspect-element-icon@3x.png
2025-12-15 07:37:07 +0000  copying file ./Payload/KaitoYaps.app/EXDevLauncher.bundle/assets/_expo-dev-client-components/assets/debug-icon@2x.png ... 
2025-12-15 07:37:07 +0000  618 bytes for ./Payload/KaitoYaps.app/EXDevLauncher.bundle/assets/_expo-dev-client-components/assets/debug-icon@2x.png
2025-12-15 07:37:07 +0000  copying file ./Payload/KaitoYaps.app/EXDevLauncher.bundle/assets/_expo-dev-client-components/assets/warning-triangle-icon@2x.png ... 
2025-12-15 07:37:07 +0000  604 bytes for ./Payload/KaitoYaps.app/EXDevLauncher.bundle/assets/_expo-dev-client-components/assets/warning-triangle-icon@2x.png
2025-12-15 07:37:07 +0000  copying file ./Payload/KaitoYaps.app/EXDevLauncher.bundle/assets/_expo-dev-client-components/assets/three-finger-long-press-icon@2x.png ... 
2025-12-15 07:37:07 +0000  560 bytes for ./Payload/KaitoYaps.app/EXDevLauncher.bundle/assets/_expo-dev-client-components/assets/three-finger-long-press-icon@2x.png
2025-12-15 07:37:07 +0000  copying file ./Payload/KaitoYaps.app/EXDevLauncher.bundle/assets/_expo-dev-client-components/assets/check-icon-light@3x.png ... 
2025-12-15 07:37:07 +0000  564 bytes for ./Payload/KaitoYaps.app/EXDevLauncher.bundle/assets/_expo-dev-client-components/assets/check-icon-light@3x.png
copying file ./Payload/KaitoYaps.app/EXDevLauncher.bundle/assets/_expo-dev-client-components/assets/user-icon-light@2x.png ... 
2025-12-15 07:37:07 +0000  1042 bytes for ./Payload/KaitoYaps.app/EXDevLauncher.bundle/assets/_expo-dev-client-components/assets/user-icon-light@2x.png
2025-12-15 07:37:07 +0000  copying file ./Payload/KaitoYaps.app/EXDevLauncher.bundle/assets/_expo-dev-client-components/assets/extensions-icon@2x.png ... 
2025-12-15 07:37:07 +0000  820 bytes for ./Payload/KaitoYaps.app/EXDevLauncher.bundle/assets/_expo-dev-client-components/assets/extensions-icon@2x.png
copying file ./Payload/KaitoYaps.app/EXDevLauncher.bundle/assets/_expo-dev-client-components/assets/update-icon.png ... 
2025-12-15 07:37:07 +0000  334 bytes for ./Payload/KaitoYaps.app/EXDevLauncher.bundle/assets/_expo-dev-client-components/assets/update-icon.png
2025-12-15 07:37:07 +0000  copying file ./Payload/KaitoYaps.app/EXDevLauncher.bundle/assets/_expo-dev-client-components/assets/shake-device-icon@2x.png ... 
2025-12-15 07:37:07 +0000  1708 bytes for ./Payload/KaitoYaps.app/EXDevLauncher.bundle/assets/_expo-dev-client-components/assets/shake-device-icon@2x.png
2025-12-15 07:37:07 +0000  copying file ./Payload/KaitoYaps.app/EXDevLauncher.bundle/assets/_expo-dev-client-components/assets/show-menu-at-launch-icon.png ... 
2025-12-15 07:37:07 +0000  364 bytes for ./Payload/KaitoYaps.app/EXDevLauncher.bundle/assets/_expo-dev-client-components/assets/show-menu-at-launch-icon.png
2025-12-15 07:37:07 +0000  copying file ./Payload/KaitoYaps.app/EXDevLauncher.bundle/assets/_expo-dev-client-components/assets/update-icon-light@3x.png ... 
2025-12-15 07:37:07 +0000  649 bytes for ./Payload/KaitoYaps.app/EXDevLauncher.bundle/assets/_expo-dev-client-components/assets/update-icon-light@3x.png
2025-12-15 07:37:07 +0000  copying file ./Payload/KaitoYaps.app/EXDevLauncher.bundle/assets/_expo-dev-client-components/assets/check-icon@2x.png ... 
2025-12-15 07:37:07 +0000  423 bytes for ./Payload/KaitoYaps.app/EXDevLauncher.bundle/assets/_expo-dev-client-components/assets/check-icon@2x.png
2025-12-15 07:37:07 +0000  copying file ./Payload/KaitoYaps.app/EXDevLauncher.bundle/assets/_expo-dev-client-components/assets/chevron-right-icon@3x.png ... 
2025-12-15 07:37:07 +0000  406 bytes for ./Payload/KaitoYaps.app/EXDevLauncher.bundle/assets/_expo-dev-client-components/assets/chevron-right-icon@3x.png
2025-12-15 07:37:07 +0000  copying file ./Payload/KaitoYaps.app/EXDevLauncher.bundle/assets/_expo-dev-client-components/assets/show-menu-at-launch-icon@3x.png ... 
2025-12-15 07:37:07 +0000  713 bytes for ./Payload/KaitoYaps.app/EXDevLauncher.bundle/assets/_expo-dev-client-components/assets/show-menu-at-launch-icon@3x.png
2025-12-15 07:37:07 +0000  copying file ./Payload/KaitoYaps.app/EXDevLauncher.bundle/assets/_expo-dev-client-components/assets/toolbar-overlay-icon@3x.png ... 
2025-12-15 07:37:07 +0000  767 bytes for ./Payload/KaitoYaps.app/EXDevLauncher.bundle/assets/_expo-dev-client-components/assets/toolbar-overlay-icon@3x.png
2025-12-15 07:37:07 +0000  copying file ./Payload/KaitoYaps.app/EXDevLauncher.bundle/assets/_expo-dev-client-components/assets/branch-icon-light@3x.png ... 
2025-12-15 07:37:07 +0000  1301 bytes for ./Payload/KaitoYaps.app/EXDevLauncher.bundle/assets/_expo-dev-client-components/assets/branch-icon-light@3x.png
2025-12-15 07:37:07 +0000  copying file ./Payload/KaitoYaps.app/EXDevLauncher.bundle/assets/_expo-dev-client-components/assets/extensions-filled-active-icon.png ... 
2025-12-15 07:37:07 +0000  309 bytes for ./Payload/KaitoYaps.app/EXDevLauncher.bundle/assets/_expo-dev-client-components/assets/extensions-filled-active-icon.png
2025-12-15 07:37:07 +0000  copying file ./Payload/KaitoYaps.app/EXDevLauncher.bundle/assets/_expo-dev-client-components/assets/info-icon@2x.png ... 
2025-12-15 07:37:07 +0000  925 bytes for ./Payload/KaitoYaps.app/EXDevLauncher.bundle/assets/_expo-dev-client-components/assets/info-icon@2x.png
2025-12-15 07:37:07 +0000  copying file ./Payload/KaitoYaps.app/EXDevLauncher.bundle/assets/_expo-dev-client-components/assets/branch-icon@3x.png ... 
2025-12-15 07:37:07 +0000  1321 bytes for ./Payload/KaitoYaps.app/EXDevLauncher.bundle/assets/_expo-dev-client-components/assets/branch-icon@3x.png
2025-12-15 07:37:07 +0000  copying file ./Payload/KaitoYaps.app/EXDevLauncher.bundle/assets/_expo-dev-client-components/assets/home-filled-active-icon-light@3x.png ... 
2025-12-15 07:37:07 +0000  586 bytes for ./Payload/KaitoYaps.app/EXDevLauncher.bundle/assets/_expo-dev-client-components/assets/home-filled-active-icon-light@3x.png
2025-12-15 07:37:07 +0000  copying file ./Payload/KaitoYaps.app/EXDevLauncher.bundle/assets/_expo-dev-client-components/assets/warning-triangle-icon-light@3x.png ... 
2025-12-15 07:37:07 +0000  860 bytes for ./Payload/KaitoYaps.app/EXDevLauncher.bundle/assets/_expo-dev-client-components/assets/warning-triangle-icon-light@3x.png
2025-12-15 07:37:07 +0000  copying file ./Payload/KaitoYaps.app/EXDevLauncher.bundle/assets/_expo-dev-client-components/assets/user-icon-light.png ... 
2025-12-15 07:37:07 +0000  545 bytes for ./Payload/KaitoYaps.app/EXDevLauncher.bundle/assets/_expo-dev-client-components/assets/user-icon-light.png
2025-12-15 07:37:07 +0000  copying file ./Payload/KaitoYaps.app/EXDevLauncher.bundle/assets/_expo-dev-client-components/assets/branch-icon@2x.png ... 
2025-12-15 07:37:07 +0000  1085 bytes for ./Payload/KaitoYaps.app/EXDevLauncher.bundle/assets/_expo-dev-client-components/assets/branch-icon@2x.png
2025-12-15 07:37:07 +0000  copying file ./Payload/KaitoYaps.app/EXDevLauncher.bundle/assets/_expo-dev-client-components/assets/home-filled-active-icon-light@2x.png ... 
2025-12-15 07:37:07 +0000  484 bytes for ./Payload/KaitoYaps.app/EXDevLauncher.bundle/assets/_expo-dev-client-components/assets/home-filled-active-icon-light@2x.png
2025-12-15 07:37:07 +0000  copying file ./Payload/KaitoYaps.app/EXDevLauncher.bundle/assets/_expo-dev-client-components/assets/warning-triangle-icon-light@2x.png ... 
2025-12-15 07:37:07 +0000  600 bytes for ./Payload/KaitoYaps.app/EXDevLauncher.bundle/assets/_expo-dev-client-components/assets/warning-triangle-icon-light@2x.png
2025-12-15 07:37:07 +0000  copying file ./Payload/KaitoYaps.app/EXDevLauncher.bundle/assets/_expo-dev-client-components/assets/extensions-icon.png ... 
2025-12-15 07:37:07 +0000  495 bytes for ./Payload/KaitoYaps.app/EXDevLauncher.bundle/assets/_expo-dev-client-components/assets/extensions-icon.png
2025-12-15 07:37:07 +0000  copying file ./Payload/KaitoYaps.app/EXDevLauncher.bundle/assets/_expo-dev-client-components/assets/info-icon@3x.png ... 
2025-12-15 07:37:07 +0000  1404 bytes for ./Payload/KaitoYaps.app/EXDevLauncher.bundle/assets/_expo-dev-client-components/assets/info-icon@3x.png
2025-12-15 07:37:07 +0000  copying file ./Payload/KaitoYaps.app/EXDevLauncher.bundle/assets/_expo-dev-client-components/assets/toolbar-overlay-icon@2x.png ... 
2025-12-15 07:37:07 +0000  549 bytes for ./Payload/KaitoYaps.app/EXDevLauncher.bundle/assets/_expo-dev-client-components/assets/toolbar-overlay-icon@2x.png
2025-12-15 07:37:07 +0000  copying file ./Payload/KaitoYaps.app/EXDevLauncher.bundle/assets/_expo-dev-client-components/assets/branch-icon-light@2x.png ... 
2025-12-15 07:37:07 +0000  1026 bytes for ./Payload/KaitoYaps.app/EXDevLauncher.bundle/assets/_expo-dev-client-components/assets/branch-icon-light@2x.png
2025-12-15 07:37:07 +0000  copying file ./Payload/KaitoYaps.app/EXDevLauncher.bundle/assets/_expo-dev-client-components/assets/show-menu-at-launch-icon@2x.png ... 
2025-12-15 07:37:07 +0000  520 bytes for ./Payload/KaitoYaps.app/EXDevLauncher.bundle/assets/_expo-dev-client-components/assets/show-menu-at-launch-icon@2x.png
2025-12-15 07:37:07 +0000  copying file ./Payload/KaitoYaps.app/EXDevLauncher.bundle/assets/_expo-dev-client-components/assets/chevron-right-icon@2x.png ... 
2025-12-15 07:37:07 +0000  361 bytes for ./Payload/KaitoYaps.app/EXDevLauncher.bundle/assets/_expo-dev-client-components/assets/chevron-right-icon@2x.png
2025-12-15 07:37:07 +0000  copying file ./Payload/KaitoYaps.app/EXDevLauncher.bundle/assets/_expo-dev-client-components/assets/update-icon-light@2x.png ... 
2025-12-15 07:37:07 +0000  538 bytes for ./Payload/KaitoYaps.app/EXDevLauncher.bundle/assets/_expo-dev-client-components/assets/update-icon-light@2x.png
2025-12-15 07:37:07 +0000  copying file ./Payload/KaitoYaps.app/EXDevLauncher.bundle/assets/_expo-dev-client-components/assets/check-icon@3x.png ... 
2025-12-15 07:37:07 +0000  558 bytes for ./Payload/KaitoYaps.app/EXDevLauncher.bundle/assets/_expo-dev-client-components/assets/check-icon@3x.png
2025-12-15 07:37:07 +0000  copying file ./Payload/KaitoYaps.app/EXDevLauncher.bundle/assets/_expo-dev-client-components/assets/shake-device-icon@3x.png ... 
2025-12-15 07:37:07 +0000  2616 bytes for ./Payload/KaitoYaps.app/EXDevLauncher.bundle/assets/_expo-dev-client-components/assets/shake-device-icon@3x.png
2025-12-15 07:37:07 +0000  copying file ./Payload/KaitoYaps.app/EXDevLauncher.bundle/assets/_expo-dev-client-components/assets/check-icon.png ... 
2025-12-15 07:37:07 +0000  303 bytes for ./Payload/KaitoYaps.app/EXDevLauncher.bundle/assets/_expo-dev-client-components/assets/check-icon.png
2025-12-15 07:37:07 +0000  copying file ./Payload/KaitoYaps.app/EXDevLauncher.bundle/assets/_expo-dev-client-components/assets/extensions-icon@3x.png ... 
2025-12-15 07:37:07 +0000  1239 bytes for ./Payload/KaitoYaps.app/EXDevLauncher.bundle/assets/_expo-dev-client-components/assets/extensions-icon@3x.png
2025-12-15 07:37:07 +0000  copying file ./Payload/KaitoYaps.app/EXDevLauncher.bundle/assets/_expo-dev-client-components/assets/user-icon-light@3x.png ... 
2025-12-15 07:37:07 +0000  1461 bytes for ./Payload/KaitoYaps.app/EXDevLauncher.bundle/assets/_expo-dev-client-components/assets/user-icon-light@3x.png
2025-12-15 07:37:07 +0000  copying file ./Payload/KaitoYaps.app/EXDevLauncher.bundle/assets/_expo-dev-client-components/assets/check-icon-light@2x.png ... 
2025-12-15 07:37:07 +0000  407 bytes for ./Payload/KaitoYaps.app/EXDevLauncher.bundle/assets/_expo-dev-client-components/assets/check-icon-light@2x.png
2025-12-15 07:37:07 +0000  copying file ./Payload/KaitoYaps.app/EXDevLauncher.bundle/assets/_expo-dev-client-components/assets/three-finger-long-press-icon@3x.png ... 
2025-12-15 07:37:07 +0000  827 bytes for ./Payload/KaitoYaps.app/EXDevLauncher.bundle/assets/_expo-dev-client-components/assets/three-finger-long-press-icon@3x.png
2025-12-15 07:37:07 +0000  copying file ./Payload/KaitoYaps.app/EXDevLauncher.bundle/assets/_expo-dev-client-components/assets/warning-triangle-icon@3x.png ... 
2025-12-15 07:37:07 +0000  810 bytes for ./Payload/KaitoYaps.app/EXDevLauncher.bundle/assets/_expo-dev-client-components/assets/warning-triangle-icon@3x.png
2025-12-15 07:37:07 +0000  copying file ./Payload/KaitoYaps.app/EXDevLauncher.bundle/assets/_expo-dev-client-components/assets/refresh-icon@3x.png ... 
2025-12-15 07:37:07 +0000  1217 bytes for ./Payload/KaitoYaps.app/EXDevLauncher.bundle/assets/_expo-dev-client-components/assets/refresh-icon@3x.png
2025-12-15 07:37:07 +0000  copying file ./Payload/KaitoYaps.app/EXDevLauncher.bundle/assets/_expo-dev-client-components/assets/extensions-filled-inactive-icon-light@3x.png ... 
2025-12-15 07:37:07 +0000  638 bytes for ./Payload/KaitoYaps.app/EXDevLauncher.bundle/assets/_expo-dev-client-components/assets/extensions-filled-inactive-icon-light@3x.png
2025-12-15 07:37:07 +0000  copying file ./Payload/KaitoYaps.app/EXDevLauncher.bundle/assets/_expo-dev-client-components/assets/home-filled-inactive-icon.png ... 
2025-12-15 07:37:07 +0000  339 bytes for ./Payload/KaitoYaps.app/EXDevLauncher.bundle/assets/_expo-dev-client-components/assets/home-filled-inactive-icon.png
2025-12-15 07:37:07 +0000  copying file ./Payload/KaitoYaps.app/EXDevLauncher.bundle/assets/_expo-dev-client-components/assets/chevron-right-icon.png ... 
2025-12-15 07:37:07 +0000  273 bytes for ./Payload/KaitoYaps.app/EXDevLauncher.bundle/assets/_expo-dev-client-components/assets/chevron-right-icon.png
2025-12-15 07:37:07 +0000  copying file ./Payload/KaitoYaps.app/EXDevLauncher.bundle/assets/_expo-dev-client-components/assets/question-mark-icon@2x.png ... 
2025-12-15 07:37:07 +0000  497 bytes for ./Payload/KaitoYaps.app/EXDevLauncher.bundle/assets/_expo-dev-client-components/assets/question-mark-icon@2x.png
2025-12-15 07:37:07 +0000  copying file ./Payload/KaitoYaps.app/EXDevLauncher.bundle/assets/_expo-dev-client-components/assets/extensions-icon-light.png ... 
2025-12-15 07:37:07 +0000  512 bytes for ./Payload/KaitoYaps.app/EXDevLauncher.bundle/assets/_expo-dev-client-components/assets/extensions-icon-light.png
2025-12-15 07:37:07 +0000  copying file ./Payload/KaitoYaps.app/EXDevLauncher.bundle/assets/_expo-dev-client-components/assets/extensions-filled-inactive-icon-light.png ... 
2025-12-15 07:37:07 +0000  307 bytes for ./Payload/KaitoYaps.app/EXDevLauncher.bundle/assets/_expo-dev-client-components/assets/extensions-filled-inactive-icon-light.png
copying file ./Payload/KaitoYaps.app/EXDevLauncher.bundle/assets/_expo-dev-client-components/assets/home-filled-active-icon@2x.png ... 
2025-12-15 07:37:07 +0000  492 bytes for ./Payload/KaitoYaps.app/EXDevLauncher.bundle/assets/_expo-dev-client-components/assets/home-filled-active-icon@2x.png
2025-12-15 07:37:07 +0000  copying file ./Payload/KaitoYaps.app/EXDevLauncher.bundle/assets/_expo-dev-client-components/assets/shake-device-icon-light.png ... 
2025-12-15 07:37:07 +0000  779 bytes for ./Payload/KaitoYaps.app/EXDevLauncher.bundle/assets/_expo-dev-client-components/assets/shake-device-icon-light.png
2025-12-15 07:37:07 +0000  copying file ./Payload/KaitoYaps.app/EXDevLauncher.bundle/assets/_expo-dev-client-components/assets/user-icon@2x.png ... 
2025-12-15 07:37:07 +0000  624 bytes for ./Payload/KaitoYaps.app/EXDevLauncher.bundle/assets/_expo-dev-client-components/assets/user-icon@2x.png
2025-12-15 07:37:07 +0000  copying file ./Payload/KaitoYaps.app/EXDevLauncher.bundle/assets/_expo-dev-client-components/assets/refresh-icon.png ... 
2025-12-15 07:37:07 +0000  517 bytes for ./Payload/KaitoYaps.app/EXDevLauncher.bundle/assets/_expo-dev-client-components/assets/refresh-icon.png
2025-12-15 07:37:07 +0000  copying file ./Payload/KaitoYaps.app/EXDevLauncher.bundle/assets/_expo-dev-client-components/assets/question-mark-icon.png ... 
2025-12-15 07:37:07 +0000  297 bytes for ./Payload/KaitoYaps.app/EXDevLauncher.bundle/assets/_expo-dev-client-components/assets/question-mark-icon.png
2025-12-15 07:37:07 +0000  copying file ./Payload/KaitoYaps.app/EXDevLauncher.bundle/assets/_expo-dev-client-components/assets/user-icon@3x.png ... 
2025-12-15 07:37:07 +0000  878 bytes for ./Payload/KaitoYaps.app/EXDevLauncher.bundle/assets/_expo-dev-client-components/assets/user-icon@3x.png
2025-12-15 07:37:07 +0000  copying file ./Payload/KaitoYaps.app/EXDevLauncher.bundle/assets/_expo-dev-client-components/assets/debug-icon.png ... 
2025-12-15 07:37:07 +0000  474 bytes for ./Payload/KaitoYaps.app/EXDevLauncher.bundle/assets/_expo-dev-client-components/assets/debug-icon.png
2025-12-15 07:37:07 +0000  copying file ./Payload/KaitoYaps.app/EXDevLauncher.bundle/assets/_expo-dev-client-components/assets/loading-indicator-icon.png ... 
2025-12-15 07:37:07 +0000  854 bytes for ./Payload/KaitoYaps.app/EXDevLauncher.bundle/assets/_expo-dev-client-components/assets/loading-indicator-icon.png
2025-12-15 07:37:07 +0000  copying file ./Payload/KaitoYaps.app/EXDevLauncher.bundle/assets/_expo-dev-client-components/assets/home-filled-active-icon@3x.png ... 
2025-12-15 07:37:07 +0000  589 bytes for ./Payload/KaitoYaps.app/EXDevLauncher.bundle/assets/_expo-dev-client-components/assets/home-filled-active-icon@3x.png
2025-12-15 07:37:07 +0000  copying file ./Payload/KaitoYaps.app/EXDevLauncher.bundle/assets/_expo-dev-client-components/assets/extensions-filled-active-icon-light.png ... 
2025-12-15 07:37:07 +0000  313 bytes for ./Payload/KaitoYaps.app/EXDevLauncher.bundle/assets/_expo-dev-client-components/assets/extensions-filled-active-icon-light.png
2025-12-15 07:37:07 +0000  copying file ./Payload/KaitoYaps.app/EXDevLauncher.bundle/assets/_expo-dev-client-components/assets/extensions-filled-inactive-icon.png ... 
2025-12-15 07:37:07 +0000  302 bytes for ./Payload/KaitoYaps.app/EXDevLauncher.bundle/assets/_expo-dev-client-components/assets/extensions-filled-inactive-icon.png
2025-12-15 07:37:07 +0000  copying file ./Payload/KaitoYaps.app/EXDevLauncher.bundle/assets/_expo-dev-client-components/assets/info-icon.png ... 
2025-12-15 07:37:07 +0000  512 bytes for ./Payload/KaitoYaps.app/EXDevLauncher.bundle/assets/_expo-dev-client-components/assets/info-icon.png
2025-12-15 07:37:07 +0000  copying file ./Payload/KaitoYaps.app/EXDevLauncher.bundle/assets/_expo-dev-client-components/assets/question-mark-icon@3x.png ... 
2025-12-15 07:37:07 +0000  689 bytes for ./Payload/KaitoYaps.app/EXDevLauncher.bundle/assets/_expo-dev-client-components/assets/question-mark-icon@3x.png
2025-12-15 07:37:07 +0000  copying file ./Payload/KaitoYaps.app/EXDevLauncher.bundle/assets/_expo-dev-client-components/assets/extensions-filled-inactive-icon-light@2x.png ... 
2025-12-15 07:37:07 +0000  463 bytes for ./Payload/KaitoYaps.app/EXDevLauncher.bundle/assets/_expo-dev-client-components/assets/extensions-filled-inactive-icon-light@2x.png
2025-12-15 07:37:07 +0000  copying file ./Payload/KaitoYaps.app/EXDevLauncher.bundle/assets/_expo-dev-client-components/assets/refresh-icon@2x.png ... 
2025-12-15 07:37:07 +0000  871 bytes for ./Payload/KaitoYaps.app/EXDevLauncher.bundle/assets/_expo-dev-client-components/assets/refresh-icon@2x.png
2025-12-15 07:37:07 +0000  copying file ./Payload/KaitoYaps.app/EXDevLauncher.bundle/EXDevLauncherErrorView.storyboardc/IMq-iY-6oO-view-a0B-Gx-7OO.nib ... 
2025-12-15 07:37:07 +0000  13923 bytes for ./Payload/KaitoYaps.app/EXDevLauncher.bundle/EXDevLauncherErrorView.storyboardc/IMq-iY-6oO-view-a0B-Gx-7OO.nib
2025-12-15 07:37:07 +0000  copying file ./Payload/KaitoYaps.app/EXDevLauncher.bundle/EXDevLauncherErrorView.storyboardc/EXDevLauncherErrorView.nib ... 
2025-12-15 07:37:07 +0000  1184 bytes for ./Payload/KaitoYaps.app/EXDevLauncher.bundle/EXDevLauncherErrorView.storyboardc/EXDevLauncherErrorView.nib
2025-12-15 07:37:07 +0000  copying file ./Payload/KaitoYaps.app/EXDevLauncher.bundle/EXDevLauncherErrorView.storyboardc/Info.plist ... 
2025-12-15 07:37:07 +0000  169 bytes for ./Payload/KaitoYaps.app/EXDevLauncher.bundle/EXDevLauncherErrorView.storyboardc/Info.plist
2025-12-15 07:37:07 +0000  copying file ./Payload/KaitoYaps.app/EXDevLauncher.bundle/Info.plist ... 
2025-12-15 07:37:07 +0000  771 bytes for ./Payload/KaitoYaps.app/EXDevLauncher.bundle/Info.plist
2025-12-15 07:37:07 +0000  copying file ./Payload/KaitoYaps.app/RNSVGFilters.bundle/RNSVGArithmeticFilter.iphoneos.metallib ... 
2025-12-15 07:37:07 +0000  3993 bytes for ./Payload/KaitoYaps.app/RNSVGFilters.bundle/RNSVGArithmeticFilter.iphoneos.metallib
2025-12-15 07:37:07 +0000  copying file ./Payload/KaitoYaps.app/RNSVGFilters.bundle/RNSVGCompositeXor.iphoneos.metallib ... 
2025-12-15 07:37:07 +0000  3509 bytes for ./Payload/KaitoYaps.app/RNSVGFilters.bundle/RNSVGCompositeXor.iphoneos.metallib
2025-12-15 07:37:07 +0000  copying file ./Payload/KaitoYaps.app/RNSVGFilters.bundle/Info.plist ... 
2025-12-15 07:37:07 +0000  770 bytes for ./Payload/KaitoYaps.app/RNSVGFilters.bundle/Info.plist
2025-12-15 07:37:07 +0000  copying file ./Payload/KaitoYaps.app/ExpoFileSystem_privacy.bundle/PrivacyInfo.xcprivacy ... 
2025-12-15 07:37:07 +0000  877 bytes for ./Payload/KaitoYaps.app/ExpoFileSystem_privacy.bundle/PrivacyInfo.xcprivacy
2025-12-15 07:37:07 +0000  copying file ./Payload/KaitoYaps.app/ExpoFileSystem_privacy.bundle/Info.plist ... 
2025-12-15 07:37:07 +0000  792 bytes for ./Payload/KaitoYaps.app/ExpoFileSystem_privacy.bundle/Info.plist
2025-12-15 07:37:07 +0000  copying file ./Payload/KaitoYaps.app/boost_privacy.bundle/Info.plist ... 
2025-12-15 07:37:07 +0000  771 bytes for ./Payload/KaitoYaps.app/boost_privacy.bundle/Info.plist
2025-12-15 07:37:07 +0000  copying file ./Payload/KaitoYaps.app/ip.txt ... 
2025-12-15 07:37:07 +0000  13 bytes for ./Payload/KaitoYaps.app/ip.txt
2025-12-15 07:37:07 +0000  copying file ./Payload/KaitoYaps.app/Frameworks/OneSignalUser.framework/_CodeSignature/CodeResources ... 
2025-12-15 07:37:07 +0000  2034 bytes for ./Payload/KaitoYaps.app/Frameworks/OneSignalUser.framework/_CodeSignature/CodeResources
2025-12-15 07:37:07 +0000  copying file ./Payload/KaitoYaps.app/Frameworks/OneSignalUser.framework/PrivacyInfo.xcprivacy ... 
2025-12-15 07:37:07 +0000  1317 bytes for ./Payload/KaitoYaps.app/Frameworks/OneSignalUser.framework/PrivacyInfo.xcprivacy
copying file ./Payload/KaitoYaps.app/Frameworks/OneSignalUser.framework/OneSignalUser ... 
2025-12-15 07:37:07 +0000  488384 bytes for ./Payload/KaitoYaps.app/Frameworks/OneSignalUser.framework/OneSignalUser
2025-12-15 07:37:07 +0000  copying file ./Payload/KaitoYaps.app/Frameworks/OneSignalUser.framework/Info.plist ... 
2025-12-15 07:37:07 +0000  895 bytes for ./Payload/KaitoYaps.app/Frameworks/OneSignalUser.framework/Info.plist
2025-12-15 07:37:07 +0000  copying file ./Payload/KaitoYaps.app/Frameworks/OneSignalNotifications.framework/_CodeSignature/CodeResources ... 
2025-12-15 07:37:07 +0000  2034 bytes for ./Payload/KaitoYaps.app/Frameworks/OneSignalNotifications.framework/_CodeSignature/CodeResources
2025-12-15 07:37:07 +0000  copying file ./Payload/KaitoYaps.app/Frameworks/OneSignalNotifications.framework/OneSignalNotifications ... 
2025-12-15 07:37:07 +0000  182880 bytes for ./Payload/KaitoYaps.app/Frameworks/OneSignalNotifications.framework/OneSignalNotifications
2025-12-15 07:37:07 +0000  copying file ./Payload/KaitoYaps.app/Frameworks/OneSignalNotifications.framework/PrivacyInfo.xcprivacy ... 
2025-12-15 07:37:07 +0000  941 bytes for ./Payload/KaitoYaps.app/Frameworks/OneSignalNotifications.framework/PrivacyInfo.xcprivacy
2025-12-15 07:37:07 +0000  copying file ./Payload/KaitoYaps.app/Frameworks/OneSignalNotifications.framework/Info.plist ... 
2025-12-15 07:37:07 +0000  789 bytes for ./Payload/KaitoYaps.app/Frameworks/OneSignalNotifications.framework/Info.plist
2025-12-15 07:37:07 +0000  copying file ./Payload/KaitoYaps.app/Frameworks/OneSignalInAppMessages.framework/_CodeSignature/CodeResources ... 
2025-12-15 07:37:07 +0000  2034 bytes for ./Payload/KaitoYaps.app/Frameworks/OneSignalInAppMessages.framework/_CodeSignature/CodeResources
2025-12-15 07:37:07 +0000  copying file ./Payload/KaitoYaps.app/Frameworks/OneSignalInAppMessages.framework/PrivacyInfo.xcprivacy ... 
2025-12-15 07:37:07 +0000  941 bytes for ./Payload/KaitoYaps.app/Frameworks/OneSignalInAppMessages.framework/PrivacyInfo.xcprivacy
2025-12-15 07:37:07 +0000  copying file ./Payload/KaitoYaps.app/Frameworks/OneSignalInAppMessages.framework/OneSignalInAppMessages ... 
2025-12-15 07:37:07 +0000  379056 bytes for ./Payload/KaitoYaps.app/Frameworks/OneSignalInAppMessages.framework/OneSignalInAppMessages
2025-12-15 07:37:07 +0000  copying file ./Payload/KaitoYaps.app/Frameworks/OneSignalInAppMessages.framework/Info.plist ... 
2025-12-15 07:37:07 +0000  789 bytes for ./Payload/KaitoYaps.app/Frameworks/OneSignalInAppMessages.framework/Info.plist
2025-12-15 07:37:07 +0000  copying file ./Payload/KaitoYaps.app/Frameworks/OneSignalLiveActivities.framework/_CodeSignature/CodeResources ... 
2025-12-15 07:37:07 +0000  2034 bytes for ./Payload/KaitoYaps.app/Frameworks/OneSignalLiveActivities.framework/_CodeSignature/CodeResources
2025-12-15 07:37:07 +0000  copying file ./Payload/KaitoYaps.app/Frameworks/OneSignalLiveActivities.framework/OneSignalLiveActivities ... 
2025-12-15 07:37:07 +0000  297824 bytes for ./Payload/KaitoYaps.app/Frameworks/OneSignalLiveActivities.framework/OneSignalLiveActivities
2025-12-15 07:37:07 +0000  copying file ./Payload/KaitoYaps.app/Frameworks/OneSignalLiveActivities.framework/PrivacyInfo.xcprivacy ... 
2025-12-15 07:37:07 +0000  941 bytes for ./Payload/KaitoYaps.app/Frameworks/OneSignalLiveActivities.framework/PrivacyInfo.xcprivacy
2025-12-15 07:37:07 +0000  copying file ./Payload/KaitoYaps.app/Frameworks/OneSignalLiveActivities.framework/Info.plist ... 
2025-12-15 07:37:07 +0000  917 bytes for ./Payload/KaitoYaps.app/Frameworks/OneSignalLiveActivities.framework/Info.plist
2025-12-15 07:37:07 +0000  copying file ./Payload/KaitoYaps.app/Frameworks/OneSignalOSCore.framework/_CodeSignature/CodeResources ... 
2025-12-15 07:37:07 +0000  2034 bytes for ./Payload/KaitoYaps.app/Frameworks/OneSignalOSCore.framework/_CodeSignature/CodeResources
2025-12-15 07:37:07 +0000  copying file ./Payload/KaitoYaps.app/Frameworks/OneSignalOSCore.framework/PrivacyInfo.xcprivacy ... 
2025-12-15 07:37:07 +0000  551 bytes for ./Payload/KaitoYaps.app/Frameworks/OneSignalOSCore.framework/PrivacyInfo.xcprivacy
2025-12-15 07:37:07 +0000  copying file ./Payload/KaitoYaps.app/Frameworks/OneSignalOSCore.framework/OneSignalOSCore ... 
2025-12-15 07:37:07 +0000  214864 bytes for ./Payload/KaitoYaps.app/Frameworks/OneSignalOSCore.framework/OneSignalOSCore
2025-12-15 07:37:07 +0000  copying file ./Payload/KaitoYaps.app/Frameworks/OneSignalOSCore.framework/Info.plist ... 
2025-12-15 07:37:07 +0000  901 bytes for ./Payload/KaitoYaps.app/Frameworks/OneSignalOSCore.framework/Info.plist
2025-12-15 07:37:07 +0000  copying file ./Payload/KaitoYaps.app/Frameworks/OneSignalFramework.framework/_CodeSignature/CodeResources ... 
2025-12-15 07:37:07 +0000  2034 bytes for ./Payload/KaitoYaps.app/Frameworks/OneSignalFramework.framework/_CodeSignature/CodeResources
2025-12-15 07:37:07 +0000  copying file ./Payload/KaitoYaps.app/Frameworks/OneSignalFramework.framework/PrivacyInfo.xcprivacy ... 
2025-12-15 07:37:07 +0000  1695 bytes for ./Payload/KaitoYaps.app/Frameworks/OneSignalFramework.framework/PrivacyInfo.xcprivacy
2025-12-15 07:37:07 +0000  copying file ./Payload/KaitoYaps.app/Frameworks/OneSignalFramework.framework/OneSignalFramework ... 
2025-12-15 07:37:07 +0000  210656 bytes for ./Payload/KaitoYaps.app/Frameworks/OneSignalFramework.framework/OneSignalFramework
2025-12-15 07:37:07 +0000  copying file ./Payload/KaitoYaps.app/Frameworks/OneSignalFramework.framework/Info.plist ... 
2025-12-15 07:37:07 +0000  775 bytes for ./Payload/KaitoYaps.app/Frameworks/OneSignalFramework.framework/Info.plist
2025-12-15 07:37:07 +0000  copying file ./Payload/KaitoYaps.app/Frameworks/OneSignalLocation.framework/_CodeSignature/CodeResources ... 
2025-12-15 07:37:07 +0000  2034 bytes for ./Payload/KaitoYaps.app/Frameworks/OneSignalLocation.framework/_CodeSignature/CodeResources
2025-12-15 07:37:07 +0000  copying file ./Payload/KaitoYaps.app/Frameworks/OneSignalLocation.framework/OneSignalLocation ... 
2025-12-15 07:37:07 +0000  79632 bytes for ./Payload/KaitoYaps.app/Frameworks/OneSignalLocation.framework/OneSignalLocation
2025-12-15 07:37:07 +0000  copying file ./Payload/KaitoYaps.app/Frameworks/OneSignalLocation.framework/PrivacyInfo.xcprivacy ... 
2025-12-15 07:37:07 +0000  1423 bytes for ./Payload/KaitoYaps.app/Frameworks/OneSignalLocation.framework/PrivacyInfo.xcprivacy
2025-12-15 07:37:07 +0000  copying file ./Payload/KaitoYaps.app/Frameworks/OneSignalLocation.framework/Info.plist ... 
2025-12-15 07:37:07 +0000  779 bytes for ./Payload/KaitoYaps.app/Frameworks/OneSignalLocation.framework/Info.plist
2025-12-15 07:37:07 +0000  copying file ./Payload/KaitoYaps.app/Frameworks/OneSignalExtension.framework/_CodeSignature/CodeResources ... 
2025-12-15 07:37:07 +0000  2034 bytes for ./Payload/KaitoYaps.app/Frameworks/OneSignalExtension.framework/_CodeSignature/CodeResources
2025-12-15 07:37:07 +0000  copying file ./Payload/KaitoYaps.app/Frameworks/OneSignalExtension.framework/PrivacyInfo.xcprivacy ... 
2025-12-15 07:37:07 +0000  1317 bytes for ./Payload/KaitoYaps.app/Frameworks/OneSignalExtension.framework/PrivacyInfo.xcprivacy
2025-12-15 07:37:07 +0000  copying file ./Payload/KaitoYaps.app/Frameworks/OneSignalExtension.framework/OneSignalExtension ... 
2025-12-15 07:37:07 +0000  127168 bytes for ./Payload/KaitoYaps.app/Frameworks/OneSignalExtension.framework/OneSignalExtension
2025-12-15 07:37:07 +0000  copying file ./Payload/KaitoYaps.app/Frameworks/OneSignalExtension.framework/Info.plist ... 
2025-12-15 07:37:07 +0000  776 bytes for ./Payload/KaitoYaps.app/Frameworks/OneSignalExtension.framework/Info.plist
2025-12-15 07:37:07 +0000  copying file ./Payload/KaitoYaps.app/Frameworks/OneSignalCore.framework/_CodeSignature/CodeResources ... 
2025-12-15 07:37:07 +0000  2034 bytes for ./Payload/KaitoYaps.app/Frameworks/OneSignalCore.framework/_CodeSignature/CodeResources
2025-12-15 07:37:07 +0000  copying file ./Payload/KaitoYaps.app/Frameworks/OneSignalCore.framework/PrivacyInfo.xcprivacy ... 
2025-12-15 07:37:07 +0000  551 bytes for ./Payload/KaitoYaps.app/Frameworks/OneSignalCore.framework/PrivacyInfo.xcprivacy
2025-12-15 07:37:07 +0000  copying file ./Payload/KaitoYaps.app/Frameworks/OneSignalCore.framework/Info.plist ... 
2025-12-15 07:37:07 +0000  764 bytes for ./Payload/KaitoYaps.app/Frameworks/OneSignalCore.framework/Info.plist
2025-12-15 07:37:07 +0000  copying file ./Payload/KaitoYaps.app/Frameworks/OneSignalCore.framework/OneSignalCore ... 
2025-12-15 07:37:07 +0000  208544 bytes for ./Payload/KaitoYaps.app/Frameworks/OneSignalCore.framework/OneSignalCore
2025-12-15 07:37:07 +0000  copying file ./Payload/KaitoYaps.app/Frameworks/hermes.framework/_CodeSignature/CodeResources ... 
2025-12-15 07:37:07 +0000  1798 bytes for ./Payload/KaitoYaps.app/Frameworks/hermes.framework/_CodeSignature/CodeResources
2025-12-15 07:37:07 +0000  copying file ./Payload/KaitoYaps.app/Frameworks/hermes.framework/hermes ... 
2025-12-15 07:37:07 +0000  6693872 bytes for ./Payload/KaitoYaps.app/Frameworks/hermes.framework/hermes
2025-12-15 07:37:07 +0000  copying file ./Payload/KaitoYaps.app/Frameworks/hermes.framework/Info.plist ... 
859 bytes for ./Payload/KaitoYaps.app/Frameworks/hermes.framework/Info.plist
2025-12-15 07:37:07 +0000  copying file ./Payload/KaitoYaps.app/Frameworks/OneSignalOutcomes.framework/_CodeSignature/CodeResources ... 
2025-12-15 07:37:07 +0000  2034 bytes for ./Payload/KaitoYaps.app/Frameworks/OneSignalOutcomes.framework/_CodeSignature/CodeResources
2025-12-15 07:37:07 +0000  copying file ./Payload/KaitoYaps.app/Frameworks/OneSignalOutcomes.framework/PrivacyInfo.xcprivacy ... 
2025-12-15 07:37:07 +0000  941 bytes for ./Payload/KaitoYaps.app/Frameworks/OneSignalOutcomes.framework/PrivacyInfo.xcprivacy
2025-12-15 07:37:07 +0000  copying file ./Payload/KaitoYaps.app/Frameworks/OneSignalOutcomes.framework/Info.plist ... 
2025-12-15 07:37:07 +0000  774 bytes for ./Payload/KaitoYaps.app/Frameworks/OneSignalOutcomes.framework/Info.plist
2025-12-15 07:37:07 +0000  copying file ./Payload/KaitoYaps.app/Frameworks/OneSignalOutcomes.framework/OneSignalOutcomes ... 
2025-12-15 07:37:07 +0000  201680 bytes for ./Payload/KaitoYaps.app/Frameworks/OneSignalOutcomes.framework/OneSignalOutcomes
2025-12-15 07:37:07 +0000  copying file ./Payload/KaitoYaps.app/embedded.mobileprovision ... 
2025-12-15 07:37:07 +0000  21594 bytes for ./Payload/KaitoYaps.app/embedded.mobileprovision
2025-12-15 07:37:07 +0000  copying file ./Payload/KaitoYaps.app/FirebaseCrashlytics_Privacy.bundle/PrivacyInfo.xcprivacy ... 
2025-12-15 07:37:07 +0000  1383 bytes for ./Payload/KaitoYaps.app/FirebaseCrashlytics_Privacy.bundle/PrivacyInfo.xcprivacy
2025-12-15 07:37:07 +0000  copying file ./Payload/KaitoYaps.app/FirebaseCrashlytics_Privacy.bundle/Info.plist ... 
2025-12-15 07:37:07 +0000  801 bytes for ./Payload/KaitoYaps.app/FirebaseCrashlytics_Privacy.bundle/Info.plist
2025-12-15 07:37:07 +0000  copying file ./Payload/KaitoYaps.app/EXDevMenu.bundle/Inter-Bold.otf ... 
2025-12-15 07:37:07 +0000  271436 bytes for ./Payload/KaitoYaps.app/EXDevMenu.bundle/Inter-Bold.otf
2025-12-15 07:37:07 +0000  copying file ./Payload/KaitoYaps.app/EXDevMenu.bundle/Inter-Regular.otf ... 
2025-12-15 07:37:07 +0000  258992 bytes for ./Payload/KaitoYaps.app/EXDevMenu.bundle/Inter-Regular.otf
2025-12-15 07:37:07 +0000  copying file ./Payload/KaitoYaps.app/EXDevMenu.bundle/Inter-Thin.otf ... 
2025-12-15 07:37:07 +0000  257356 bytes for ./Payload/KaitoYaps.app/EXDevMenu.bundle/Inter-Thin.otf
2025-12-15 07:37:07 +0000  copying file ./Payload/KaitoYaps.app/EXDevMenu.bundle/Inter-Light.otf ... 
2025-12-15 07:37:07 +0000  265000 bytes for ./Payload/KaitoYaps.app/EXDevMenu.bundle/Inter-Light.otf
2025-12-15 07:37:07 +0000  copying file ./Payload/KaitoYaps.app/EXDevMenu.bundle/Inter-Medium.otf ... 
2025-12-15 07:37:07 +0000  269692 bytes for ./Payload/KaitoYaps.app/EXDevMenu.bundle/Inter-Medium.otf
2025-12-15 07:37:07 +0000  copying file ./Payload/KaitoYaps.app/EXDevMenu.bundle/Inter-SemiBold.otf ... 
2025-12-15 07:37:07 +0000  270760 bytes for ./Payload/KaitoYaps.app/EXDevMenu.bundle/Inter-SemiBold.otf
copying file ./Payload/KaitoYaps.app/EXDevMenu.bundle/dev-menu-packager-host ... 
2025-12-15 07:37:07 +0000  196 bytes for ./Payload/KaitoYaps.app/EXDevMenu.bundle/dev-menu-packager-host
copying file ./Payload/KaitoYaps.app/EXDevMenu.bundle/Inter-Black.otf ... 
2025-12-15 07:37:07 +0000  266240 bytes for ./Payload/KaitoYaps.app/EXDevMenu.bundle/Inter-Black.otf
2025-12-15 07:37:07 +0000  copying file ./Payload/KaitoYaps.app/EXDevMenu.bundle/EXDevMenuApp.ios.js ... 
2025-12-15 07:37:08 +0000  1532035 bytes for ./Payload/KaitoYaps.app/EXDevMenu.bundle/EXDevMenuApp.ios.js
2025-12-15 07:37:08 +0000  copying file ./Payload/KaitoYaps.app/EXDevMenu.bundle/Inter-ExtraBold.otf ... 
2025-12-15 07:37:08 +0000  271868 bytes for ./Payload/KaitoYaps.app/EXDevMenu.bundle/Inter-ExtraBold.otf
2025-12-15 07:37:08 +0000  copying file ./Payload/KaitoYaps.app/EXDevMenu.bundle/Inter-ExtraLight.otf ... 
2025-12-15 07:37:08 +0000  264196 bytes for ./Payload/KaitoYaps.app/EXDevMenu.bundle/Inter-ExtraLight.otf
2025-12-15 07:37:08 +0000  copying file ./Payload/KaitoYaps.app/EXDevMenu.bundle/assets/_expo-dev-client-components/assets/three-finger-long-press-icon.png ... 
2025-12-15 07:37:08 +0000  395 bytes for ./Payload/KaitoYaps.app/EXDevMenu.bundle/assets/_expo-dev-client-components/assets/three-finger-long-press-icon.png
2025-12-15 07:37:08 +0000  copying file ./Payload/KaitoYaps.app/EXDevMenu.bundle/assets/_expo-dev-client-components/assets/toolbar-overlay-icon.png ... 
2025-12-15 07:37:08 +0000  382 bytes for ./Payload/KaitoYaps.app/EXDevMenu.bundle/assets/_expo-dev-client-components/assets/toolbar-overlay-icon.png
2025-12-15 07:37:08 +0000  copying file ./Payload/KaitoYaps.app/EXDevMenu.bundle/assets/_expo-dev-client-components/assets/terminal-icon.png ... 
2025-12-15 07:37:08 +0000  379 bytes for ./Payload/KaitoYaps.app/EXDevMenu.bundle/assets/_expo-dev-client-components/assets/terminal-icon.png
2025-12-15 07:37:08 +0000  copying file ./Payload/KaitoYaps.app/EXDevMenu.bundle/assets/_expo-dev-client-components/assets/extensions-filled-active-icon@3x.png ... 
2025-12-15 07:37:08 +0000  649 bytes for ./Payload/KaitoYaps.app/EXDevMenu.bundle/assets/_expo-dev-client-components/assets/extensions-filled-active-icon@3x.png
2025-12-15 07:37:08 +0000  copying file ./Payload/KaitoYaps.app/EXDevMenu.bundle/assets/_expo-dev-client-components/assets/logo-icon@3x.png ... 
2025-12-15 07:37:08 +0000  13318 bytes for ./Payload/KaitoYaps.app/EXDevMenu.bundle/assets/_expo-dev-client-components/assets/logo-icon@3x.png
2025-12-15 07:37:08 +0000  copying file ./Payload/KaitoYaps.app/EXDevMenu.bundle/assets/_expo-dev-client-components/assets/info-icon-light.png ... 
2025-12-15 07:37:08 +0000  524 bytes for ./Payload/KaitoYaps.app/EXDevMenu.bundle/assets/_expo-dev-client-components/assets/info-icon-light.png
2025-12-15 07:37:08 +0000  copying file ./Payload/KaitoYaps.app/EXDevMenu.bundle/assets/_expo-dev-client-components/assets/warning-triangle-icon.png ... 
2025-12-15 07:37:08 +0000  373 bytes for ./Payload/KaitoYaps.app/EXDevMenu.bundle/assets/_expo-dev-client-components/assets/warning-triangle-icon.png
2025-12-15 07:37:08 +0000  copying file ./Payload/KaitoYaps.app/EXDevMenu.bundle/assets/_expo-dev-client-components/assets/info-icon-light@3x.png ... 
2025-12-15 07:37:08 +0000  1400 bytes for ./Payload/KaitoYaps.app/EXDevMenu.bundle/assets/_expo-dev-client-components/assets/info-icon-light@3x.png
2025-12-15 07:37:08 +0000  copying file ./Payload/KaitoYaps.app/EXDevMenu.bundle/assets/_expo-dev-client-components/assets/settings-filled-inactive-icon-light@3x.png ... 
2025-12-15 07:37:08 +0000  1370 bytes for ./Payload/KaitoYaps.app/EXDevMenu.bundle/assets/_expo-dev-client-components/assets/settings-filled-inactive-icon-light@3x.png
2025-12-15 07:37:08 +0000  copying file ./Payload/KaitoYaps.app/EXDevMenu.bundle/assets/_expo-dev-client-components/assets/home-filled-active-icon-light.png ... 
2025-12-15 07:37:08 +0000  333 bytes for ./Payload/KaitoYaps.app/EXDevMenu.bundle/assets/_expo-dev-client-components/assets/home-filled-active-icon-light.png
2025-12-15 07:37:08 +0000  copying file ./Payload/KaitoYaps.app/EXDevMenu.bundle/assets/_expo-dev-client-components/assets/extensions-icon-light@2x.png ... 
2025-12-15 07:37:08 +0000  830 bytes for ./Payload/KaitoYaps.app/EXDevMenu.bundle/assets/_expo-dev-client-components/assets/extensions-icon-light@2x.png
2025-12-15 07:37:08 +0000  copying file ./Payload/KaitoYaps.app/EXDevMenu.bundle/assets/_expo-dev-client-components/assets/shake-device-icon-light@3x.png ... 
2025-12-15 07:37:08 +0000  2548 bytes for ./Payload/KaitoYaps.app/EXDevMenu.bundle/assets/_expo-dev-client-components/assets/shake-device-icon-light@3x.png
2025-12-15 07:37:08 +0000  copying file ./Payload/KaitoYaps.app/EXDevMenu.bundle/assets/_expo-dev-client-components/assets/settings-filled-active-icon-light.png ... 
2025-12-15 07:37:08 +0000  563 bytes for ./Payload/KaitoYaps.app/EXDevMenu.bundle/assets/_expo-dev-client-components/assets/settings-filled-active-icon-light.png
2025-12-15 07:37:08 +0000  copying file ./Payload/KaitoYaps.app/EXDevMenu.bundle/assets/_expo-dev-client-components/assets/x-icon-light@3x.png ... 
2025-12-15 07:37:08 +0000  578 bytes for ./Payload/KaitoYaps.app/EXDevMenu.bundle/assets/_expo-dev-client-components/assets/x-icon-light@3x.png
2025-12-15 07:37:08 +0000  copying file ./Payload/KaitoYaps.app/EXDevMenu.bundle/assets/_expo-dev-client-components/assets/settings-filled-inactive-icon.png ... 
2025-12-15 07:37:08 +0000  543 bytes for ./Payload/KaitoYaps.app/EXDevMenu.bundle/assets/_expo-dev-client-components/assets/settings-filled-inactive-icon.png
2025-12-15 07:37:08 +0000  copying file ./Payload/KaitoYaps.app/EXDevMenu.bundle/assets/_expo-dev-client-components/assets/branch-icon-light.png ... 
2025-12-15 07:37:08 +0000  592 bytes for ./Payload/KaitoYaps.app/EXDevMenu.bundle/assets/_expo-dev-client-components/assets/branch-icon-light.png
2025-12-15 07:37:08 +0000  copying file ./Payload/KaitoYaps.app/EXDevMenu.bundle/assets/_expo-dev-client-components/assets/home-filled-inactive-icon@3x.png ... 
2025-12-15 07:37:08 +0000  598 bytes for ./Payload/KaitoYaps.app/EXDevMenu.bundle/assets/_expo-dev-client-components/assets/home-filled-inactive-icon@3x.png
2025-12-15 07:37:08 +0000  copying file ./Payload/KaitoYaps.app/EXDevMenu.bundle/assets/_expo-dev-client-components/assets/settings-filled-inactive-icon@2x.png ... 
2025-12-15 07:37:08 +0000  1066 bytes for ./Payload/KaitoYaps.app/EXDevMenu.bundle/assets/_expo-dev-client-components/assets/settings-filled-inactive-icon@2x.png
2025-12-15 07:37:08 +0000  copying file ./Payload/KaitoYaps.app/EXDevMenu.bundle/assets/_expo-dev-client-components/assets/performance-icon@2x.png ... 
2025-12-15 07:37:08 +0000  990 bytes for ./Payload/KaitoYaps.app/EXDevMenu.bundle/assets/_expo-dev-client-components/assets/performance-icon@2x.png
2025-12-15 07:37:08 +0000  copying file ./Payload/KaitoYaps.app/EXDevMenu.bundle/assets/_expo-dev-client-components/assets/inspect-element-icon.png ... 
2025-12-15 07:37:08 +0000  319 bytes for ./Payload/KaitoYaps.app/EXDevMenu.bundle/assets/_expo-dev-client-components/assets/inspect-element-icon.png
2025-12-15 07:37:08 +0000  copying file ./Payload/KaitoYaps.app/EXDevMenu.bundle/assets/_expo-dev-client-components/assets/home-filled-inactive-icon-light@2x.png ... 
2025-12-15 07:37:08 +0000  480 bytes for ./Payload/KaitoYaps.app/EXDevMenu.bundle/assets/_expo-dev-client-components/assets/home-filled-inactive-icon-light@2x.png
2025-12-15 07:37:08 +0000  copying file ./Payload/KaitoYaps.app/EXDevMenu.bundle/assets/_expo-dev-client-components/assets/home-filled-inactive-icon-light@3x.png ... 
2025-12-15 07:37:08 +0000  583 bytes for ./Payload/KaitoYaps.app/EXDevMenu.bundle/assets/_expo-dev-client-components/assets/home-filled-inactive-icon-light@3x.png
2025-12-15 07:37:08 +0000  copying file ./Payload/KaitoYaps.app/EXDevMenu.bundle/assets/_expo-dev-client-components/assets/home-filled-inactive-icon@2x.png ... 
2025-12-15 07:37:08 +0000  482 bytes for ./Payload/KaitoYaps.app/EXDevMenu.bundle/assets/_expo-dev-client-components/assets/home-filled-inactive-icon@2x.png
2025-12-15 07:37:08 +0000  copying file ./Payload/KaitoYaps.app/EXDevMenu.bundle/assets/_expo-dev-client-components/assets/settings-filled-inactive-icon@3x.png ... 
2025-12-15 07:37:08 +0000  1348 bytes for ./Payload/KaitoYaps.app/EXDevMenu.bundle/assets/_expo-dev-client-components/assets/settings-filled-inactive-icon@3x.png
2025-12-15 07:37:08 +0000  copying file ./Payload/KaitoYaps.app/EXDevMenu.bundle/assets/_expo-dev-client-components/assets/performance-icon@3x.png ... 
2025-12-15 07:37:08 +0000  1405 bytes for ./Payload/KaitoYaps.app/EXDevMenu.bundle/assets/_expo-dev-client-components/assets/performance-icon@3x.png
2025-12-15 07:37:08 +0000  copying file ./Payload/KaitoYaps.app/EXDevMenu.bundle/assets/_expo-dev-client-components/assets/building-icon.png ... 
2025-12-15 07:37:08 +0000  225 bytes for ./Payload/KaitoYaps.app/EXDevMenu.bundle/assets/_expo-dev-client-components/assets/building-icon.png
2025-12-15 07:37:08 +0000  copying file ./Payload/KaitoYaps.app/EXDevMenu.bundle/assets/_expo-dev-client-components/assets/check-icon-light.png ... 
2025-12-15 07:37:08 +0000  284 bytes for ./Payload/KaitoYaps.app/EXDevMenu.bundle/assets/_expo-dev-client-components/assets/check-icon-light.png
2025-12-15 07:37:08 +0000  copying file ./Payload/KaitoYaps.app/EXDevMenu.bundle/assets/_expo-dev-client-components/assets/x-icon-light@2x.png ... 
2025-12-15 07:37:08 +0000  433 bytes for ./Payload/KaitoYaps.app/EXDevMenu.bundle/assets/_expo-dev-client-components/assets/x-icon-light@2x.png
2025-12-15 07:37:08 +0000  copying file ./Payload/KaitoYaps.app/EXDevMenu.bundle/assets/_expo-dev-client-components/assets/branch-icon.png ... 
2025-12-15 07:37:08 +0000  575 bytes for ./Payload/KaitoYaps.app/EXDevMenu.bundle/assets/_expo-dev-client-components/assets/branch-icon.png
2025-12-15 07:37:08 +0000  copying file ./Payload/KaitoYaps.app/EXDevMenu.bundle/assets/_expo-dev-client-components/assets/shake-device-icon-light@2x.png ... 
2025-12-15 07:37:08 +0000  1674 bytes for ./Payload/KaitoYaps.app/EXDevMenu.bundle/assets/_expo-dev-client-components/assets/shake-device-icon-light@2x.png
2025-12-15 07:37:08 +0000  copying file ./Payload/KaitoYaps.app/EXDevMenu.bundle/assets/_expo-dev-client-components/assets/extensions-icon-light@3x.png ... 
2025-12-15 07:37:08 +0000  1265 bytes for ./Payload/KaitoYaps.app/EXDevMenu.bundle/assets/_expo-dev-client-components/assets/extensions-icon-light@3x.png
2025-12-15 07:37:08 +0000  copying file ./Payload/KaitoYaps.app/EXDevMenu.bundle/assets/_expo-dev-client-components/assets/settings-filled-inactive-icon-light@2x.png ... 
2025-12-15 07:37:08 +0000  1066 bytes for ./Payload/KaitoYaps.app/EXDevMenu.bundle/assets/_expo-dev-client-components/assets/settings-filled-inactive-icon-light@2x.png
2025-12-15 07:37:08 +0000  copying file ./Payload/KaitoYaps.app/EXDevMenu.bundle/assets/_expo-dev-client-components/assets/info-icon-light@2x.png ... 
2025-12-15 07:37:08 +0000  966 bytes for ./Payload/KaitoYaps.app/EXDevMenu.bundle/assets/_expo-dev-client-components/assets/info-icon-light@2x.png
2025-12-15 07:37:08 +0000  copying file ./Payload/KaitoYaps.app/EXDevMenu.bundle/assets/_expo-dev-client-components/assets/logo-icon.png ... 
2025-12-15 07:37:08 +0000  3687 bytes for ./Payload/KaitoYaps.app/EXDevMenu.bundle/assets/_expo-dev-client-components/assets/logo-icon.png
2025-12-15 07:37:08 +0000  copying file ./Payload/KaitoYaps.app/EXDevMenu.bundle/assets/_expo-dev-client-components/assets/logo-icon@2x.png ... 
2025-12-15 07:37:08 +0000  8115 bytes for ./Payload/KaitoYaps.app/EXDevMenu.bundle/assets/_expo-dev-client-components/assets/logo-icon@2x.png
2025-12-15 07:37:08 +0000  copying file ./Payload/KaitoYaps.app/EXDevMenu.bundle/assets/_expo-dev-client-components/assets/extensions-filled-active-icon@2x.png ... 
2025-12-15 07:37:08 +0000  469 bytes for ./Payload/KaitoYaps.app/EXDevMenu.bundle/assets/_expo-dev-client-components/assets/extensions-filled-active-icon@2x.png
2025-12-15 07:37:08 +0000  copying file ./Payload/KaitoYaps.app/EXDevMenu.bundle/assets/_expo-dev-client-components/assets/three-finger-long-press-icon-light.png ... 
2025-12-15 07:37:08 +0000  415 bytes for ./Payload/KaitoYaps.app/EXDevMenu.bundle/assets/_expo-dev-client-components/assets/three-finger-long-press-icon-light.png
2025-12-15 07:37:08 +0000  copying file ./Payload/KaitoYaps.app/EXDevMenu.bundle/assets/_expo-dev-client-components/assets/show-menu-at-launch-icon-light.png ... 
2025-12-15 07:37:08 +0000  357 bytes for ./Payload/KaitoYaps.app/EXDevMenu.bundle/assets/_expo-dev-client-components/assets/show-menu-at-launch-icon-light.png
2025-12-15 07:37:08 +0000  copying file ./Payload/KaitoYaps.app/EXDevMenu.bundle/assets/_expo-dev-client-components/assets/x-icon-light.png ... 
2025-12-15 07:37:08 +0000  257 bytes for ./Payload/KaitoYaps.app/EXDevMenu.bundle/assets/_expo-dev-client-components/assets/x-icon-light.png
2025-12-15 07:37:08 +0000  copying file ./Payload/KaitoYaps.app/EXDevMenu.bundle/assets/_expo-dev-client-components/assets/user-icon.png ... 
2025-12-15 07:37:08 +0000  356 bytes for ./Payload/KaitoYaps.app/EXDevMenu.bundle/assets/_expo-dev-client-components/assets/user-icon.png
2025-12-15 07:37:08 +0000  copying file ./Payload/KaitoYaps.app/EXDevMenu.bundle/assets/_expo-dev-client-components/assets/x-icon.png ... 
2025-12-15 07:37:08 +0000  253 bytes for ./Payload/KaitoYaps.app/EXDevMenu.bundle/assets/_expo-dev-client-components/assets/x-icon.png
2025-12-15 07:37:08 +0000  copying file ./Payload/KaitoYaps.app/EXDevMenu.bundle/assets/_expo-dev-client-components/assets/home-filled-active-icon.png ... 
2025-12-15 07:37:08 +0000  339 bytes for ./Payload/KaitoYaps.app/EXDevMenu.bundle/assets/_expo-dev-client-components/assets/home-filled-active-icon.png
2025-12-15 07:37:08 +0000  copying file ./Payload/KaitoYaps.app/EXDevMenu.bundle/assets/_expo-dev-client-components/assets/debug-icon@3x.png ... 
2025-12-15 07:37:08 +0000  667 bytes for ./Payload/KaitoYaps.app/EXDevMenu.bundle/assets/_expo-dev-client-components/assets/debug-icon@3x.png
2025-12-15 07:37:08 +0000  copying file ./Payload/KaitoYaps.app/EXDevMenu.bundle/assets/_expo-dev-client-components/assets/inspect-element-icon@2x.png ... 
2025-12-15 07:37:08 +0000  423 bytes for ./Payload/KaitoYaps.app/EXDevMenu.bundle/assets/_expo-dev-client-components/assets/inspect-element-icon@2x.png
2025-12-15 07:37:08 +0000  copying file ./Payload/KaitoYaps.app/EXDevMenu.bundle/assets/_expo-dev-client-components/assets/home-filled-inactive-icon-light.png ... 
2025-12-15 07:37:08 +0000  334 bytes for ./Payload/KaitoYaps.app/EXDevMenu.bundle/assets/_expo-dev-client-components/assets/home-filled-inactive-icon-light.png
2025-12-15 07:37:08 +0000  copying file ./Payload/KaitoYaps.app/EXDevMenu.bundle/assets/_expo-dev-client-components/assets/terminal-icon@3x.png ... 
2025-12-15 07:37:08 +0000  961 bytes for ./Payload/KaitoYaps.app/EXDevMenu.bundle/assets/_expo-dev-client-components/assets/terminal-icon@3x.png
2025-12-15 07:37:08 +0000  copying file ./Payload/KaitoYaps.app/EXDevMenu.bundle/assets/_expo-dev-client-components/assets/performance-icon.png ... 
2025-12-15 07:37:08 +0000  532 bytes for ./Payload/KaitoYaps.app/EXDevMenu.bundle/assets/_expo-dev-client-components/assets/performance-icon.png
2025-12-15 07:37:08 +0000  copying file ./Payload/KaitoYaps.app/EXDevMenu.bundle/assets/_expo-dev-client-components/assets/three-finger-long-press-icon-light@2x.png ... 
2025-12-15 07:37:08 +0000  563 bytes for ./Payload/KaitoYaps.app/EXDevMenu.bundle/assets/_expo-dev-client-components/assets/three-finger-long-press-icon-light@2x.png
2025-12-15 07:37:08 +0000  copying file ./Payload/KaitoYaps.app/EXDevMenu.bundle/assets/_expo-dev-client-components/assets/extensions-filled-active-icon-light@3x.png ... 
2025-12-15 07:37:08 +0000  642 bytes for ./Payload/KaitoYaps.app/EXDevMenu.bundle/assets/_expo-dev-client-components/assets/extensions-filled-active-icon-light@3x.png
2025-12-15 07:37:08 +0000  copying file ./Payload/KaitoYaps.app/EXDevMenu.bundle/assets/_expo-dev-client-components/assets/settings-filled-inactive-icon-light.png ... 
2025-12-15 07:37:08 +0000  537 bytes for ./Payload/KaitoYaps.app/EXDevMenu.bundle/assets/_expo-dev-client-components/assets/settings-filled-inactive-icon-light.png
2025-12-15 07:37:08 +0000  copying file ./Payload/KaitoYaps.app/EXDevMenu.bundle/assets/_expo-dev-client-components/assets/show-menu-at-launch-icon-light@2x.png ... 
2025-12-15 07:37:08 +0000  518 bytes for ./Payload/KaitoYaps.app/EXDevMenu.bundle/assets/_expo-dev-client-components/assets/show-menu-at-launch-icon-light@2x.png
2025-12-15 07:37:08 +0000  copying file ./Payload/KaitoYaps.app/EXDevMenu.bundle/assets/_expo-dev-client-components/assets/clipboard-icon@3x.png ... 
2025-12-15 07:37:08 +0000  809 bytes for ./Payload/KaitoYaps.app/EXDevMenu.bundle/assets/_expo-dev-client-components/assets/clipboard-icon@3x.png
2025-12-15 07:37:08 +0000  copying file ./Payload/KaitoYaps.app/EXDevMenu.bundle/assets/_expo-dev-client-components/assets/settings-filled-active-icon.png ... 
2025-12-15 07:37:08 +0000  542 bytes for ./Payload/KaitoYaps.app/EXDevMenu.bundle/assets/_expo-dev-client-components/assets/settings-filled-active-icon.png
2025-12-15 07:37:08 +0000  copying file ./Payload/KaitoYaps.app/EXDevMenu.bundle/assets/_expo-dev-client-components/assets/loading-indicator-icon@2x.png ... 
2025-12-15 07:37:08 +0000  1757 bytes for ./Payload/KaitoYaps.app/EXDevMenu.bundle/assets/_expo-dev-client-components/assets/loading-indicator-icon@2x.png
2025-12-15 07:37:08 +0000  copying file ./Payload/KaitoYaps.app/EXDevMenu.bundle/assets/_expo-dev-client-components/assets/shake-device-icon.png ... 
2025-12-15 07:37:08 +0000  844 bytes for ./Payload/KaitoYaps.app/EXDevMenu.bundle/assets/_expo-dev-client-components/assets/shake-device-icon.png
2025-12-15 07:37:08 +0000  copying file ./Payload/KaitoYaps.app/EXDevMenu.bundle/assets/_expo-dev-client-components/assets/settings-filled-active-icon-light@2x.png ... 
2025-12-15 07:37:08 +0000  1066 bytes for ./Payload/KaitoYaps.app/EXDevMenu.bundle/assets/_expo-dev-client-components/assets/settings-filled-active-icon-light@2x.png
2025-12-15 07:37:08 +0000  copying file ./Payload/KaitoYaps.app/EXDevMenu.bundle/assets/_expo-dev-client-components/assets/x-icon@2x.png ... 
2025-12-15 07:37:08 +0000  464 bytes for ./Payload/KaitoYaps.app/EXDevMenu.bundle/assets/_expo-dev-client-components/assets/x-icon@2x.png
2025-12-15 07:37:08 +0000  copying file ./Payload/KaitoYaps.app/EXDevMenu.bundle/assets/_expo-dev-client-components/assets/update-icon@2x.png ... 
2025-12-15 07:37:08 +0000  477 bytes for ./Payload/KaitoYaps.app/EXDevMenu.bundle/assets/_expo-dev-client-components/assets/update-icon@2x.png
2025-12-15 07:37:08 +0000  copying file ./Payload/KaitoYaps.app/EXDevMenu.bundle/assets/_expo-dev-client-components/assets/settings-filled-active-icon@3x.png ... 
2025-12-15 07:37:08 +0000  1406 bytes for ./Payload/KaitoYaps.app/EXDevMenu.bundle/assets/_expo-dev-client-components/assets/settings-filled-active-icon@3x.png
2025-12-15 07:37:08 +0000  copying file ./Payload/KaitoYaps.app/EXDevMenu.bundle/assets/_expo-dev-client-components/assets/building-icon@3x.png ... 
2025-12-15 07:37:08 +0000  398 bytes for ./Payload/KaitoYaps.app/EXDevMenu.bundle/assets/_expo-dev-client-components/assets/building-icon@3x.png
2025-12-15 07:37:08 +0000  copying file ./Payload/KaitoYaps.app/EXDevMenu.bundle/assets/_expo-dev-client-components/assets/run-icon@2x.png ... 
2025-12-15 07:37:08 +0000  994 bytes for ./Payload/KaitoYaps.app/EXDevMenu.bundle/assets/_expo-dev-client-components/assets/run-icon@2x.png
2025-12-15 07:37:08 +0000  copying file ./Payload/KaitoYaps.app/EXDevMenu.bundle/assets/_expo-dev-client-components/assets/extensions-filled-inactive-icon@3x.png ... 
2025-12-15 07:37:08 +0000  617 bytes for ./Payload/KaitoYaps.app/EXDevMenu.bundle/assets/_expo-dev-client-components/assets/extensions-filled-inactive-icon@3x.png
2025-12-15 07:37:08 +0000  copying file ./Payload/KaitoYaps.app/EXDevMenu.bundle/assets/_expo-dev-client-components/assets/run-icon.png ... 
2025-12-15 07:37:08 +0000  594 bytes for ./Payload/KaitoYaps.app/EXDevMenu.bundle/assets/_expo-dev-client-components/assets/run-icon.png
2025-12-15 07:37:08 +0000  copying file ./Payload/KaitoYaps.app/EXDevMenu.bundle/assets/_expo-dev-client-components/assets/clipboard-icon.png ... 
2025-12-15 07:37:08 +0000  405 bytes for ./Payload/KaitoYaps.app/EXDevMenu.bundle/assets/_expo-dev-client-components/assets/clipboard-icon.png
2025-12-15 07:37:08 +0000  copying file ./Payload/KaitoYaps.app/EXDevMenu.bundle/assets/_expo-dev-client-components/assets/extensions-filled-inactive-icon@2x.png ... 
2025-12-15 07:37:08 +0000  465 bytes for ./Payload/KaitoYaps.app/EXDevMenu.bundle/assets/_expo-dev-client-components/assets/extensions-filled-inactive-icon@2x.png
2025-12-15 07:37:08 +0000  copying file ./Payload/KaitoYaps.app/EXDevMenu.bundle/assets/_expo-dev-client-components/assets/run-icon@3x.png ... 
2025-12-15 07:37:08 +0000  1332 bytes for ./Payload/KaitoYaps.app/EXDevMenu.bundle/assets/_expo-dev-client-components/assets/run-icon@3x.png
2025-12-15 07:37:08 +0000  copying file ./Payload/KaitoYaps.app/EXDevMenu.bundle/assets/_expo-dev-client-components/assets/building-icon@2x.png ... 
2025-12-15 07:37:08 +0000  306 bytes for ./Payload/KaitoYaps.app/EXDevMenu.bundle/assets/_expo-dev-client-components/assets/building-icon@2x.png
2025-12-15 07:37:08 +0000  copying file ./Payload/KaitoYaps.app/EXDevMenu.bundle/assets/_expo-dev-client-components/assets/settings-filled-active-icon@2x.png ... 
2025-12-15 07:37:08 +0000  1057 bytes for ./Payload/KaitoYaps.app/EXDevMenu.bundle/assets/_expo-dev-client-components/assets/settings-filled-active-icon@2x.png
2025-12-15 07:37:08 +0000  copying file ./Payload/KaitoYaps.app/EXDevMenu.bundle/assets/_expo-dev-client-components/assets/warning-triangle-icon-light.png ... 
2025-12-15 07:37:08 +0000  365 bytes for ./Payload/KaitoYaps.app/EXDevMenu.bundle/assets/_expo-dev-client-components/assets/warning-triangle-icon-light.png
2025-12-15 07:37:08 +0000  copying file ./Payload/KaitoYaps.app/EXDevMenu.bundle/assets/_expo-dev-client-components/assets/update-icon-light.png ... 
2025-12-15 07:37:08 +0000  359 bytes for ./Payload/KaitoYaps.app/EXDevMenu.bundle/assets/_expo-dev-client-components/assets/update-icon-light.png
2025-12-15 07:37:08 +0000  copying file ./Payload/KaitoYaps.app/EXDevMenu.bundle/assets/_expo-dev-client-components/assets/update-icon@3x.png ... 
2025-12-15 07:37:08 +0000  602 bytes for ./Payload/KaitoYaps.app/EXDevMenu.bundle/assets/_expo-dev-client-components/assets/update-icon@3x.png
2025-12-15 07:37:08 +0000  copying file ./Payload/KaitoYaps.app/EXDevMenu.bundle/assets/_expo-dev-client-components/assets/x-icon@3x.png ... 
2025-12-15 07:37:08 +0000  600 bytes for ./Payload/KaitoYaps.app/EXDevMenu.bundle/assets/_expo-dev-client-components/assets/x-icon@3x.png
2025-12-15 07:37:08 +0000  copying file ./Payload/KaitoYaps.app/EXDevMenu.bundle/assets/_expo-dev-client-components/assets/settings-filled-active-icon-light@3x.png ... 
2025-12-15 07:37:08 +0000  1406 bytes for ./Payload/KaitoYaps.app/EXDevMenu.bundle/assets/_expo-dev-client-components/assets/settings-filled-active-icon-light@3x.png
2025-12-15 07:37:08 +0000  copying file ./Payload/KaitoYaps.app/EXDevMenu.bundle/assets/_expo-dev-client-components/assets/loading-indicator-icon@3x.png ... 
2025-12-15 07:37:08 +0000  2623 bytes for ./Payload/KaitoYaps.app/EXDevMenu.bundle/assets/_expo-dev-client-components/assets/loading-indicator-icon@3x.png
2025-12-15 07:37:08 +0000  copying file ./Payload/KaitoYaps.app/EXDevMenu.bundle/assets/_expo-dev-client-components/assets/clipboard-icon@2x.png ... 
2025-12-15 07:37:08 +0000  629 bytes for ./Payload/KaitoYaps.app/EXDevMenu.bundle/assets/_expo-dev-client-components/assets/clipboard-icon@2x.png
2025-12-15 07:37:08 +0000  copying file ./Payload/KaitoYaps.app/EXDevMenu.bundle/assets/_expo-dev-client-components/assets/show-menu-at-launch-icon-light@3x.png ... 
2025-12-15 07:37:08 +0000  717 bytes for ./Payload/KaitoYaps.app/EXDevMenu.bundle/assets/_expo-dev-client-components/assets/show-menu-at-launch-icon-light@3x.png
2025-12-15 07:37:08 +0000  copying file ./Payload/KaitoYaps.app/EXDevMenu.bundle/assets/_expo-dev-client-components/assets/extensions-filled-active-icon-light@2x.png ... 
2025-12-15 07:37:08 +0000  488 bytes for ./Payload/KaitoYaps.app/EXDevMenu.bundle/assets/_expo-dev-client-components/assets/extensions-filled-active-icon-light@2x.png
2025-12-15 07:37:08 +0000  copying file ./Payload/KaitoYaps.app/EXDevMenu.bundle/assets/_expo-dev-client-components/assets/three-finger-long-press-icon-light@3x.png ... 
2025-12-15 07:37:08 +0000  814 bytes for ./Payload/KaitoYaps.app/EXDevMenu.bundle/assets/_expo-dev-client-components/assets/three-finger-long-press-icon-light@3x.png
2025-12-15 07:37:08 +0000  copying file ./Payload/KaitoYaps.app/EXDevMenu.bundle/assets/_expo-dev-client-components/assets/terminal-icon@2x.png ... 
2025-12-15 07:37:08 +0000  668 bytes for ./Payload/KaitoYaps.app/EXDevMenu.bundle/assets/_expo-dev-client-components/assets/terminal-icon@2x.png
2025-12-15 07:37:08 +0000  copying file ./Payload/KaitoYaps.app/EXDevMenu.bundle/assets/_expo-dev-client-components/assets/inspect-element-icon@3x.png ... 
2025-12-15 07:37:08 +0000  344 bytes for ./Payload/KaitoYaps.app/EXDevMenu.bundle/assets/_expo-dev-client-components/assets/inspect-element-icon@3x.png
2025-12-15 07:37:08 +0000  copying file ./Payload/KaitoYaps.app/EXDevMenu.bundle/assets/_expo-dev-client-components/assets/debug-icon@2x.png ... 
2025-12-15 07:37:08 +0000  618 bytes for ./Payload/KaitoYaps.app/EXDevMenu.bundle/assets/_expo-dev-client-components/assets/debug-icon@2x.png
2025-12-15 07:37:08 +0000  copying file ./Payload/KaitoYaps.app/EXDevMenu.bundle/assets/_expo-dev-client-components/assets/warning-triangle-icon@2x.png ... 
2025-12-15 07:37:08 +0000  604 bytes for ./Payload/KaitoYaps.app/EXDevMenu.bundle/assets/_expo-dev-client-components/assets/warning-triangle-icon@2x.png
2025-12-15 07:37:08 +0000  copying file ./Payload/KaitoYaps.app/EXDevMenu.bundle/assets/_expo-dev-client-components/assets/three-finger-long-press-icon@2x.png ... 
2025-12-15 07:37:08 +0000  560 bytes for ./Payload/KaitoYaps.app/EXDevMenu.bundle/assets/_expo-dev-client-components/assets/three-finger-long-press-icon@2x.png
2025-12-15 07:37:08 +0000  copying file ./Payload/KaitoYaps.app/EXDevMenu.bundle/assets/_expo-dev-client-components/assets/check-icon-light@3x.png ... 
2025-12-15 07:37:08 +0000  564 bytes for ./Payload/KaitoYaps.app/EXDevMenu.bundle/assets/_expo-dev-client-components/assets/check-icon-light@3x.png
2025-12-15 07:37:08 +0000  copying file ./Payload/KaitoYaps.app/EXDevMenu.bundle/assets/_expo-dev-client-components/assets/user-icon-light@2x.png ... 
2025-12-15 07:37:08 +0000  1042 bytes for ./Payload/KaitoYaps.app/EXDevMenu.bundle/assets/_expo-dev-client-components/assets/user-icon-light@2x.png
2025-12-15 07:37:08 +0000  copying file ./Payload/KaitoYaps.app/EXDevMenu.bundle/assets/_expo-dev-client-components/assets/extensions-icon@2x.png ... 
2025-12-15 07:37:08 +0000  820 bytes for ./Payload/KaitoYaps.app/EXDevMenu.bundle/assets/_expo-dev-client-components/assets/extensions-icon@2x.png
2025-12-15 07:37:08 +0000  copying file ./Payload/KaitoYaps.app/EXDevMenu.bundle/assets/_expo-dev-client-components/assets/update-icon.png ... 
2025-12-15 07:37:08 +0000  334 bytes for ./Payload/KaitoYaps.app/EXDevMenu.bundle/assets/_expo-dev-client-components/assets/update-icon.png
2025-12-15 07:37:08 +0000  copying file ./Payload/KaitoYaps.app/EXDevMenu.bundle/assets/_expo-dev-client-components/assets/shake-device-icon@2x.png ... 
2025-12-15 07:37:08 +0000  1708 bytes for ./Payload/KaitoYaps.app/EXDevMenu.bundle/assets/_expo-dev-client-components/assets/shake-device-icon@2x.png
2025-12-15 07:37:08 +0000  copying file ./Payload/KaitoYaps.app/EXDevMenu.bundle/assets/_expo-dev-client-components/assets/show-menu-at-launch-icon.png ... 
2025-12-15 07:37:08 +0000  364 bytes for ./Payload/KaitoYaps.app/EXDevMenu.bundle/assets/_expo-dev-client-components/assets/show-menu-at-launch-icon.png
2025-12-15 07:37:08 +0000  copying file ./Payload/KaitoYaps.app/EXDevMenu.bundle/assets/_expo-dev-client-components/assets/update-icon-light@3x.png ... 
2025-12-15 07:37:08 +0000  649 bytes for ./Payload/KaitoYaps.app/EXDevMenu.bundle/assets/_expo-dev-client-components/assets/update-icon-light@3x.png
2025-12-15 07:37:08 +0000  copying file ./Payload/KaitoYaps.app/EXDevMenu.bundle/assets/_expo-dev-client-components/assets/check-icon@2x.png ... 
2025-12-15 07:37:08 +0000  423 bytes for ./Payload/KaitoYaps.app/EXDevMenu.bundle/assets/_expo-dev-client-components/assets/check-icon@2x.png
2025-12-15 07:37:08 +0000  copying file ./Payload/KaitoYaps.app/EXDevMenu.bundle/assets/_expo-dev-client-components/assets/chevron-right-icon@3x.png ... 
2025-12-15 07:37:08 +0000  406 bytes for ./Payload/KaitoYaps.app/EXDevMenu.bundle/assets/_expo-dev-client-components/assets/chevron-right-icon@3x.png
2025-12-15 07:37:08 +0000  copying file ./Payload/KaitoYaps.app/EXDevMenu.bundle/assets/_expo-dev-client-components/assets/show-menu-at-launch-icon@3x.png ... 
2025-12-15 07:37:08 +0000  713 bytes for ./Payload/KaitoYaps.app/EXDevMenu.bundle/assets/_expo-dev-client-components/assets/show-menu-at-launch-icon@3x.png
2025-12-15 07:37:08 +0000  copying file ./Payload/KaitoYaps.app/EXDevMenu.bundle/assets/_expo-dev-client-components/assets/toolbar-overlay-icon@3x.png ... 
2025-12-15 07:37:08 +0000  767 bytes for ./Payload/KaitoYaps.app/EXDevMenu.bundle/assets/_expo-dev-client-components/assets/toolbar-overlay-icon@3x.png
2025-12-15 07:37:08 +0000  copying file ./Payload/KaitoYaps.app/EXDevMenu.bundle/assets/_expo-dev-client-components/assets/branch-icon-light@3x.png ... 
2025-12-15 07:37:08 +0000  1301 bytes for ./Payload/KaitoYaps.app/EXDevMenu.bundle/assets/_expo-dev-client-components/assets/branch-icon-light@3x.png
2025-12-15 07:37:08 +0000  copying file ./Payload/KaitoYaps.app/EXDevMenu.bundle/assets/_expo-dev-client-components/assets/extensions-filled-active-icon.png ... 
2025-12-15 07:37:08 +0000  309 bytes for ./Payload/KaitoYaps.app/EXDevMenu.bundle/assets/_expo-dev-client-components/assets/extensions-filled-active-icon.png
2025-12-15 07:37:08 +0000  copying file ./Payload/KaitoYaps.app/EXDevMenu.bundle/assets/_expo-dev-client-components/assets/info-icon@2x.png ... 
2025-12-15 07:37:08 +0000  925 bytes for ./Payload/KaitoYaps.app/EXDevMenu.bundle/assets/_expo-dev-client-components/assets/info-icon@2x.png
2025-12-15 07:37:08 +0000  copying file ./Payload/KaitoYaps.app/EXDevMenu.bundle/assets/_expo-dev-client-components/assets/branch-icon@3x.png ... 
2025-12-15 07:37:08 +0000  1321 bytes for ./Payload/KaitoYaps.app/EXDevMenu.bundle/assets/_expo-dev-client-components/assets/branch-icon@3x.png
2025-12-15 07:37:08 +0000  copying file ./Payload/KaitoYaps.app/EXDevMenu.bundle/assets/_expo-dev-client-components/assets/home-filled-active-icon-light@3x.png ... 
2025-12-15 07:37:08 +0000  586 bytes for ./Payload/KaitoYaps.app/EXDevMenu.bundle/assets/_expo-dev-client-components/assets/home-filled-active-icon-light@3x.png
2025-12-15 07:37:08 +0000  copying file ./Payload/KaitoYaps.app/EXDevMenu.bundle/assets/_expo-dev-client-components/assets/warning-triangle-icon-light@3x.png ... 
2025-12-15 07:37:08 +0000  860 bytes for ./Payload/KaitoYaps.app/EXDevMenu.bundle/assets/_expo-dev-client-components/assets/warning-triangle-icon-light@3x.png
2025-12-15 07:37:08 +0000  copying file ./Payload/KaitoYaps.app/EXDevMenu.bundle/assets/_expo-dev-client-components/assets/user-icon-light.png ... 
2025-12-15 07:37:08 +0000  545 bytes for ./Payload/KaitoYaps.app/EXDevMenu.bundle/assets/_expo-dev-client-components/assets/user-icon-light.png
2025-12-15 07:37:08 +0000  copying file ./Payload/KaitoYaps.app/EXDevMenu.bundle/assets/_expo-dev-client-components/assets/branch-icon@2x.png ... 
2025-12-15 07:37:08 +0000  1085 bytes for ./Payload/KaitoYaps.app/EXDevMenu.bundle/assets/_expo-dev-client-components/assets/branch-icon@2x.png
2025-12-15 07:37:08 +0000  copying file ./Payload/KaitoYaps.app/EXDevMenu.bundle/assets/_expo-dev-client-components/assets/home-filled-active-icon-light@2x.png ... 
2025-12-15 07:37:08 +0000  484 bytes for ./Payload/KaitoYaps.app/EXDevMenu.bundle/assets/_expo-dev-client-components/assets/home-filled-active-icon-light@2x.png
2025-12-15 07:37:08 +0000  copying file ./Payload/KaitoYaps.app/EXDevMenu.bundle/assets/_expo-dev-client-components/assets/warning-triangle-icon-light@2x.png ... 
2025-12-15 07:37:08 +0000  600 bytes for ./Payload/KaitoYaps.app/EXDevMenu.bundle/assets/_expo-dev-client-components/assets/warning-triangle-icon-light@2x.png
2025-12-15 07:37:08 +0000  copying file ./Payload/KaitoYaps.app/EXDevMenu.bundle/assets/_expo-dev-client-components/assets/extensions-icon.png ... 
2025-12-15 07:37:08 +0000  495 bytes for ./Payload/KaitoYaps.app/EXDevMenu.bundle/assets/_expo-dev-client-components/assets/extensions-icon.png
2025-12-15 07:37:08 +0000  copying file ./Payload/KaitoYaps.app/EXDevMenu.bundle/assets/_expo-dev-client-components/assets/info-icon@3x.png ... 
2025-12-15 07:37:08 +0000  1404 bytes for ./Payload/KaitoYaps.app/EXDevMenu.bundle/assets/_expo-dev-client-components/assets/info-icon@3x.png
2025-12-15 07:37:08 +0000  copying file ./Payload/KaitoYaps.app/EXDevMenu.bundle/assets/_expo-dev-client-components/assets/toolbar-overlay-icon@2x.png ... 
2025-12-15 07:37:08 +0000  549 bytes for ./Payload/KaitoYaps.app/EXDevMenu.bundle/assets/_expo-dev-client-components/assets/toolbar-overlay-icon@2x.png
2025-12-15 07:37:08 +0000  copying file ./Payload/KaitoYaps.app/EXDevMenu.bundle/assets/_expo-dev-client-components/assets/branch-icon-light@2x.png ... 
2025-12-15 07:37:08 +0000  1026 bytes for ./Payload/KaitoYaps.app/EXDevMenu.bundle/assets/_expo-dev-client-components/assets/branch-icon-light@2x.png
2025-12-15 07:37:08 +0000  copying file ./Payload/KaitoYaps.app/EXDevMenu.bundle/assets/_expo-dev-client-components/assets/show-menu-at-launch-icon@2x.png ... 
2025-12-15 07:37:08 +0000  520 bytes for ./Payload/KaitoYaps.app/EXDevMenu.bundle/assets/_expo-dev-client-components/assets/show-menu-at-launch-icon@2x.png
2025-12-15 07:37:08 +0000  copying file ./Payload/KaitoYaps.app/EXDevMenu.bundle/assets/_expo-dev-client-components/assets/chevron-right-icon@2x.png ... 
2025-12-15 07:37:08 +0000  361 bytes for ./Payload/KaitoYaps.app/EXDevMenu.bundle/assets/_expo-dev-client-components/assets/chevron-right-icon@2x.png
2025-12-15 07:37:08 +0000  copying file ./Payload/KaitoYaps.app/EXDevMenu.bundle/assets/_expo-dev-client-components/assets/update-icon-light@2x.png ... 
2025-12-15 07:37:08 +0000  538 bytes for ./Payload/KaitoYaps.app/EXDevMenu.bundle/assets/_expo-dev-client-components/assets/update-icon-light@2x.png
2025-12-15 07:37:08 +0000  copying file ./Payload/KaitoYaps.app/EXDevMenu.bundle/assets/_expo-dev-client-components/assets/check-icon@3x.png ... 
2025-12-15 07:37:08 +0000  558 bytes for ./Payload/KaitoYaps.app/EXDevMenu.bundle/assets/_expo-dev-client-components/assets/check-icon@3x.png
2025-12-15 07:37:08 +0000  copying file ./Payload/KaitoYaps.app/EXDevMenu.bundle/assets/_expo-dev-client-components/assets/shake-device-icon@3x.png ... 
2025-12-15 07:37:08 +0000  2616 bytes for ./Payload/KaitoYaps.app/EXDevMenu.bundle/assets/_expo-dev-client-components/assets/shake-device-icon@3x.png
2025-12-15 07:37:08 +0000  copying file ./Payload/KaitoYaps.app/EXDevMenu.bundle/assets/_expo-dev-client-components/assets/check-icon.png ... 
2025-12-15 07:37:08 +0000  303 bytes for ./Payload/KaitoYaps.app/EXDevMenu.bundle/assets/_expo-dev-client-components/assets/check-icon.png
2025-12-15 07:37:08 +0000  copying file ./Payload/KaitoYaps.app/EXDevMenu.bundle/assets/_expo-dev-client-components/assets/extensions-icon@3x.png ... 
2025-12-15 07:37:08 +0000  1239 bytes for ./Payload/KaitoYaps.app/EXDevMenu.bundle/assets/_expo-dev-client-components/assets/extensions-icon@3x.png
2025-12-15 07:37:08 +0000  copying file ./Payload/KaitoYaps.app/EXDevMenu.bundle/assets/_expo-dev-client-components/assets/user-icon-light@3x.png ... 
2025-12-15 07:37:08 +0000  1461 bytes for ./Payload/KaitoYaps.app/EXDevMenu.bundle/assets/_expo-dev-client-components/assets/user-icon-light@3x.png
2025-12-15 07:37:08 +0000  copying file ./Payload/KaitoYaps.app/EXDevMenu.bundle/assets/_expo-dev-client-components/assets/check-icon-light@2x.png ... 
2025-12-15 07:37:08 +0000  407 bytes for ./Payload/KaitoYaps.app/EXDevMenu.bundle/assets/_expo-dev-client-components/assets/check-icon-light@2x.png
2025-12-15 07:37:08 +0000  copying file ./Payload/KaitoYaps.app/EXDevMenu.bundle/assets/_expo-dev-client-components/assets/three-finger-long-press-icon@3x.png ... 
2025-12-15 07:37:08 +0000  827 bytes for ./Payload/KaitoYaps.app/EXDevMenu.bundle/assets/_expo-dev-client-components/assets/three-finger-long-press-icon@3x.png
2025-12-15 07:37:08 +0000  copying file ./Payload/KaitoYaps.app/EXDevMenu.bundle/assets/_expo-dev-client-components/assets/warning-triangle-icon@3x.png ... 
2025-12-15 07:37:08 +0000  810 bytes for ./Payload/KaitoYaps.app/EXDevMenu.bundle/assets/_expo-dev-client-components/assets/warning-triangle-icon@3x.png
2025-12-15 07:37:08 +0000  copying file ./Payload/KaitoYaps.app/EXDevMenu.bundle/assets/_expo-dev-client-components/assets/refresh-icon@3x.png ... 
2025-12-15 07:37:08 +0000  1217 bytes for ./Payload/KaitoYaps.app/EXDevMenu.bundle/assets/_expo-dev-client-components/assets/refresh-icon@3x.png
2025-12-15 07:37:08 +0000  copying file ./Payload/KaitoYaps.app/EXDevMenu.bundle/assets/_expo-dev-client-components/assets/extensions-filled-inactive-icon-light@3x.png ... 
2025-12-15 07:37:08 +0000  638 bytes for ./Payload/KaitoYaps.app/EXDevMenu.bundle/assets/_expo-dev-client-components/assets/extensions-filled-inactive-icon-light@3x.png
2025-12-15 07:37:08 +0000  copying file ./Payload/KaitoYaps.app/EXDevMenu.bundle/assets/_expo-dev-client-components/assets/home-filled-inactive-icon.png ... 
2025-12-15 07:37:08 +0000  339 bytes for ./Payload/KaitoYaps.app/EXDevMenu.bundle/assets/_expo-dev-client-components/assets/home-filled-inactive-icon.png
2025-12-15 07:37:08 +0000  copying file ./Payload/KaitoYaps.app/EXDevMenu.bundle/assets/_expo-dev-client-components/assets/chevron-right-icon.png ... 
2025-12-15 07:37:08 +0000  273 bytes for ./Payload/KaitoYaps.app/EXDevMenu.bundle/assets/_expo-dev-client-components/assets/chevron-right-icon.png
2025-12-15 07:37:08 +0000  copying file ./Payload/KaitoYaps.app/EXDevMenu.bundle/assets/_expo-dev-client-components/assets/question-mark-icon@2x.png ... 
2025-12-15 07:37:08 +0000  497 bytes for ./Payload/KaitoYaps.app/EXDevMenu.bundle/assets/_expo-dev-client-components/assets/question-mark-icon@2x.png
2025-12-15 07:37:08 +0000  copying file ./Payload/KaitoYaps.app/EXDevMenu.bundle/assets/_expo-dev-client-components/assets/extensions-icon-light.png ... 
2025-12-15 07:37:08 +0000  512 bytes for ./Payload/KaitoYaps.app/EXDevMenu.bundle/assets/_expo-dev-client-components/assets/extensions-icon-light.png
2025-12-15 07:37:08 +0000  copying file ./Payload/KaitoYaps.app/EXDevMenu.bundle/assets/_expo-dev-client-components/assets/extensions-filled-inactive-icon-light.png ... 
2025-12-15 07:37:08 +0000  307 bytes for ./Payload/KaitoYaps.app/EXDevMenu.bundle/assets/_expo-dev-client-components/assets/extensions-filled-inactive-icon-light.png
2025-12-15 07:37:08 +0000  copying file ./Payload/KaitoYaps.app/EXDevMenu.bundle/assets/_expo-dev-client-components/assets/home-filled-active-icon@2x.png ... 
2025-12-15 07:37:08 +0000  492 bytes for ./Payload/KaitoYaps.app/EXDevMenu.bundle/assets/_expo-dev-client-components/assets/home-filled-active-icon@2x.png
2025-12-15 07:37:08 +0000  copying file ./Payload/KaitoYaps.app/EXDevMenu.bundle/assets/_expo-dev-client-components/assets/shake-device-icon-light.png ... 
2025-12-15 07:37:08 +0000  779 bytes for ./Payload/KaitoYaps.app/EXDevMenu.bundle/assets/_expo-dev-client-components/assets/shake-device-icon-light.png
2025-12-15 07:37:08 +0000  copying file ./Payload/KaitoYaps.app/EXDevMenu.bundle/assets/_expo-dev-client-components/assets/user-icon@2x.png ... 
2025-12-15 07:37:08 +0000  624 bytes for ./Payload/KaitoYaps.app/EXDevMenu.bundle/assets/_expo-dev-client-components/assets/user-icon@2x.png
2025-12-15 07:37:08 +0000  copying file ./Payload/KaitoYaps.app/EXDevMenu.bundle/assets/_expo-dev-client-components/assets/refresh-icon.png ... 
2025-12-15 07:37:08 +0000  517 bytes for ./Payload/KaitoYaps.app/EXDevMenu.bundle/assets/_expo-dev-client-components/assets/refresh-icon.png
2025-12-15 07:37:08 +0000  copying file ./Payload/KaitoYaps.app/EXDevMenu.bundle/assets/_expo-dev-client-components/assets/question-mark-icon.png ... 
2025-12-15 07:37:08 +0000  297 bytes for ./Payload/KaitoYaps.app/EXDevMenu.bundle/assets/_expo-dev-client-components/assets/question-mark-icon.png
2025-12-15 07:37:08 +0000  copying file ./Payload/KaitoYaps.app/EXDevMenu.bundle/assets/_expo-dev-client-components/assets/user-icon@3x.png ... 
2025-12-15 07:37:08 +0000  878 bytes for ./Payload/KaitoYaps.app/EXDevMenu.bundle/assets/_expo-dev-client-components/assets/user-icon@3x.png
2025-12-15 07:37:08 +0000  copying file ./Payload/KaitoYaps.app/EXDevMenu.bundle/assets/_expo-dev-client-components/assets/debug-icon.png ... 
2025-12-15 07:37:08 +0000  474 bytes for ./Payload/KaitoYaps.app/EXDevMenu.bundle/assets/_expo-dev-client-components/assets/debug-icon.png
2025-12-15 07:37:08 +0000  copying file ./Payload/KaitoYaps.app/EXDevMenu.bundle/assets/_expo-dev-client-components/assets/loading-indicator-icon.png ... 
2025-12-15 07:37:08 +0000  854 bytes for ./Payload/KaitoYaps.app/EXDevMenu.bundle/assets/_expo-dev-client-components/assets/loading-indicator-icon.png
2025-12-15 07:37:08 +0000  copying file ./Payload/KaitoYaps.app/EXDevMenu.bundle/assets/_expo-dev-client-components/assets/home-filled-active-icon@3x.png ... 
2025-12-15 07:37:08 +0000  589 bytes for ./Payload/KaitoYaps.app/EXDevMenu.bundle/assets/_expo-dev-client-components/assets/home-filled-active-icon@3x.png
2025-12-15 07:37:08 +0000  copying file ./Payload/KaitoYaps.app/EXDevMenu.bundle/assets/_expo-dev-client-components/assets/extensions-filled-active-icon-light.png ... 
2025-12-15 07:37:08 +0000  313 bytes for ./Payload/KaitoYaps.app/EXDevMenu.bundle/assets/_expo-dev-client-components/assets/extensions-filled-active-icon-light.png
2025-12-15 07:37:08 +0000  copying file ./Payload/KaitoYaps.app/EXDevMenu.bundle/assets/_expo-dev-client-components/assets/extensions-filled-inactive-icon.png ... 
2025-12-15 07:37:08 +0000  302 bytes for ./Payload/KaitoYaps.app/EXDevMenu.bundle/assets/_expo-dev-client-components/assets/extensions-filled-inactive-icon.png
2025-12-15 07:37:08 +0000  copying file ./Payload/KaitoYaps.app/EXDevMenu.bundle/assets/_expo-dev-client-components/assets/info-icon.png ... 
2025-12-15 07:37:08 +0000  512 bytes for ./Payload/KaitoYaps.app/EXDevMenu.bundle/assets/_expo-dev-client-components/assets/info-icon.png
2025-12-15 07:37:08 +0000  copying file ./Payload/KaitoYaps.app/EXDevMenu.bundle/assets/_expo-dev-client-components/assets/question-mark-icon@3x.png ... 
2025-12-15 07:37:08 +0000  689 bytes for ./Payload/KaitoYaps.app/EXDevMenu.bundle/assets/_expo-dev-client-components/assets/question-mark-icon@3x.png
2025-12-15 07:37:08 +0000  copying file ./Payload/KaitoYaps.app/EXDevMenu.bundle/assets/_expo-dev-client-components/assets/extensions-filled-inactive-icon-light@2x.png ... 
2025-12-15 07:37:08 +0000  463 bytes for ./Payload/KaitoYaps.app/EXDevMenu.bundle/assets/_expo-dev-client-components/assets/extensions-filled-inactive-icon-light@2x.png
2025-12-15 07:37:08 +0000  copying file ./Payload/KaitoYaps.app/EXDevMenu.bundle/assets/_expo-dev-client-components/assets/refresh-icon@2x.png ... 
2025-12-15 07:37:08 +0000  871 bytes for ./Payload/KaitoYaps.app/EXDevMenu.bundle/assets/_expo-dev-client-components/assets/refresh-icon@2x.png
2025-12-15 07:37:08 +0000  copying file ./Payload/KaitoYaps.app/EXDevMenu.bundle/Info.plist ... 
2025-12-15 07:37:08 +0000  763 bytes for ./Payload/KaitoYaps.app/EXDevMenu.bundle/Info.plist
2025-12-15 07:37:08 +0000  copying file ./Payload/KaitoYaps.app/Info.plist ... 
2025-12-15 07:37:08 +0000  3936 bytes for ./Payload/KaitoYaps.app/Info.plist
2025-12-15 07:37:08 +0000  copying file ./Payload/KaitoYaps.app/FirebaseABTesting_Privacy.bundle/PrivacyInfo.xcprivacy ... 
2025-12-15 07:37:08 +0000  478 bytes for ./Payload/KaitoYaps.app/FirebaseABTesting_Privacy.bundle/PrivacyInfo.xcprivacy
2025-12-15 07:37:08 +0000  copying file ./Payload/KaitoYaps.app/FirebaseABTesting_Privacy.bundle/Info.plist ... 
2025-12-15 07:37:08 +0000  797 bytes for ./Payload/KaitoYaps.app/FirebaseABTesting_Privacy.bundle/Info.plist
2025-12-15 07:37:08 +0000  copying file ./Payload/KaitoYaps.app/Expo.plist ... 
2025-12-15 07:37:08 +0000  221 bytes for ./Payload/KaitoYaps.app/Expo.plist
2025-12-15 07:37:08 +0000  copying file ./Payload/KaitoYaps.app/RNCAsyncStorage_resources.bundle/PrivacyInfo.xcprivacy ... 
2025-12-15 07:37:08 +0000  512 bytes for ./Payload/KaitoYaps.app/RNCAsyncStorage_resources.bundle/PrivacyInfo.xcprivacy
2025-12-15 07:37:08 +0000  copying file ./Payload/KaitoYaps.app/RNCAsyncStorage_resources.bundle/Info.plist ... 
2025-12-15 07:37:08 +0000  796 bytes for ./Payload/KaitoYaps.app/RNCAsyncStorage_resources.bundle/Info.plist
2025-12-15 07:37:08 +0000  copying file ./Payload/KaitoYaps.app/PkgInfo ... 
2025-12-15 07:37:08 +0000  8 bytes for ./Payload/KaitoYaps.app/PkgInfo
2025-12-15 07:37:08 +0000  copying file ./Payload/KaitoYaps.app/React-Core_privacy.bundle/PrivacyInfo.xcprivacy ... 
2025-12-15 07:37:08 +0000  768 bytes for ./Payload/KaitoYaps.app/React-Core_privacy.bundle/PrivacyInfo.xcprivacy
2025-12-15 07:37:08 +0000  copying file ./Payload/KaitoYaps.app/React-Core_privacy.bundle/Info.plist ... 
2025-12-15 07:37:08 +0000  783 bytes for ./Payload/KaitoYaps.app/React-Core_privacy.bundle/Info.plist
2025-12-15 07:37:08 +0000  copying file ./Payload/KaitoYaps.app/Promises_Privacy.bundle/PrivacyInfo.xcprivacy ... 
2025-12-15 07:37:08 +0000  373 bytes for ./Payload/KaitoYaps.app/Promises_Privacy.bundle/PrivacyInfo.xcprivacy
2025-12-15 07:37:08 +0000  copying file ./Payload/KaitoYaps.app/Promises_Privacy.bundle/Info.plist ... 
2025-12-15 07:37:08 +0000  777 bytes for ./Payload/KaitoYaps.app/Promises_Privacy.bundle/Info.plist
2025-12-15 07:37:08 +0000  /usr/bin/ditto exited with 0
2025-12-15 07:37:08 +0000  Processing step: IDEDistributionAppStoreInformationStep
2025-12-15 07:37:08 +0000  Skipping step: IDEDistributionAppStoreInformationStep because it said so
2025-12-15 07:37:08 +0000  Processing step: IDEDistributionGenerateProcessedDistributionItems
2025-12-15 07:37:08 +0000  IDEDistributionItem init <DVTFilePath:0xb6e3371e0:'/var/folders/c8/_pmcyjjd4mgb5d0mwrt5f32c0000gn/T/XcodeDistPipeline.~~~PYZsIq/Root/Payload/KaitoYaps.app/Frameworks/OneSignalUser.framework'>
2025-12-15 07:37:08 +0000  IDEDistributionItem init <DVTFilePath:0xb6e3348c0:'/var/folders/c8/_pmcyjjd4mgb5d0mwrt5f32c0000gn/T/XcodeDistPipeline.~~~PYZsIq/Root/Payload/KaitoYaps.app/Frameworks/OneSignalCore.framework'>
2025-12-15 07:37:08 +0000  IDEDistributionItem init <DVTFilePath:0xbb023e600:'/var/folders/c8/_pmcyjjd4mgb5d0mwrt5f32c0000gn/T/XcodeDistPipeline.~~~PYZsIq/Root/Payload/KaitoYaps.app/Frameworks/OneSignalInAppMessages.framework'>
2025-12-15 07:37:08 +0000  IDEDistributionItem init <DVTFilePath:0xb6e337800:'/var/folders/c8/_pmcyjjd4mgb5d0mwrt5f32c0000gn/T/XcodeDistPipeline.~~~PYZsIq/Root/Payload/KaitoYaps.app/Frameworks/hermes.framework'>
2025-12-15 07:37:08 +0000  IDEDistributionItem init <DVTFilePath:0xb6e335110:'/var/folders/c8/_pmcyjjd4mgb5d0mwrt5f32c0000gn/T/XcodeDistPipeline.~~~PYZsIq/Root/Payload/KaitoYaps.app/Frameworks/OneSignalOutcomes.framework'>
2025-12-15 07:37:08 +0000  IDEDistributionItem init <DVTFilePath:0xbb023d600:'/var/folders/c8/_pmcyjjd4mgb5d0mwrt5f32c0000gn/T/XcodeDistPipeline.~~~PYZsIq/Root/Payload/KaitoYaps.app/PlugIns/OneSignalNotificationServiceExtension.appex'>
2025-12-15 07:37:08 +0000  IDEDistributionItem init <DVTFilePath:0xb6e335880:'/var/folders/c8/_pmcyjjd4mgb5d0mwrt5f32c0000gn/T/XcodeDistPipeline.~~~PYZsIq/Root/Payload/KaitoYaps.app/Frameworks/OneSignalExtension.framework'>
2025-12-15 07:37:08 +0000  IDEDistributionItem init <DVTFilePath:0xbb023fe80:'/var/folders/c8/_pmcyjjd4mgb5d0mwrt5f32c0000gn/T/XcodeDistPipeline.~~~PYZsIq/Root/Payload/KaitoYaps.app/Frameworks/OneSignalNotifications.framework'>
2025-12-15 07:37:08 +0000  IDEDistributionItem init <DVTFilePath:0xb6e336b50:'/var/folders/c8/_pmcyjjd4mgb5d0mwrt5f32c0000gn/T/XcodeDistPipeline.~~~PYZsIq/Root/Payload/KaitoYaps.app/Frameworks/OneSignalLocation.framework'>
2025-12-15 07:37:08 +0000  IDEDistributionItem init <DVTFilePath:0xb6e334fc0:'/var/folders/c8/_pmcyjjd4mgb5d0mwrt5f32c0000gn/T/XcodeDistPipeline.~~~PYZsIq/Root/Payload/KaitoYaps.app/Frameworks/OneSignalOSCore.framework'>
2025-12-15 07:37:08 +0000  IDEDistributionItem init <DVTFilePath:0xbb023c680:'/var/folders/c8/_pmcyjjd4mgb5d0mwrt5f32c0000gn/T/XcodeDistPipeline.~~~PYZsIq/Root/Payload/KaitoYaps.app/Frameworks/OneSignalLiveActivities.framework'>
2025-12-15 07:37:08 +0000  IDEDistributionItem init <DVTFilePath:0xb6e336bc0:'/var/folders/c8/_pmcyjjd4mgb5d0mwrt5f32c0000gn/T/XcodeDistPipeline.~~~PYZsIq/Root/Payload/KaitoYaps.app/Frameworks/OneSignalFramework.framework'>
2025-12-15 07:37:08 +0000  IDEDistributionItem init <DVTFilePath:0xb94300900:'/var/folders/c8/_pmcyjjd4mgb5d0mwrt5f32c0000gn/T/XcodeDistPipeline.~~~PYZsIq/Root/Payload/KaitoYaps.app'>
2025-12-15 07:37:08 +0000  Processing step: IDEDistributionCreateManifestStep
