2025-09-10 08:08:45 +0000  Initial pipeline context: <IDEDistributionProcessingPipelineContext: 0x39dedeb90; archive(resolved)="<IDEArchive: 0x60012c4b1420>", distributionTask(resolved)="2", distributionDestination(resolved)="1", distributionMethod(resolved)="<IDEDistributionMethodiOSAdHoc: 0x600006cbc0f0>", team(resolved)="<IDEProvisioningDisambiguatableBasicTeam: 0x60000752d780; teamID='358UF6MCG5', teamName='Kaito Pte. Ltd.', teamType='Company', username='weizhen@kaito.ai', isFreeProvisioningTeam='0'>">
	Chain (15, self inclusive):
	<IDEDistributionProcessingPipelineContext: 0x39dedeb90; archive = "<IDEArchive: 0x60012c4b1420>", distributionMethod="<IDEDistributionMethodiOSAdHoc: 0x600006cbc0f0>", team="<IDEProvisioningDisambiguatableBasicTeam: 0x60000752d780; teamID='358UF6MCG5', teamName='Kaito Pte. Ltd.', teamType='Company', username='weizhen@kaito.ai', isFreeProvisioningTeam='0'>">
	<IDEDistributionProcessingPipelineContext: 0x39deb79f0; archive = "<IDEArchive: 0x60012c4b1420>", distributionMethod="<IDEDistributionMethodiOSAdHoc: 0x600006cbc0f0>", team="<IDEProvisioningDisambiguatableBasicTeam: 0x60000752d780; teamID='358UF6MCG5', teamName='Kaito Pte. Ltd.', teamType='Company', username='weizhen@kaito.ai', isFreeProvisioningTeam='0'>">
	<IDEDistributionContext: 0x37df2a490; archive = "<IDEArchive: 0x60012c4b1420>", distributionMethod="<IDEDistributionMethodiOSAdHoc: 0x600006cbc0f0>", team="<IDEProvisioningDisambiguatableBasicTeam: 0x60000752d780; teamID='358UF6MCG5', teamName='Kaito Pte. Ltd.', teamType='Company', username='weizhen@kaito.ai', isFreeProvisioningTeam='0'>">
	<IDEDistributionContext: 0x35a6cf970; archive = "<IDEArchive: 0x60012c4b1420>", distributionMethod="<IDEDistributionMethodiOSAdHoc: 0x600006cbc0f0>", team="<IDEProvisioningDisambiguatableBasicTeam: 0x60000752d780; teamID='358UF6MCG5', teamName='Kaito Pte. Ltd.', teamType='Company', username='weizhen@kaito.ai', isFreeProvisioningTeam='0'>">
	<IDEDistributionContext: 0x3eaceb250; archive = "<IDEArchive: 0x60012c4b1420>", distributionMethod="<IDEDistributionMethodiOSAdHoc: 0x600006cbc0f0>", team="<IDEProvisioningDisambiguatableBasicTeam: 0x60000752d780; teamID='358UF6MCG5', teamName='Kaito Pte. Ltd.', teamType='Company', username='weizhen@kaito.ai', isFreeProvisioningTeam='0'>">
	<IDEDistributionContext: 0x346b28d70; archive = "<IDEArchive: 0x60012c4b1420>", distributionMethod="<IDEDistributionMethodiOSAdHoc: 0x600006cbc0f0>", team="<IDEProvisioningDisambiguatableBasicTeam: 0x60000752d780; teamID='358UF6MCG5', teamName='Kaito Pte. Ltd.', teamType='Company', username='weizhen@kaito.ai', isFreeProvisioningTeam='0'>">
	<IDEDistributionContext: 0x39da49ef0; archive = "<IDEArchive: 0x60012c4b1420>", distributionMethod="<IDEDistributionMethodiOSAdHoc: 0x600006cbc0f0>", team="<IDEProvisioningDisambiguatableBasicTeam: 0x60000752d780; teamID='358UF6MCG5', teamName='Kaito Pte. Ltd.', teamType='Company', username='weizhen@kaito.ai', isFreeProvisioningTeam='0'>">
	<IDEDistributionContext: 0x398f7a2b0; archive = "<IDEArchive: 0x60012c4b1420>", distributionMethod="<IDEDistributionMethodiOSAdHoc: 0x600006cbc0f0>", team="<IDEProvisioningDisambiguatableBasicTeam: 0x60000752d780; teamID='358UF6MCG5', teamName='Kaito Pte. Ltd.', teamType='Company', username='weizhen@kaito.ai', isFreeProvisioningTeam='0'>">
	<IDEDistributionContext: 0x37a082ce0; archive = "<IDEArchive: 0x60012c4b1420>", distributionMethod="<IDEDistributionMethodiOSAdHoc: 0x600006cbc0f0>", team="<IDEProvisioningDisambiguatableBasicTeam: 0x60000752d780; teamID='358UF6MCG5', teamName='Kaito Pte. Ltd.', teamType='Company', username='weizhen@kaito.ai', isFreeProvisioningTeam='0'>">
	<IDEDistributionContext: 0x37a110400; archive = "<IDEArchive: 0x60012c4b1420>", distributionMethod="<IDEDistributionMethodiOSAdHoc: 0x600006cbc0f0>", team="(null)">
	<IDEDistributionContext: 0x37269d380; archive = "<IDEArchive: 0x60012c4b1420>", distributionMethod="<IDEDistributionMethodiOSAdHoc: 0x600006cbc0f0>", team="(null)">
	<IDEDistributionContext: 0x39dd88cf0; archive = "<IDEArchive: 0x60012c4b1420>", distributionMethod="<IDEDistributionMethodiOSAdHoc: 0x600006cbc0f0>", team="(null)">
	<IDEDistributionContext: 0x3599639e0; archive = "<IDEArchive: 0x60012c4b1420>", distributionMethod="<IDEDistributionMethodiOSAdHoc: 0x600006cbc0f0>", team="(null)">
	<IDEDistributionContext: 0x39de6b510; archive = "<IDEArchive: 0x60012c4b1420>", distributionMethod="(null)", team="(null)">
	<IDEDistributionContext: 0x39260f6f0; archive = "<IDEArchive: 0x60012c4b1420>", distributionMethod="(null)", team="(null)">
</IDEDistributionProcessingPipelineContext: 0x39dedeb90>
2025-09-10 08:08:45 +0000  Processing step: IDEDistributionCreateDestRootStep
2025-09-10 08:08:45 +0000  Processing step: IDEDistributionCopyItemStep
2025-09-10 08:08:45 +0000  Running /usr/bin/ditto '-V' '/Users/daliu_kt/Library/Developer/Xcode/Archives/2025-09-10/KaitoYaps 2025-9-10, 16.07.xcarchive/Products/Applications/KaitoYaps.app' '/var/folders/c8/_pmcyjjd4mgb5d0mwrt5f32c0000gn/T/XcodeDistPipeline.~~~fkRMLk/Root/Payload/KaitoYaps.app'
2025-09-10 08:08:45 +0000  >>> Copying /Users/daliu_kt/Library/Developer/Xcode/Archives/2025-09-10/KaitoYaps 2025-9-10, 16.07.xcarchive/Products/Applications/KaitoYaps.app 
2025-09-10 08:08:45 +0000  copying file ./_CodeSignature/CodeResources ... 
2025-09-10 08:08:45 +0000  105133 bytes for ./_CodeSignature/CodeResources
2025-09-10 08:08:45 +0000  copying file ./KaitoYaps ... 
2025-09-10 08:08:45 +0000  21718368 bytes for ./KaitoYaps
2025-09-10 08:08:45 +0000  copying file ./FirebaseCore_Privacy.bundle/PrivacyInfo.xcprivacy ... 
2025-09-10 08:08:45 +0000  855 bytes for ./FirebaseCore_Privacy.bundle/PrivacyInfo.xcprivacy
2025-09-10 08:08:45 +0000  copying file ./FirebaseCore_Privacy.bundle/Info.plist ... 
2025-09-10 08:08:45 +0000  785 bytes for ./FirebaseCore_Privacy.bundle/Info.plist
2025-09-10 08:08:45 +0000  copying file ./SplashScreen.storyboardc/EXPO-VIEWCONTROLLER-1-view-EXPO-ContainerView.nib ... 
2025-09-10 08:08:45 +0000  2108 bytes for ./SplashScreen.storyboardc/EXPO-VIEWCONTROLLER-1-view-EXPO-ContainerView.nib
2025-09-10 08:08:45 +0000  copying file ./SplashScreen.storyboardc/SplashScreenViewController.nib ... 
2025-09-10 08:08:45 +0000  1004 bytes for ./SplashScreen.storyboardc/SplashScreenViewController.nib
2025-09-10 08:08:45 +0000  copying file ./SplashScreen.storyboardc/Info.plist ... 
2025-09-10 08:08:45 +0000  225 bytes for ./SplashScreen.storyboardc/Info.plist
2025-09-10 08:08:45 +0000  copying file ./EXUpdates.bundle/app.manifest ... 
2025-09-10 08:08:45 +0000  69317 bytes for ./EXUpdates.bundle/app.manifest
2025-09-10 08:08:45 +0000  copying file ./EXUpdates.bundle/Info.plist ... 
2025-09-10 08:08:45 +0000  762 bytes for ./EXUpdates.bundle/Info.plist
2025-09-10 08:08:45 +0000  copying file ./FirebaseRemoteConfig_Privacy.bundle/PrivacyInfo.xcprivacy ... 
2025-09-10 08:08:45 +0000  1482 bytes for ./FirebaseRemoteConfig_Privacy.bundle/PrivacyInfo.xcprivacy
2025-09-10 08:08:45 +0000  copying file ./FirebaseRemoteConfig_Privacy.bundle/Info.plist ... 
2025-09-10 08:08:45 +0000  801 bytes for ./FirebaseRemoteConfig_Privacy.bundle/Info.plist
2025-09-10 08:08:45 +0000  copying file ./ExpoSystemUI_privacy.bundle/PrivacyInfo.xcprivacy ... 
2025-09-10 08:08:45 +0000  607 bytes for ./ExpoSystemUI_privacy.bundle/PrivacyInfo.xcprivacy
2025-09-10 08:08:45 +0000  copying file ./ExpoSystemUI_privacy.bundle/Info.plist ... 
2025-09-10 08:08:45 +0000  785 bytes for ./ExpoSystemUI_privacy.bundle/Info.plist
2025-09-10 08:08:45 +0000  copying file ./ReachabilitySwift.bundle/PrivacyInfo.xcprivacy ... 
2025-09-10 08:08:45 +0000  228 bytes for ./ReachabilitySwift.bundle/PrivacyInfo.xcprivacy
2025-09-10 08:08:45 +0000  copying file ./ReachabilitySwift.bundle/Info.plist ... 
2025-09-10 08:08:45 +0000  778 bytes for ./ReachabilitySwift.bundle/Info.plist
2025-09-10 08:08:45 +0000  copying file ./glog_privacy.bundle/Info.plist ... 
2025-09-10 08:08:45 +0000  766 bytes for ./glog_privacy.bundle/Info.plist
2025-09-10 08:08:45 +0000  copying file ./FBLPromises_Privacy.bundle/PrivacyInfo.xcprivacy ... 
2025-09-10 08:08:45 +0000  373 bytes for ./FBLPromises_Privacy.bundle/PrivacyInfo.xcprivacy
2025-09-10 08:08:45 +0000  copying file ./FBLPromises_Privacy.bundle/Info.plist ... 
2025-09-10 08:08:45 +0000  781 bytes for ./FBLPromises_Privacy.bundle/Info.plist
2025-09-10 08:08:45 +0000  copying file ./AppIcon60x60@2x.png ... 
2025-09-10 08:08:45 +0000  6415 bytes for ./AppIcon60x60@2x.png
2025-09-10 08:08:45 +0000  copying file ./ExpoConstants_privacy.bundle/PrivacyInfo.xcprivacy ... 
2025-09-10 08:08:45 +0000  607 bytes for ./ExpoConstants_privacy.bundle/PrivacyInfo.xcprivacy
2025-09-10 08:08:45 +0000  copying file ./ExpoConstants_privacy.bundle/Info.plist ... 
2025-09-10 08:08:45 +0000  787 bytes for ./ExpoConstants_privacy.bundle/Info.plist
2025-09-10 08:08:45 +0000  copying file ./FirebaseCoreInternal_Privacy.bundle/PrivacyInfo.xcprivacy ... 
2025-09-10 08:08:45 +0000  855 bytes for ./FirebaseCoreInternal_Privacy.bundle/PrivacyInfo.xcprivacy
2025-09-10 08:08:45 +0000  copying file ./FirebaseCoreInternal_Privacy.bundle/Info.plist ... 
2025-09-10 08:08:45 +0000  801 bytes for ./FirebaseCoreInternal_Privacy.bundle/Info.plist
2025-09-10 08:08:45 +0000  copying file ./GoogleDataTransport_Privacy.bundle/PrivacyInfo.xcprivacy ... 
2025-09-10 08:08:45 +0000  1105 bytes for ./GoogleDataTransport_Privacy.bundle/PrivacyInfo.xcprivacy
2025-09-10 08:08:45 +0000  copying file ./GoogleDataTransport_Privacy.bundle/Info.plist ... 
2025-09-10 08:08:45 +0000  799 bytes for ./GoogleDataTransport_Privacy.bundle/Info.plist
2025-09-10 08:08:45 +0000  copying file ./React-cxxreact_privacy.bundle/PrivacyInfo.xcprivacy ... 
2025-09-10 08:08:45 +0000  552 bytes for ./React-cxxreact_privacy.bundle/PrivacyInfo.xcprivacy
2025-09-10 08:08:45 +0000  copying file ./React-cxxreact_privacy.bundle/Info.plist ... 
2025-09-10 08:08:45 +0000  789 bytes for ./React-cxxreact_privacy.bundle/Info.plist
2025-09-10 08:08:45 +0000  copying file ./nanopb_Privacy.bundle/PrivacyInfo.xcprivacy ... 
2025-09-10 08:08:45 +0000  374 bytes for ./nanopb_Privacy.bundle/PrivacyInfo.xcprivacy
2025-09-10 08:08:45 +0000  copying file ./nanopb_Privacy.bundle/Info.plist ... 
2025-09-10 08:08:45 +0000  774 bytes for ./nanopb_Privacy.bundle/Info.plist
2025-09-10 08:08:45 +0000  copying file ./GoogleService-Info.plist ... 
2025-09-10 08:08:45 +0000  480 bytes for ./GoogleService-Info.plist
2025-09-10 08:08:45 +0000  copying file ./FirebaseCoreExtension_Privacy.bundle/PrivacyInfo.xcprivacy ... 
2025-09-10 08:08:45 +0000  478 bytes for ./FirebaseCoreExtension_Privacy.bundle/PrivacyInfo.xcprivacy
2025-09-10 08:08:45 +0000  copying file ./FirebaseCoreExtension_Privacy.bundle/Info.plist ... 
2025-09-10 08:08:45 +0000  803 bytes for ./FirebaseCoreExtension_Privacy.bundle/Info.plist
2025-09-10 08:08:45 +0000  copying file ./ExpoApplication_privacy.bundle/PrivacyInfo.xcprivacy ... 
2025-09-10 08:08:45 +0000  608 bytes for ./ExpoApplication_privacy.bundle/PrivacyInfo.xcprivacy
2025-09-10 08:08:45 +0000  copying file ./ExpoApplication_privacy.bundle/Info.plist ... 
2025-09-10 08:08:45 +0000  790 bytes for ./ExpoApplication_privacy.bundle/Info.plist
2025-09-10 08:08:45 +0000  copying file ./RCT-Folly_privacy.bundle/Info.plist ... 
2025-09-10 08:08:45 +0000  783 bytes for ./RCT-Folly_privacy.bundle/Info.plist
2025-09-10 08:08:45 +0000  copying file ./Assets.car ... 
2025-09-10 08:08:45 +0000  158016 bytes for ./Assets.car
2025-09-10 08:08:45 +0000  copying file ./FirebaseInstallations_Privacy.bundle/PrivacyInfo.xcprivacy ... 
2025-09-10 08:08:45 +0000  1105 bytes for ./FirebaseInstallations_Privacy.bundle/PrivacyInfo.xcprivacy
2025-09-10 08:08:45 +0000  copying file ./FirebaseInstallations_Privacy.bundle/Info.plist ... 
2025-09-10 08:08:45 +0000  803 bytes for ./FirebaseInstallations_Privacy.bundle/Info.plist
2025-09-10 08:08:45 +0000  copying file ./AppIcon76x76@2x~ipad.png ... 
2025-09-10 08:08:45 +0000  7769 bytes for ./AppIcon76x76@2x~ipad.png
2025-09-10 08:08:45 +0000  copying file ./GoogleUtilities_Privacy.bundle/PrivacyInfo.xcprivacy ... 
2025-09-10 08:08:45 +0000  1233 bytes for ./GoogleUtilities_Privacy.bundle/PrivacyInfo.xcprivacy
2025-09-10 08:08:45 +0000  copying file ./GoogleUtilities_Privacy.bundle/Info.plist ... 
2025-09-10 08:08:45 +0000  790 bytes for ./GoogleUtilities_Privacy.bundle/Info.plist
2025-09-10 08:08:45 +0000  copying file ./main.jsbundle ... 
2025-09-10 08:08:45 +0000  22903092 bytes for ./main.jsbundle
2025-09-10 08:08:45 +0000  copying file ./EXConstants.bundle/app.config ... 
2025-09-10 08:08:45 +0000  1623 bytes for ./EXConstants.bundle/app.config
2025-09-10 08:08:45 +0000  copying file ./EXConstants.bundle/Info.plist ... 
2025-09-10 08:08:45 +0000  765 bytes for ./EXConstants.bundle/Info.plist
2025-09-10 08:08:45 +0000  copying file ./SDWebImage.bundle/PrivacyInfo.xcprivacy ... 
2025-09-10 08:08:45 +0000  599 bytes for ./SDWebImage.bundle/PrivacyInfo.xcprivacy
2025-09-10 08:08:45 +0000  copying file ./SDWebImage.bundle/Info.plist ... 
2025-09-10 08:08:45 +0000  762 bytes for ./SDWebImage.bundle/Info.plist
2025-09-10 08:08:45 +0000  copying file ./PrivacyInfo.xcprivacy ... 
2025-09-10 08:08:45 +0000  1339 bytes for ./PrivacyInfo.xcprivacy
2025-09-10 08:08:45 +0000  copying file ./ExpoMediaLibrary_privacy.bundle/PrivacyInfo.xcprivacy ... 
2025-09-10 08:08:45 +0000  608 bytes for ./ExpoMediaLibrary_privacy.bundle/PrivacyInfo.xcprivacy
2025-09-10 08:08:45 +0000  copying file ./ExpoMediaLibrary_privacy.bundle/Info.plist ... 
2025-09-10 08:08:45 +0000  793 bytes for ./ExpoMediaLibrary_privacy.bundle/Info.plist
2025-09-10 08:08:45 +0000  copying file ./RNSVGFilters.bundle/RNSVGArithmeticFilter.iphoneos.metallib ... 
2025-09-10 08:08:45 +0000  3993 bytes for ./RNSVGFilters.bundle/RNSVGArithmeticFilter.iphoneos.metallib
2025-09-10 08:08:45 +0000  copying file ./RNSVGFilters.bundle/RNSVGCompositeXor.iphoneos.metallib ... 
2025-09-10 08:08:45 +0000  3509 bytes for ./RNSVGFilters.bundle/RNSVGCompositeXor.iphoneos.metallib
2025-09-10 08:08:45 +0000  copying file ./RNSVGFilters.bundle/Info.plist ... 
2025-09-10 08:08:45 +0000  768 bytes for ./RNSVGFilters.bundle/Info.plist
2025-09-10 08:08:45 +0000  copying file ./ExpoFileSystem_privacy.bundle/PrivacyInfo.xcprivacy ... 
2025-09-10 08:08:45 +0000  877 bytes for ./ExpoFileSystem_privacy.bundle/PrivacyInfo.xcprivacy
2025-09-10 08:08:45 +0000  copying file ./ExpoFileSystem_privacy.bundle/Info.plist ... 
2025-09-10 08:08:45 +0000  790 bytes for ./ExpoFileSystem_privacy.bundle/Info.plist
2025-09-10 08:08:45 +0000  copying file ./boost_privacy.bundle/Info.plist ... 
2025-09-10 08:08:45 +0000  769 bytes for ./boost_privacy.bundle/Info.plist
2025-09-10 08:08:45 +0000  copying file ./Frameworks/hermes.framework/_CodeSignature/CodeResources ... 
2025-09-10 08:08:45 +0000  1798 bytes for ./Frameworks/hermes.framework/_CodeSignature/CodeResources
2025-09-10 08:08:45 +0000  copying file ./Frameworks/hermes.framework/hermes ... 
2025-09-10 08:08:45 +0000  4673168 bytes for ./Frameworks/hermes.framework/hermes
2025-09-10 08:08:45 +0000  copying file ./Frameworks/hermes.framework/Info.plist ... 
2025-09-10 08:08:45 +0000  859 bytes for ./Frameworks/hermes.framework/Info.plist
2025-09-10 08:08:45 +0000  copying file ./embedded.mobileprovision ... 
2025-09-10 08:08:45 +0000  18424 bytes for ./embedded.mobileprovision
2025-09-10 08:08:45 +0000  copying file ./assets/node_modules/@react-navigation/elements/lib/module/assets/back-icon@3x.png ... 
2025-09-10 08:08:45 +0000  761 bytes for ./assets/node_modules/@react-navigation/elements/lib/module/assets/back-icon@3x.png
2025-09-10 08:08:45 +0000  copying file ./assets/node_modules/@react-navigation/elements/lib/module/assets/back-icon@2x.png ... 
2025-09-10 08:08:45 +0000  405 bytes for ./assets/node_modules/@react-navigation/elements/lib/module/assets/back-icon@2x.png
2025-09-10 08:08:45 +0000  copying file ./assets/node_modules/@react-navigation/elements/lib/module/assets/search-icon@2x.png ... 
2025-09-10 08:08:45 +0000  589 bytes for ./assets/node_modules/@react-navigation/elements/lib/module/assets/search-icon@2x.png
2025-09-10 08:08:45 +0000  copying file ./assets/node_modules/@react-navigation/elements/lib/module/assets/clear-icon@3x.png ... 
2025-09-10 08:08:45 +0000  502 bytes for ./assets/node_modules/@react-navigation/elements/lib/module/assets/clear-icon@3x.png
2025-09-10 08:08:45 +0000  copying file ./assets/node_modules/@react-navigation/elements/lib/module/assets/back-icon.png ... 
2025-09-10 08:08:45 +0000  290 bytes for ./assets/node_modules/@react-navigation/elements/lib/module/assets/back-icon.png
2025-09-10 08:08:45 +0000  copying file ./assets/node_modules/@react-navigation/elements/lib/module/assets/clear-icon@2x.png ... 
2025-09-10 08:08:45 +0000  334 bytes for ./assets/node_modules/@react-navigation/elements/lib/module/assets/clear-icon@2x.png
2025-09-10 08:08:45 +0000  copying file ./assets/node_modules/@react-navigation/elements/lib/module/assets/search-icon@3x.png ... 
2025-09-10 08:08:45 +0000  839 bytes for ./assets/node_modules/@react-navigation/elements/lib/module/assets/search-icon@3x.png
2025-09-10 08:08:45 +0000  copying file ./assets/node_modules/@react-navigation/elements/lib/module/assets/close-icon.png ... 
2025-09-10 08:08:45 +0000  141 bytes for ./assets/node_modules/@react-navigation/elements/lib/module/assets/close-icon.png
2025-09-10 08:08:45 +0000  copying file ./assets/node_modules/@react-navigation/elements/lib/module/assets/back-icon-mask.png ... 
2025-09-10 08:08:45 +0000  653 bytes for ./assets/node_modules/@react-navigation/elements/lib/module/assets/back-icon-mask.png
2025-09-10 08:08:45 +0000  copying file ./assets/node_modules/@react-navigation/elements/lib/module/assets/close-icon@2x.png ... 
2025-09-10 08:08:45 +0000  201 bytes for ./assets/node_modules/@react-navigation/elements/lib/module/assets/close-icon@2x.png
2025-09-10 08:08:45 +0000  copying file ./assets/node_modules/@react-navigation/elements/lib/module/assets/close-icon@3x.png ... 
2025-09-10 08:08:45 +0000  266 bytes for ./assets/node_modules/@react-navigation/elements/lib/module/assets/close-icon@3x.png
2025-09-10 08:08:45 +0000  copying file ./assets/node_modules/@react-navigation/elements/lib/module/assets/clear-icon.png ... 
2025-09-10 08:08:45 +0000  220 bytes for ./assets/node_modules/@react-navigation/elements/lib/module/assets/clear-icon.png
2025-09-10 08:08:45 +0000  copying file ./assets/node_modules/@react-navigation/elements/lib/module/assets/search-icon.png ... 
2025-09-10 08:08:45 +0000  317 bytes for ./assets/node_modules/@react-navigation/elements/lib/module/assets/search-icon.png
2025-09-10 08:08:45 +0000  copying file ./assets/node_modules/react-native-paper/src/assets/back-chevron.png ... 
2025-09-10 08:08:45 +0000  489 bytes for ./assets/node_modules/react-native-paper/src/assets/back-chevron.png
2025-09-10 08:08:45 +0000  copying file ./assets/node_modules/@expo/vector-icons/build/vendor/react-native-vector-icons/Fonts/MaterialCommunityIcons.ttf ... 
2025-09-10 08:08:45 +0000  1147844 bytes for ./assets/node_modules/@expo/vector-icons/build/vendor/react-native-vector-icons/Fonts/MaterialCommunityIcons.ttf
2025-09-10 08:08:45 +0000  copying file ./assets/node_modules/expo-router/assets/pkg.png ... 
2025-09-10 08:08:45 +0000  364 bytes for ./assets/node_modules/expo-router/assets/pkg.png
2025-09-10 08:08:45 +0000  copying file ./assets/node_modules/expo-router/assets/unmatched.png ... 
2025-09-10 08:08:45 +0000  4752 bytes for ./assets/node_modules/expo-router/assets/unmatched.png
2025-09-10 08:08:45 +0000  copying file ./assets/node_modules/expo-router/assets/file.png ... 
2025-09-10 08:08:45 +0000  138 bytes for ./assets/node_modules/expo-router/assets/file.png
2025-09-10 08:08:45 +0000  copying file ./assets/node_modules/expo-router/assets/forward.png ... 
2025-09-10 08:08:45 +0000  188 bytes for ./assets/node_modules/expo-router/assets/forward.png
2025-09-10 08:08:45 +0000  copying file ./assets/node_modules/expo-router/assets/error.png ... 
2025-09-10 08:08:45 +0000  469 bytes for ./assets/node_modules/expo-router/assets/error.png
2025-09-10 08:08:45 +0000  copying file ./assets/node_modules/expo-router/assets/sitemap.png ... 
2025-09-10 08:08:45 +0000  465 bytes for ./assets/node_modules/expo-router/assets/sitemap.png
2025-09-10 08:08:45 +0000  copying file ./assets/node_modules/expo-router/assets/arrow_down.png ... 
2025-09-10 08:08:45 +0000  9456 bytes for ./assets/node_modules/expo-router/assets/arrow_down.png
2025-09-10 08:08:45 +0000  copying file ./assets/assets/images/icons/transfer_kaito.png ... 
2025-09-10 08:08:45 +0000  1109 bytes for ./assets/assets/images/icons/transfer_kaito.png
2025-09-10 08:08:45 +0000  copying file ./assets/assets/images/icons/topYapsTitle@2x.png ... 
2025-09-10 08:08:45 +0000  3284 bytes for ./assets/assets/images/icons/topYapsTitle@2x.png
2025-09-10 08:08:45 +0000  copying file ./assets/assets/images/icons/login_gift@2x.png ... 
2025-09-10 08:08:45 +0000  2376 bytes for ./assets/assets/images/icons/login_gift@2x.png
2025-09-10 08:08:45 +0000  copying file ./assets/assets/images/icons/down_arrow.png ... 
2025-09-10 08:08:45 +0000  234 bytes for ./assets/assets/images/icons/down_arrow.png
2025-09-10 08:08:45 +0000  copying file ./assets/assets/images/icons/profileLeadboardRankThree@2x.png ... 
2025-09-10 08:08:45 +0000  4188 bytes for ./assets/assets/images/icons/profileLeadboardRankThree@2x.png
2025-09-10 08:08:45 +0000  copying file ./assets/assets/images/icons/pretge-rank-default.png ... 
2025-09-10 08:08:45 +0000  188 bytes for ./assets/assets/images/icons/pretge-rank-default.png
2025-09-10 08:08:45 +0000  copying file ./assets/assets/images/icons/headmap_top2.png ... 
2025-09-10 08:08:45 +0000  2378 bytes for ./assets/assets/images/icons/headmap_top2.png
2025-09-10 08:08:45 +0000  copying file ./assets/assets/images/icons/headmap_top3.png ... 
2025-09-10 08:08:45 +0000  2455 bytes for ./assets/assets/images/icons/headmap_top3.png
2025-09-10 08:08:45 +0000  copying file ./assets/assets/images/icons/log_loading_there@3x.png ... 
2025-09-10 08:08:45 +0000  506886 bytes for ./assets/assets/images/icons/log_loading_there@3x.png
2025-09-10 08:08:45 +0000  copying file ./assets/assets/images/icons/profile_token@2x.png ... 
2025-09-10 08:08:45 +0000  5500 bytes for ./assets/assets/images/icons/profile_token@2x.png
2025-09-10 08:08:45 +0000  copying file ./assets/assets/images/icons/login_gift.png ... 
2025-09-10 08:08:45 +0000  892 bytes for ./assets/assets/images/icons/login_gift.png
2025-09-10 08:08:45 +0000  copying file ./assets/assets/images/icons/stake_line@2x.png ... 
2025-09-10 08:08:45 +0000  1214 bytes for ./assets/assets/images/icons/stake_line@2x.png
2025-09-10 08:08:45 +0000  copying file ./assets/assets/images/icons/preTge_selection@2x.png ... 
2025-09-10 08:08:45 +0000  265 bytes for ./assets/assets/images/icons/preTge_selection@2x.png
2025-09-10 08:08:45 +0000  copying file ./assets/assets/images/icons/Icon-Attention-cover.png ... 
2025-09-10 08:08:45 +0000  354 bytes for ./assets/assets/images/icons/Icon-Attention-cover.png
2025-09-10 08:08:45 +0000  copying file ./assets/assets/images/icons/leaderboard_cryptoAI.png ... 
2025-09-10 08:08:45 +0000  3285 bytes for ./assets/assets/images/icons/leaderboard_cryptoAI.png
2025-09-10 08:08:45 +0000  copying file ./assets/assets/images/icons/icon-success-cover@2x.png ... 
2025-09-10 08:08:45 +0000  834 bytes for ./assets/assets/images/icons/icon-success-cover@2x.png
2025-09-10 08:08:45 +0000  copying file ./assets/assets/images/icons/log_loading_two@2x.png ... 
2025-09-10 08:08:45 +0000  160499 bytes for ./assets/assets/images/icons/log_loading_two@2x.png
2025-09-10 08:08:45 +0000  copying file ./assets/assets/images/icons/page-header@3x.png ... 
2025-09-10 08:08:45 +0000  162204 bytes for ./assets/assets/images/icons/page-header@3x.png
2025-09-10 08:08:45 +0000  copying file ./assets/assets/images/icons/pretge-tip-icon@3x.png ... 
2025-09-10 08:08:45 +0000  808 bytes for ./assets/assets/images/icons/pretge-tip-icon@3x.png
2025-09-10 08:08:45 +0000  copying file ./assets/assets/images/icons/profile_nft.png ... 
2025-09-10 08:08:45 +0000  1992 bytes for ./assets/assets/images/icons/profile_nft.png
2025-09-10 08:08:45 +0000  copying file ./assets/assets/images/icons/skate_info.png ... 
2025-09-10 08:08:45 +0000  375 bytes for ./assets/assets/images/icons/skate_info.png
2025-09-10 08:08:45 +0000  copying file ./assets/assets/images/icons/privy_login_arraw@2x.png ... 
2025-09-10 08:08:45 +0000  241 bytes for ./assets/assets/images/icons/privy_login_arraw@2x.png
2025-09-10 08:08:45 +0000  copying file ./assets/assets/images/icons/icon_input_close.png ... 
2025-09-10 08:08:45 +0000  256 bytes for ./assets/assets/images/icons/icon_input_close.png
2025-09-10 08:08:45 +0000  copying file ./assets/assets/images/icons/login_twitter@3x.png ... 
2025-09-10 08:08:45 +0000  714 bytes for ./assets/assets/images/icons/login_twitter@3x.png
2025-09-10 08:08:45 +0000  copying file ./assets/assets/images/icons/headmap_top1.png ... 
2025-09-10 08:08:45 +0000  2072 bytes for ./assets/assets/images/icons/headmap_top1.png
2025-09-10 08:08:45 +0000  copying file ./assets/assets/images/icons/icon-close-alert@3x.png ... 
2025-09-10 08:08:45 +0000  1996 bytes for ./assets/assets/images/icons/icon-close-alert@3x.png
2025-09-10 08:08:45 +0000  copying file ./assets/assets/images/icons/profile_curve@3x.png ... 
2025-09-10 08:08:45 +0000  477 bytes for ./assets/assets/images/icons/profile_curve@3x.png
2025-09-10 08:08:45 +0000  copying file ./assets/assets/images/icons/profile_nft@2x.png ... 
2025-09-10 08:08:45 +0000  4849 bytes for ./assets/assets/images/icons/profile_nft@2x.png
2025-09-10 08:08:45 +0000  copying file ./assets/assets/images/icons/login_yapper@3x.png ... 
2025-09-10 08:08:45 +0000  112181 bytes for ./assets/assets/images/icons/login_yapper@3x.png
2025-09-10 08:08:45 +0000  copying file ./assets/assets/images/icons/login_email@3x.png ... 
2025-09-10 08:08:45 +0000  639 bytes for ./assets/assets/images/icons/login_email@3x.png
2025-09-10 08:08:45 +0000  copying file ./assets/assets/images/icons/stake_detail@3x.png ... 
2025-09-10 08:08:45 +0000  930 bytes for ./assets/assets/images/icons/stake_detail@3x.png
2025-09-10 08:08:45 +0000  copying file ./assets/assets/images/icons/privy_login_arraw.png ... 
2025-09-10 08:08:45 +0000  214 bytes for ./assets/assets/images/icons/privy_login_arraw.png
2025-09-10 08:08:45 +0000  copying file ./assets/assets/images/icons/icon-alert-close@2x.png ... 
2025-09-10 08:08:45 +0000  312 bytes for ./assets/assets/images/icons/icon-alert-close@2x.png
2025-09-10 08:08:45 +0000  copying file ./assets/assets/images/icons/icon-alert-close@3x.png ... 
2025-09-10 08:08:45 +0000  418 bytes for ./assets/assets/images/icons/icon-alert-close@3x.png
2025-09-10 08:08:45 +0000  copying file ./assets/assets/images/icons/stake_detail@2x.png ... 
2025-09-10 08:08:45 +0000  790 bytes for ./assets/assets/images/icons/stake_detail@2x.png
2025-09-10 08:08:45 +0000  copying file ./assets/assets/images/icons/login_email@2x.png ... 
2025-09-10 08:08:45 +0000  546 bytes for ./assets/assets/images/icons/login_email@2x.png
2025-09-10 08:08:45 +0000  copying file ./assets/assets/images/icons/icon_back.png ... 
2025-09-10 08:08:45 +0000  216 bytes for ./assets/assets/images/icons/icon_back.png
2025-09-10 08:08:45 +0000  copying file ./assets/assets/images/icons/login_yapper@2x.png ... 
2025-09-10 08:08:45 +0000  49634 bytes for ./assets/assets/images/icons/login_yapper@2x.png
2025-09-10 08:08:45 +0000  copying file ./assets/assets/images/icons/profile_curve@2x.png ... 
2025-09-10 08:08:45 +0000  410 bytes for ./assets/assets/images/icons/profile_curve@2x.png
2025-09-10 08:08:45 +0000  copying file ./assets/assets/images/icons/profile_nft@3x.png ... 
2025-09-10 08:08:45 +0000  8153 bytes for ./assets/assets/images/icons/profile_nft@3x.png
2025-09-10 08:08:45 +0000  copying file ./assets/assets/images/icons/login_logo.png ... 
2025-09-10 08:08:45 +0000  837 bytes for ./assets/assets/images/icons/login_logo.png
2025-09-10 08:08:45 +0000  copying file ./assets/assets/images/icons/icon-close-alert@2x.png ... 
2025-09-10 08:08:45 +0000  1336 bytes for ./assets/assets/images/icons/icon-close-alert@2x.png
2025-09-10 08:08:45 +0000  copying file ./assets/assets/images/icons/profile_right_sml.png ... 
2025-09-10 08:08:45 +0000  184 bytes for ./assets/assets/images/icons/profile_right_sml.png
2025-09-10 08:08:45 +0000  copying file ./assets/assets/images/icons/bottom_alert_check.png ... 
2025-09-10 08:08:45 +0000  388 bytes for ./assets/assets/images/icons/bottom_alert_check.png
2025-09-10 08:08:45 +0000  copying file ./assets/assets/images/icons/botton_alert_cross.png ... 
2025-09-10 08:08:45 +0000  205 bytes for ./assets/assets/images/icons/botton_alert_cross.png
2025-09-10 08:08:45 +0000  copying file ./assets/assets/images/icons/login_twitter@2x.png ... 
2025-09-10 08:08:45 +0000  546 bytes for ./assets/assets/images/icons/login_twitter@2x.png
2025-09-10 08:08:45 +0000  copying file ./assets/assets/images/icons/profileLeadboardRankTwo.png ... 
2025-09-10 08:08:45 +0000  1457 bytes for ./assets/assets/images/icons/profileLeadboardRankTwo.png
2025-09-10 08:08:45 +0000  copying file ./assets/assets/images/icons/profile_curve.png ... 
2025-09-10 08:08:45 +0000  302 bytes for ./assets/assets/images/icons/profile_curve.png
2025-09-10 08:08:45 +0000  copying file ./assets/assets/images/icons/profile_avatar_border.png ... 
2025-09-10 08:08:45 +0000  4319 bytes for ./assets/assets/images/icons/profile_avatar_border.png
2025-09-10 08:08:45 +0000  copying file ./assets/assets/images/icons/privy_login_arraw@3x.png ... 
2025-09-10 08:08:45 +0000  279 bytes for ./assets/assets/images/icons/privy_login_arraw@3x.png
2025-09-10 08:08:45 +0000  copying file ./assets/assets/images/icons/pretge-tip-icon@2x.png ... 
2025-09-10 08:08:45 +0000  541 bytes for ./assets/assets/images/icons/pretge-tip-icon@2x.png
2025-09-10 08:08:45 +0000  copying file ./assets/assets/images/icons/icon-success-cover@3x.png ... 
2025-09-10 08:08:45 +0000  1144 bytes for ./assets/assets/images/icons/icon-success-cover@3x.png
2025-09-10 08:08:45 +0000  copying file ./assets/assets/images/icons/log_loading_two@3x.png ... 
2025-09-10 08:08:45 +0000  308878 bytes for ./assets/assets/images/icons/log_loading_two@3x.png
2025-09-10 08:08:45 +0000  copying file ./assets/assets/images/icons/page-header@2x.png ... 
2025-09-10 08:08:45 +0000  98779 bytes for ./assets/assets/images/icons/page-header@2x.png
2025-09-10 08:08:45 +0000  copying file ./assets/assets/images/icons/stake_success.png ... 
2025-09-10 08:08:45 +0000  2037 bytes for ./assets/assets/images/icons/stake_success.png
2025-09-10 08:08:45 +0000  copying file ./assets/assets/images/icons/stake_detail.png ... 
2025-09-10 08:08:45 +0000  468 bytes for ./assets/assets/images/icons/stake_detail.png
2025-09-10 08:08:45 +0000  copying file ./assets/assets/images/icons/log_loading_one.png ... 
2025-09-10 08:08:45 +0000  53052 bytes for ./assets/assets/images/icons/log_loading_one.png
2025-09-10 08:08:45 +0000  copying file ./assets/assets/images/icons/preTge_selection@3x.png ... 
2025-09-10 08:08:45 +0000  271 bytes for ./assets/assets/images/icons/preTge_selection@3x.png
2025-09-10 08:08:45 +0000  copying file ./assets/assets/images/icons/profile_token@3x.png ... 
2025-09-10 08:08:45 +0000  9463 bytes for ./assets/assets/images/icons/profile_token@3x.png
2025-09-10 08:08:45 +0000  copying file ./assets/assets/images/icons/stake_line@3x.png ... 
2025-09-10 08:08:45 +0000  2301 bytes for ./assets/assets/images/icons/stake_line@3x.png
2025-09-10 08:08:45 +0000  copying file ./assets/assets/images/icons/profile_right.png ... 
2025-09-10 08:08:45 +0000  206 bytes for ./assets/assets/images/icons/profile_right.png
2025-09-10 08:08:45 +0000  copying file ./assets/assets/images/icons/log_loading_there@2x.png ... 
2025-09-10 08:08:45 +0000  244673 bytes for ./assets/assets/images/icons/log_loading_there@2x.png
2025-09-10 08:08:45 +0000  copying file ./assets/assets/images/icons/profileLeadboardRankThree@3x.png ... 
2025-09-10 08:08:45 +0000  8161 bytes for ./assets/assets/images/icons/profileLeadboardRankThree@3x.png
2025-09-10 08:08:45 +0000  copying file ./assets/assets/images/icons/login_gift@3x.png ... 
2025-09-10 08:08:45 +0000  4336 bytes for ./assets/assets/images/icons/login_gift@3x.png
2025-09-10 08:08:45 +0000  copying file ./assets/assets/images/icons/pretge-tip-icon.png ... 
2025-09-10 08:08:45 +0000  316 bytes for ./assets/assets/images/icons/pretge-tip-icon.png
2025-09-10 08:08:45 +0000  copying file ./assets/assets/images/icons/topYapsTitle@3x.png ... 
2025-09-10 08:08:45 +0000  5617 bytes for ./assets/assets/images/icons/topYapsTitle@3x.png
2025-09-10 08:08:45 +0000  copying file ./assets/assets/images/icons/social_card_badge.png ... 
2025-09-10 08:08:45 +0000  87135 bytes for ./assets/assets/images/icons/social_card_badge.png
2025-09-10 08:08:45 +0000  copying file ./assets/assets/images/icons/stake_failure.png ... 
2025-09-10 08:08:45 +0000  2274 bytes for ./assets/assets/images/icons/stake_failure.png
2025-09-10 08:08:45 +0000  copying file ./assets/assets/images/icons/headmap_top2@2x.png ... 
2025-09-10 08:08:45 +0000  6555 bytes for ./assets/assets/images/icons/headmap_top2@2x.png
2025-09-10 08:08:45 +0000  copying file ./assets/assets/images/icons/privy_login_log.png ... 
2025-09-10 08:08:45 +0000  371 bytes for ./assets/assets/images/icons/privy_login_log.png
2025-09-10 08:08:45 +0000  copying file ./assets/assets/images/icons/triangle_down_red@3x.png ... 
2025-09-10 08:08:45 +0000  274 bytes for ./assets/assets/images/icons/triangle_down_red@3x.png
2025-09-10 08:08:45 +0000  copying file ./assets/assets/images/icons/stake_success@2x.png ... 
2025-09-10 08:08:45 +0000  5225 bytes for ./assets/assets/images/icons/stake_success@2x.png
2025-09-10 08:08:45 +0000  copying file ./assets/assets/images/icons/icon-coin@3x.png ... 
2025-09-10 08:08:45 +0000  15120 bytes for ./assets/assets/images/icons/icon-coin@3x.png
2025-09-10 08:08:45 +0000  copying file ./assets/assets/images/icons/pretge-report-option@3x.png ... 
2025-09-10 08:08:45 +0000  1808 bytes for ./assets/assets/images/icons/pretge-report-option@3x.png
2025-09-10 08:08:45 +0000  copying file ./assets/assets/images/icons/login_socialCard@3x.png ... 
2025-09-10 08:08:45 +0000  1287992 bytes for ./assets/assets/images/icons/login_socialCard@3x.png
2025-09-10 08:08:45 +0000  copying file ./assets/assets/images/icons/profile_linked_wallet@3x.png ... 
2025-09-10 08:08:45 +0000  40635 bytes for ./assets/assets/images/icons/profile_linked_wallet@3x.png
2025-09-10 08:08:45 +0000  copying file ./assets/assets/images/icons/pretge-rank-sortDesc@2x.png ... 
2025-09-10 08:08:45 +0000  313 bytes for ./assets/assets/images/icons/pretge-rank-sortDesc@2x.png
2025-09-10 08:08:45 +0000  copying file ./assets/assets/images/icons/log_loading_one@2x.png ... 
2025-09-10 08:08:45 +0000  205127 bytes for ./assets/assets/images/icons/log_loading_one@2x.png
2025-09-10 08:08:45 +0000  copying file ./assets/assets/images/icons/leaderboard_ct.png ... 
2025-09-10 08:08:45 +0000  4724 bytes for ./assets/assets/images/icons/leaderboard_ct.png
2025-09-10 08:08:45 +0000  copying file ./assets/assets/images/icons/skate_info@2x.png ... 
2025-09-10 08:08:45 +0000  703 bytes for ./assets/assets/images/icons/skate_info@2x.png
2025-09-10 08:08:45 +0000  copying file ./assets/assets/images/icons/profile_right@3x.png ... 
2025-09-10 08:08:45 +0000  302 bytes for ./assets/assets/images/icons/profile_right@3x.png
2025-09-10 08:08:45 +0000  copying file ./assets/assets/images/icons/pretge-aiHelper-tip@3x.png ... 
2025-09-10 08:08:45 +0000  66344 bytes for ./assets/assets/images/icons/pretge-aiHelper-tip@3x.png
2025-09-10 08:08:45 +0000  copying file ./assets/assets/images/icons/stake_vertex@2x.png ... 
2025-09-10 08:08:45 +0000  319 bytes for ./assets/assets/images/icons/stake_vertex@2x.png
2025-09-10 08:08:45 +0000  copying file ./assets/assets/images/icons/icon_input_close@2x.png ... 
2025-09-10 08:08:45 +0000  425 bytes for ./assets/assets/images/icons/icon_input_close@2x.png
2025-09-10 08:08:45 +0000  copying file ./assets/assets/images/icons/stake_skaito@2x.png ... 
2025-09-10 08:08:45 +0000  2249 bytes for ./assets/assets/images/icons/stake_skaito@2x.png
2025-09-10 08:08:45 +0000  copying file ./assets/assets/images/icons/profile_right_sml@2x.png ... 
2025-09-10 08:08:45 +0000  272 bytes for ./assets/assets/images/icons/profile_right_sml@2x.png
2025-09-10 08:08:45 +0000  copying file ./assets/assets/images/icons/profileLeadboardRankThree.png ... 
2025-09-10 08:08:45 +0000  1486 bytes for ./assets/assets/images/icons/profileLeadboardRankThree.png
2025-09-10 08:08:45 +0000  copying file ./assets/assets/images/icons/pretge-report-icon@3x.png ... 
2025-09-10 08:08:45 +0000  540 bytes for ./assets/assets/images/icons/pretge-report-icon@3x.png
2025-09-10 08:08:45 +0000  copying file ./assets/assets/images/icons/leaderboard_vc.png ... 
2025-09-10 08:08:45 +0000  4544 bytes for ./assets/assets/images/icons/leaderboard_vc.png
2025-09-10 08:08:45 +0000  copying file ./assets/assets/images/icons/login_loading@3x.png ... 
2025-09-10 08:08:45 +0000  16905 bytes for ./assets/assets/images/icons/login_loading@3x.png
2025-09-10 08:08:45 +0000  copying file ./assets/assets/images/icons/stake_kaito@3x.png ... 
2025-09-10 08:08:45 +0000  4391 bytes for ./assets/assets/images/icons/stake_kaito@3x.png
2025-09-10 08:08:45 +0000  copying file ./assets/assets/images/icons/login_line.png ... 
2025-09-10 08:08:45 +0000  346 bytes for ./assets/assets/images/icons/login_line.png
2025-09-10 08:08:45 +0000  copying file ./assets/assets/images/icons/stake_kaito@2x.png ... 
2025-09-10 08:08:45 +0000  2907 bytes for ./assets/assets/images/icons/stake_kaito@2x.png
2025-09-10 08:08:45 +0000  copying file ./assets/assets/images/icons/login_loading@2x.png ... 
2025-09-10 08:08:45 +0000  9025 bytes for ./assets/assets/images/icons/login_loading@2x.png
2025-09-10 08:08:45 +0000  copying file ./assets/assets/images/icons/leaderboard_pretge.png ... 
2025-09-10 08:08:45 +0000  2412 bytes for ./assets/assets/images/icons/leaderboard_pretge.png
2025-09-10 08:08:45 +0000  copying file ./assets/assets/images/icons/pretge-report-icon@2x.png ... 
2025-09-10 08:08:45 +0000  410 bytes for ./assets/assets/images/icons/pretge-report-icon@2x.png
2025-09-10 08:08:45 +0000  copying file ./assets/assets/images/icons/icon-address-copy.png ... 
2025-09-10 08:08:45 +0000  280 bytes for ./assets/assets/images/icons/icon-address-copy.png
2025-09-10 08:08:45 +0000  copying file ./assets/assets/images/icons/profile_right_sml@3x.png ... 
2025-09-10 08:08:45 +0000  322 bytes for ./assets/assets/images/icons/profile_right_sml@3x.png
2025-09-10 08:08:45 +0000  copying file ./assets/assets/images/icons/stake_skaito@3x.png ... 
2025-09-10 08:08:45 +0000  3277 bytes for ./assets/assets/images/icons/stake_skaito@3x.png
2025-09-10 08:08:45 +0000  copying file ./assets/assets/images/icons/icon_input_close@3x.png ... 
2025-09-10 08:08:45 +0000  549 bytes for ./assets/assets/images/icons/icon_input_close@3x.png
2025-09-10 08:08:45 +0000  copying file ./assets/assets/images/icons/login_verification.png ... 
2025-09-10 08:08:45 +0000  401 bytes for ./assets/assets/images/icons/login_verification.png
2025-09-10 08:08:45 +0000  copying file ./assets/assets/images/icons/stake_vertex@3x.png ... 
2025-09-10 08:08:45 +0000  368 bytes for ./assets/assets/images/icons/stake_vertex@3x.png
2025-09-10 08:08:45 +0000  copying file ./assets/assets/images/icons/pretge-vs.png ... 
2025-09-10 08:08:45 +0000  495 bytes for ./assets/assets/images/icons/pretge-vs.png
2025-09-10 08:08:45 +0000  copying file ./assets/assets/images/icons/profile_right@2x.png ... 
2025-09-10 08:08:45 +0000  258 bytes for ./assets/assets/images/icons/profile_right@2x.png
2025-09-10 08:08:45 +0000  copying file ./assets/assets/images/icons/profile_emerging_ct.png ... 
2025-09-10 08:08:45 +0000  336 bytes for ./assets/assets/images/icons/profile_emerging_ct.png
2025-09-10 08:08:45 +0000  copying file ./assets/assets/images/icons/pretge-aiHelper-tip@2x.png ... 
2025-09-10 08:08:45 +0000  33783 bytes for ./assets/assets/images/icons/pretge-aiHelper-tip@2x.png
2025-09-10 08:08:45 +0000  copying file ./assets/assets/images/icons/skate_info@3x.png ... 
2025-09-10 08:08:45 +0000  960 bytes for ./assets/assets/images/icons/skate_info@3x.png
2025-09-10 08:08:45 +0000  copying file ./assets/assets/images/icons/transfer_skaito.png ... 
2025-09-10 08:08:45 +0000  941 bytes for ./assets/assets/images/icons/transfer_skaito.png
2025-09-10 08:08:45 +0000  copying file ./assets/assets/images/icons/icon-vertex.png ... 
2025-09-10 08:08:45 +0000  178 bytes for ./assets/assets/images/icons/icon-vertex.png
2025-09-10 08:08:45 +0000  copying file ./assets/assets/images/icons/profile_linked_wallet@2x.png ... 
2025-09-10 08:08:45 +0000  24813 bytes for ./assets/assets/images/icons/profile_linked_wallet@2x.png
2025-09-10 08:08:45 +0000  copying file ./assets/assets/images/icons/pretge-rank-sortDesc@3x.png ... 
2025-09-10 08:08:45 +0000  402 bytes for ./assets/assets/images/icons/pretge-rank-sortDesc@3x.png
2025-09-10 08:08:45 +0000  copying file ./assets/assets/images/icons/log_loading_one@3x.png ... 
2025-09-10 08:08:45 +0000  438086 bytes for ./assets/assets/images/icons/log_loading_one@3x.png
2025-09-10 08:08:45 +0000  copying file ./assets/assets/images/icons/login_socialCard@2x.png ... 
2025-09-10 08:08:45 +0000  659670 bytes for ./assets/assets/images/icons/login_socialCard@2x.png
2025-09-10 08:08:45 +0000  copying file ./assets/assets/images/icons/pretge-report-option@2x.png ... 
2025-09-10 08:08:45 +0000  1268 bytes for ./assets/assets/images/icons/pretge-report-option@2x.png
2025-09-10 08:08:45 +0000  copying file ./assets/assets/images/icons/chevron.png ... 
2025-09-10 08:08:45 +0000  158 bytes for ./assets/assets/images/icons/chevron.png
2025-09-10 08:08:45 +0000  copying file ./assets/assets/images/icons/icon-coin@2x.png ... 
2025-09-10 08:08:45 +0000  8972 bytes for ./assets/assets/images/icons/icon-coin@2x.png
2025-09-10 08:08:45 +0000  copying file ./assets/assets/images/icons/stake_success@3x.png ... 
2025-09-10 08:08:45 +0000  9369 bytes for ./assets/assets/images/icons/stake_success@3x.png
2025-09-10 08:08:45 +0000  copying file ./assets/assets/images/icons/profile_linked_wallet.png ... 
2025-09-10 08:08:45 +0000  10204 bytes for ./assets/assets/images/icons/profile_linked_wallet.png
2025-09-10 08:08:45 +0000  copying file ./assets/assets/images/icons/icon-success-cover.png ... 
2025-09-10 08:08:45 +0000  493 bytes for ./assets/assets/images/icons/icon-success-cover.png
2025-09-10 08:08:45 +0000  copying file ./assets/assets/images/icons/pretge-ai-helper.png ... 
2025-09-10 08:08:45 +0000  447 bytes for ./assets/assets/images/icons/pretge-ai-helper.png
2025-09-10 08:08:45 +0000  copying file ./assets/assets/images/icons/triangle_down_red@2x.png ... 
2025-09-10 08:08:45 +0000  236 bytes for ./assets/assets/images/icons/triangle_down_red@2x.png
2025-09-10 08:08:45 +0000  copying file ./assets/assets/images/icons/pretge-top-two.png ... 
2025-09-10 08:08:45 +0000  1219 bytes for ./assets/assets/images/icons/pretge-top-two.png
2025-09-10 08:08:45 +0000  copying file ./assets/assets/images/icons/log_loading_there.png ... 
2025-09-10 08:08:45 +0000  68269 bytes for ./assets/assets/images/icons/log_loading_there.png
2025-09-10 08:08:45 +0000  copying file ./assets/assets/images/icons/headmap_top2@3x.png ... 
2025-09-10 08:08:45 +0000  12409 bytes for ./assets/assets/images/icons/headmap_top2@3x.png
2025-09-10 08:08:45 +0000  copying file ./assets/assets/images/icons/pretge-report-list@3x.png ... 
2025-09-10 08:08:45 +0000  265 bytes for ./assets/assets/images/icons/pretge-report-list@3x.png
2025-09-10 08:08:45 +0000  copying file ./assets/assets/images/icons/icon-nft@2x.png ... 
2025-09-10 08:08:45 +0000  6765 bytes for ./assets/assets/images/icons/icon-nft@2x.png
2025-09-10 08:08:45 +0000  copying file ./assets/assets/images/icons/profile_emerging_ct@3x.png ... 
2025-09-10 08:08:45 +0000  891 bytes for ./assets/assets/images/icons/profile_emerging_ct@3x.png
2025-09-10 08:08:45 +0000  copying file ./assets/assets/images/icons/topYapsTitle.png ... 
2025-09-10 08:08:45 +0000  1466 bytes for ./assets/assets/images/icons/topYapsTitle.png
2025-09-10 08:08:45 +0000  copying file ./assets/assets/images/icons/chevron@3x.png ... 
2025-09-10 08:08:45 +0000  341 bytes for ./assets/assets/images/icons/chevron@3x.png
2025-09-10 08:08:45 +0000  copying file ./assets/assets/images/icons/icon-unfold-chevron@2x.png ... 
2025-09-10 08:08:45 +0000  295 bytes for ./assets/assets/images/icons/icon-unfold-chevron@2x.png
2025-09-10 08:08:45 +0000  copying file ./assets/assets/images/icons/pretge-report-option.png ... 
2025-09-10 08:08:45 +0000  703 bytes for ./assets/assets/images/icons/pretge-report-option.png
2025-09-10 08:08:45 +0000  copying file ./assets/assets/images/icons/stake_arraw.png ... 
2025-09-10 08:08:45 +0000  621 bytes for ./assets/assets/images/icons/stake_arraw.png
2025-09-10 08:08:45 +0000  copying file ./assets/assets/images/icons/login_verification@2x.png ... 
2025-09-10 08:08:45 +0000  718 bytes for ./assets/assets/images/icons/login_verification@2x.png
2025-09-10 08:08:45 +0000  copying file ./assets/assets/images/icons/page-middle.png ... 
2025-09-10 08:08:45 +0000  138894 bytes for ./assets/assets/images/icons/page-middle.png
2025-09-10 08:08:45 +0000  copying file ./assets/assets/images/icons/login_loading.png ... 
2025-09-10 08:08:45 +0000  3387 bytes for ./assets/assets/images/icons/login_loading.png
2025-09-10 08:08:45 +0000  copying file ./assets/assets/images/icons/pretge-report-list.png ... 
2025-09-10 08:08:45 +0000  197 bytes for ./assets/assets/images/icons/pretge-report-list.png
2025-09-10 08:08:45 +0000  copying file ./assets/assets/images/icons/bottom_alert_check@3x.png ... 
2025-09-10 08:08:45 +0000  932 bytes for ./assets/assets/images/icons/bottom_alert_check@3x.png
2025-09-10 08:08:45 +0000  copying file ./assets/assets/images/icons/base_icon@3x.png ... 
2025-09-10 08:08:45 +0000  10884 bytes for ./assets/assets/images/icons/base_icon@3x.png
2025-09-10 08:08:45 +0000  copying file ./assets/assets/images/icons/icon_back@3x.png ... 
2025-09-10 08:08:45 +0000  483 bytes for ./assets/assets/images/icons/icon_back@3x.png
2025-09-10 08:08:45 +0000  copying file ./assets/assets/images/icons/profile_logout.png ... 
2025-09-10 08:08:45 +0000  263 bytes for ./assets/assets/images/icons/profile_logout.png
2025-09-10 08:08:45 +0000  copying file ./assets/assets/images/icons/icon-unfold-chevron.png ... 
2025-09-10 08:08:45 +0000  184 bytes for ./assets/assets/images/icons/icon-unfold-chevron.png
2025-09-10 08:08:45 +0000  copying file ./assets/assets/images/icons/pretge-top-two@3x.png ... 
2025-09-10 08:08:45 +0000  4923 bytes for ./assets/assets/images/icons/pretge-top-two@3x.png
2025-09-10 08:08:45 +0000  copying file ./assets/assets/images/icons/profile_avatar_border@3x.png ... 
2025-09-10 08:08:45 +0000  30392 bytes for ./assets/assets/images/icons/profile_avatar_border@3x.png
2025-09-10 08:08:45 +0000  copying file ./assets/assets/images/icons/profileLeadboardRankOne@3x.png ... 
2025-09-10 08:08:45 +0000  7442 bytes for ./assets/assets/images/icons/profileLeadboardRankOne@3x.png
2025-09-10 08:08:45 +0000  copying file ./assets/assets/images/icons/pretge-rank-sortAsc@3x.png ... 
2025-09-10 08:08:45 +0000  367 bytes for ./assets/assets/images/icons/pretge-rank-sortAsc@3x.png
2025-09-10 08:08:45 +0000  copying file ./assets/assets/images/icons/down_arrow@2x.png ... 
2025-09-10 08:08:45 +0000  322 bytes for ./assets/assets/images/icons/down_arrow@2x.png
2025-09-10 08:08:45 +0000  copying file ./assets/assets/images/icons/navigation_back@2x.png ... 
2025-09-10 08:08:45 +0000  292 bytes for ./assets/assets/images/icons/navigation_back@2x.png
2025-09-10 08:08:45 +0000  copying file ./assets/assets/images/icons/navigation_back@3x.png ... 
2025-09-10 08:08:45 +0000  400 bytes for ./assets/assets/images/icons/navigation_back@3x.png
2025-09-10 08:08:45 +0000  copying file ./assets/assets/images/icons/down_arrow@3x.png ... 
2025-09-10 08:08:45 +0000  451 bytes for ./assets/assets/images/icons/down_arrow@3x.png
2025-09-10 08:08:45 +0000  copying file ./assets/assets/images/icons/pretge-rank-sortAsc@2x.png ... 
2025-09-10 08:08:45 +0000  314 bytes for ./assets/assets/images/icons/pretge-rank-sortAsc@2x.png
2025-09-10 08:08:45 +0000  copying file ./assets/assets/images/icons/profileLeadboardRankOne@2x.png ... 
2025-09-10 08:08:45 +0000  3826 bytes for ./assets/assets/images/icons/profileLeadboardRankOne@2x.png
2025-09-10 08:08:45 +0000  copying file ./assets/assets/images/icons/profile_avatar_border@2x.png ... 
2025-09-10 08:08:45 +0000  14711 bytes for ./assets/assets/images/icons/profile_avatar_border@2x.png
2025-09-10 08:08:45 +0000  copying file ./assets/assets/images/icons/triangle_up_green.png ... 
2025-09-10 08:08:45 +0000  179 bytes for ./assets/assets/images/icons/triangle_up_green.png
2025-09-10 08:08:45 +0000  copying file ./assets/assets/images/icons/navigation_back.png ... 
2025-09-10 08:08:45 +0000  209 bytes for ./assets/assets/images/icons/navigation_back.png
2025-09-10 08:08:45 +0000  copying file ./assets/assets/images/icons/pretge-top-two@2x.png ... 
2025-09-10 08:08:45 +0000  2822 bytes for ./assets/assets/images/icons/pretge-top-two@2x.png
2025-09-10 08:08:45 +0000  copying file ./assets/assets/images/icons/base_icon@2x.png ... 
2025-09-10 08:08:45 +0000  5707 bytes for ./assets/assets/images/icons/base_icon@2x.png
2025-09-10 08:08:45 +0000  copying file ./assets/assets/images/icons/icon_back@2x.png ... 
2025-09-10 08:08:45 +0000  352 bytes for ./assets/assets/images/icons/icon_back@2x.png
2025-09-10 08:08:45 +0000  copying file ./assets/assets/images/icons/bottom_alert_check@2x.png ... 
2025-09-10 08:08:45 +0000  678 bytes for ./assets/assets/images/icons/bottom_alert_check@2x.png
2025-09-10 08:08:45 +0000  copying file ./assets/assets/images/icons/pretge-top-one.png ... 
2025-09-10 08:08:45 +0000  1207 bytes for ./assets/assets/images/icons/pretge-top-one.png
2025-09-10 08:08:45 +0000  copying file ./assets/assets/images/icons/login_verification@3x.png ... 
2025-09-10 08:08:45 +0000  1085 bytes for ./assets/assets/images/icons/login_verification@3x.png
2025-09-10 08:08:45 +0000  copying file ./assets/assets/images/icons/stake_line.png ... 
2025-09-10 08:08:45 +0000  449 bytes for ./assets/assets/images/icons/stake_line.png
2025-09-10 08:08:45 +0000  copying file ./assets/assets/images/icons/login_email.png ... 
2025-09-10 08:08:45 +0000  319 bytes for ./assets/assets/images/icons/login_email.png
2025-09-10 08:08:45 +0000  copying file ./assets/assets/images/icons/pretge-rank-sortDesc.png ... 
2025-09-10 08:08:45 +0000  209 bytes for ./assets/assets/images/icons/pretge-rank-sortDesc.png
2025-09-10 08:08:45 +0000  copying file ./assets/assets/images/icons/chevron@2x.png ... 
2025-09-10 08:08:45 +0000  221 bytes for ./assets/assets/images/icons/chevron@2x.png
2025-09-10 08:08:45 +0000  copying file ./assets/assets/images/icons/icon-unfold-chevron@3x.png ... 
2025-09-10 08:08:45 +0000  368 bytes for ./assets/assets/images/icons/icon-unfold-chevron@3x.png
2025-09-10 08:08:45 +0000  copying file ./assets/assets/images/icons/login_kog.png ... 
2025-09-10 08:08:45 +0000  2095 bytes for ./assets/assets/images/icons/login_kog.png
2025-09-10 08:08:45 +0000  copying file ./assets/assets/images/icons/triangle_down_red.png ... 
2025-09-10 08:08:45 +0000  184 bytes for ./assets/assets/images/icons/triangle_down_red.png
2025-09-10 08:08:45 +0000  copying file ./assets/assets/images/icons/transfer_arrow.png ... 
2025-09-10 08:08:45 +0000  316 bytes for ./assets/assets/images/icons/transfer_arrow.png
2025-09-10 08:08:45 +0000  copying file ./assets/assets/images/icons/icon-coin.png ... 
2025-09-10 08:08:45 +0000  3876 bytes for ./assets/assets/images/icons/icon-coin.png
2025-09-10 08:08:45 +0000  copying file ./assets/assets/images/icons/profile_emerging_ct@2x.png ... 
2025-09-10 08:08:45 +0000  596 bytes for ./assets/assets/images/icons/profile_emerging_ct@2x.png
2025-09-10 08:08:45 +0000  copying file ./assets/assets/images/icons/icon-nft@3x.png ... 
2025-09-10 08:08:45 +0000  10709 bytes for ./assets/assets/images/icons/icon-nft@3x.png
2025-09-10 08:08:45 +0000  copying file ./assets/assets/images/icons/profile_right_blue.png ... 
2025-09-10 08:08:45 +0000  229 bytes for ./assets/assets/images/icons/profile_right_blue.png
2025-09-10 08:08:45 +0000  copying file ./assets/assets/images/icons/pretge-report-list@2x.png ... 
2025-09-10 08:08:45 +0000  301 bytes for ./assets/assets/images/icons/pretge-report-list@2x.png
2025-09-10 08:08:45 +0000  copying file ./assets/assets/images/icons/icon-address-copy@3x.png ... 
2025-09-10 08:08:45 +0000  493 bytes for ./assets/assets/images/icons/icon-address-copy@3x.png
2025-09-10 08:08:45 +0000  copying file ./assets/assets/images/icons/pretge-ai-helper@2x.png ... 
2025-09-10 08:08:45 +0000  919 bytes for ./assets/assets/images/icons/pretge-ai-helper@2x.png
2025-09-10 08:08:45 +0000  copying file ./assets/assets/images/icons/pretge-top-three@3x.png ... 
2025-09-10 08:08:45 +0000  5668 bytes for ./assets/assets/images/icons/pretge-top-three@3x.png
2025-09-10 08:08:45 +0000  copying file ./assets/assets/images/icons/preTge_selection.png ... 
2025-09-10 08:08:45 +0000  195 bytes for ./assets/assets/images/icons/preTge_selection.png
2025-09-10 08:08:45 +0000  copying file ./assets/assets/images/icons/triangle_up_green@3x.png ... 
2025-09-10 08:08:45 +0000  259 bytes for ./assets/assets/images/icons/triangle_up_green@3x.png
2025-09-10 08:08:45 +0000  copying file ./assets/assets/images/icons/login_socialCard.png ... 
2025-09-10 08:08:45 +0000  211277 bytes for ./assets/assets/images/icons/login_socialCard.png
2025-09-10 08:08:45 +0000  copying file ./assets/assets/images/icons/profileLeadboardRankTwo@3x.png ... 
2025-09-10 08:08:45 +0000  7872 bytes for ./assets/assets/images/icons/profileLeadboardRankTwo@3x.png
2025-09-10 08:08:45 +0000  copying file ./assets/assets/images/icons/stake_vertex.png ... 
2025-09-10 08:08:45 +0000  262 bytes for ./assets/assets/images/icons/stake_vertex.png
2025-09-10 08:08:45 +0000  copying file ./assets/assets/images/icons/stake_failure@3x.png ... 
2025-09-10 08:08:45 +0000  10287 bytes for ./assets/assets/images/icons/stake_failure@3x.png
2025-09-10 08:08:45 +0000  copying file ./assets/assets/images/icons/pretge-top-three.png ... 
2025-09-10 08:08:45 +0000  1318 bytes for ./assets/assets/images/icons/pretge-top-three.png
2025-09-10 08:08:45 +0000  copying file ./assets/assets/images/icons/privy_log@2x.png ... 
2025-09-10 08:08:45 +0000  336 bytes for ./assets/assets/images/icons/privy_log@2x.png
2025-09-10 08:08:45 +0000  copying file ./assets/assets/images/icons/stake_arraw@2x.png ... 
2025-09-10 08:08:45 +0000  1196 bytes for ./assets/assets/images/icons/stake_arraw@2x.png
2025-09-10 08:08:45 +0000  copying file ./assets/assets/images/icons/login_logo@2x.png ... 
2025-09-10 08:08:45 +0000  1375 bytes for ./assets/assets/images/icons/login_logo@2x.png
2025-09-10 08:08:45 +0000  copying file ./assets/assets/images/icons/pretge-top-one@3x.png ... 
2025-09-10 08:08:45 +0000  5680 bytes for ./assets/assets/images/icons/pretge-top-one@3x.png
2025-09-10 08:08:45 +0000  copying file ./assets/assets/images/icons/transfer_skaito@2x.png ... 
2025-09-10 08:08:45 +0000  1708 bytes for ./assets/assets/images/icons/transfer_skaito@2x.png
2025-09-10 08:08:45 +0000  copying file ./assets/assets/images/icons/login_twitter.png ... 
2025-09-10 08:08:45 +0000  348 bytes for ./assets/assets/images/icons/login_twitter.png
2025-09-10 08:08:45 +0000  copying file ./assets/assets/images/icons/profile_right_blue@3x.png ... 
2025-09-10 08:08:45 +0000  359 bytes for ./assets/assets/images/icons/profile_right_blue@3x.png
2025-09-10 08:08:45 +0000  copying file ./assets/assets/images/icons/pretge-rank-sortAsc.png ... 
2025-09-10 08:08:45 +0000  202 bytes for ./assets/assets/images/icons/pretge-rank-sortAsc.png
2025-09-10 08:08:45 +0000  copying file ./assets/assets/images/icons/profile_logout@3x.png ... 
2025-09-10 08:08:45 +0000  488 bytes for ./assets/assets/images/icons/profile_logout@3x.png
2025-09-10 08:08:45 +0000  copying file ./assets/assets/images/icons/transfer_kaito@2x.png ... 
2025-09-10 08:08:45 +0000  2186 bytes for ./assets/assets/images/icons/transfer_kaito@2x.png
2025-09-10 08:08:45 +0000  copying file ./assets/assets/images/icons/privy_login_log@3x.png ... 
2025-09-10 08:08:45 +0000  842 bytes for ./assets/assets/images/icons/privy_login_log@3x.png
2025-09-10 08:08:45 +0000  copying file ./assets/assets/images/icons/transfer_arrow@3x.png ... 
2025-09-10 08:08:45 +0000  560 bytes for ./assets/assets/images/icons/transfer_arrow@3x.png
2025-09-10 08:08:45 +0000  copying file ./assets/assets/images/icons/Icon-Attention-cover@3x.png ... 
2025-09-10 08:08:45 +0000  672 bytes for ./assets/assets/images/icons/Icon-Attention-cover@3x.png
2025-09-10 08:08:45 +0000  copying file ./assets/assets/images/icons/social_card_badge@3x.png ... 
2025-09-10 08:08:45 +0000  630879 bytes for ./assets/assets/images/icons/social_card_badge@3x.png
2025-09-10 08:08:45 +0000  copying file ./assets/assets/images/icons/headmap_top1@3x.png ... 
2025-09-10 08:08:45 +0000  10516 bytes for ./assets/assets/images/icons/headmap_top1@3x.png
2025-09-10 08:08:45 +0000  copying file ./assets/assets/images/icons/pretge-aiHelper-tip.png ... 
2025-09-10 08:08:45 +0000  10684 bytes for ./assets/assets/images/icons/pretge-aiHelper-tip.png
2025-09-10 08:08:45 +0000  copying file ./assets/assets/images/icons/icon-vertex@3x.png ... 
2025-09-10 08:08:45 +0000  276 bytes for ./assets/assets/images/icons/icon-vertex@3x.png
2025-09-10 08:08:45 +0000  copying file ./assets/assets/images/icons/privy_log.png ... 
2025-09-10 08:08:45 +0000  241 bytes for ./assets/assets/images/icons/privy_log.png
2025-09-10 08:08:45 +0000  copying file ./assets/assets/images/icons/pretge-vs@2x.png ... 
2025-09-10 08:08:45 +0000  1050 bytes for ./assets/assets/images/icons/pretge-vs@2x.png
2025-09-10 08:08:45 +0000  copying file ./assets/assets/images/icons/login_line@3x.png ... 
2025-09-10 08:08:45 +0000  1624 bytes for ./assets/assets/images/icons/login_line@3x.png
2025-09-10 08:08:45 +0000  copying file ./assets/assets/images/icons/login_kog@2x.png ... 
2025-09-10 08:08:45 +0000  4253 bytes for ./assets/assets/images/icons/login_kog@2x.png
2025-09-10 08:08:45 +0000  copying file ./assets/assets/images/icons/pretge-rank-default@3x.png ... 
2025-09-10 08:08:45 +0000  342 bytes for ./assets/assets/images/icons/pretge-rank-default@3x.png
2025-09-10 08:08:45 +0000  copying file ./assets/assets/images/icons/headmap_top3@2x.png ... 
2025-09-10 08:08:45 +0000  6935 bytes for ./assets/assets/images/icons/headmap_top3@2x.png
2025-09-10 08:08:45 +0000  copying file ./assets/assets/images/icons/page-middle@3x.png ... 
2025-09-10 08:08:45 +0000  766790 bytes for ./assets/assets/images/icons/page-middle@3x.png
2025-09-10 08:08:45 +0000  copying file ./assets/assets/images/icons/botton_alert_cross@3x.png ... 
2025-09-10 08:08:45 +0000  418 bytes for ./assets/assets/images/icons/botton_alert_cross@3x.png
2025-09-10 08:08:45 +0000  copying file ./assets/assets/images/icons/headmap_top3@3x.png ... 
2025-09-10 08:08:45 +0000  13155 bytes for ./assets/assets/images/icons/headmap_top3@3x.png
2025-09-10 08:08:45 +0000  copying file ./assets/assets/images/icons/page-middle@2x.png ... 
2025-09-10 08:08:45 +0000  413031 bytes for ./assets/assets/images/icons/page-middle@2x.png
2025-09-10 08:08:45 +0000  copying file ./assets/assets/images/icons/botton_alert_cross@2x.png ... 
2025-09-10 08:08:45 +0000  312 bytes for ./assets/assets/images/icons/botton_alert_cross@2x.png
2025-09-10 08:08:45 +0000  copying file ./assets/assets/images/icons/icon-alert-close.png ... 
2025-09-10 08:08:45 +0000  205 bytes for ./assets/assets/images/icons/icon-alert-close.png
2025-09-10 08:08:45 +0000  copying file ./assets/assets/images/icons/stake_skaito.png ... 
2025-09-10 08:08:45 +0000  1147 bytes for ./assets/assets/images/icons/stake_skaito.png
2025-09-10 08:08:45 +0000  copying file ./assets/assets/images/icons/pretge-rank-default@2x.png ... 
2025-09-10 08:08:45 +0000  280 bytes for ./assets/assets/images/icons/pretge-rank-default@2x.png
2025-09-10 08:08:45 +0000  copying file ./assets/assets/images/icons/pretge-vs@3x.png ... 
2025-09-10 08:08:45 +0000  1718 bytes for ./assets/assets/images/icons/pretge-vs@3x.png
2025-09-10 08:08:45 +0000  copying file ./assets/assets/images/icons/login_line@2x.png ... 
2025-09-10 08:08:45 +0000  855 bytes for ./assets/assets/images/icons/login_line@2x.png
2025-09-10 08:08:45 +0000  copying file ./assets/assets/images/icons/login_kog@3x.png ... 
2025-09-10 08:08:45 +0000  4703 bytes for ./assets/assets/images/icons/login_kog@3x.png
2025-09-10 08:08:45 +0000  copying file ./assets/assets/images/icons/icon-vertex@2x.png ... 
2025-09-10 08:08:45 +0000  237 bytes for ./assets/assets/images/icons/icon-vertex@2x.png
2025-09-10 08:08:45 +0000  copying file ./assets/assets/images/icons/profileLeadboardRankOne.png ... 
2025-09-10 08:08:45 +0000  1380 bytes for ./assets/assets/images/icons/profileLeadboardRankOne.png
2025-09-10 08:08:45 +0000  copying file ./assets/assets/images/icons/profile_avatar_vip.png ... 
2025-09-10 08:08:45 +0000  1831 bytes for ./assets/assets/images/icons/profile_avatar_vip.png
2025-09-10 08:08:45 +0000  copying file ./assets/assets/images/icons/headmap_top1@2x.png ... 
2025-09-10 08:08:45 +0000  5586 bytes for ./assets/assets/images/icons/headmap_top1@2x.png
2025-09-10 08:08:45 +0000  copying file ./assets/assets/images/icons/social_card_badge@2x.png ... 
2025-09-10 08:08:45 +0000  310165 bytes for ./assets/assets/images/icons/social_card_badge@2x.png
2025-09-10 08:08:45 +0000  copying file ./assets/assets/images/icons/base_icon.png ... 
2025-09-10 08:08:45 +0000  1947 bytes for ./assets/assets/images/icons/base_icon.png
2025-09-10 08:08:45 +0000  copying file ./assets/assets/images/icons/transfer_arrow@2x.png ... 
2025-09-10 08:08:45 +0000  454 bytes for ./assets/assets/images/icons/transfer_arrow@2x.png
2025-09-10 08:08:45 +0000  copying file ./assets/assets/images/icons/Icon-Attention-cover@2x.png ... 
2025-09-10 08:08:45 +0000  548 bytes for ./assets/assets/images/icons/Icon-Attention-cover@2x.png
2025-09-10 08:08:45 +0000  copying file ./assets/assets/images/icons/privy_login_log@2x.png ... 
2025-09-10 08:08:45 +0000  597 bytes for ./assets/assets/images/icons/privy_login_log@2x.png
2025-09-10 08:08:45 +0000  copying file ./assets/assets/images/icons/stake_kaito.png ... 
2025-09-10 08:08:45 +0000  1420 bytes for ./assets/assets/images/icons/stake_kaito.png
2025-09-10 08:08:45 +0000  copying file ./assets/assets/images/icons/login_yapper.png ... 
2025-09-10 08:08:45 +0000  14866 bytes for ./assets/assets/images/icons/login_yapper.png
2025-09-10 08:08:45 +0000  copying file ./assets/assets/images/icons/profile_token.png ... 
2025-09-10 08:08:45 +0000  2177 bytes for ./assets/assets/images/icons/profile_token.png
2025-09-10 08:08:45 +0000  copying file ./assets/assets/images/icons/profile_logout@2x.png ... 
2025-09-10 08:08:45 +0000  384 bytes for ./assets/assets/images/icons/profile_logout@2x.png
2025-09-10 08:08:45 +0000  copying file ./assets/assets/images/icons/transfer_kaito@3x.png ... 
2025-09-10 08:08:45 +0000  3334 bytes for ./assets/assets/images/icons/transfer_kaito@3x.png
2025-09-10 08:08:45 +0000  copying file ./assets/assets/images/icons/profile_right_blue@2x.png ... 
2025-09-10 08:08:45 +0000  304 bytes for ./assets/assets/images/icons/profile_right_blue@2x.png
2025-09-10 08:08:45 +0000  copying file ./assets/assets/images/icons/pretge-top-one@2x.png ... 
2025-09-10 08:08:45 +0000  3154 bytes for ./assets/assets/images/icons/pretge-top-one@2x.png
2025-09-10 08:08:45 +0000  copying file ./assets/assets/images/icons/transfer_skaito@3x.png ... 
2025-09-10 08:08:45 +0000  2474 bytes for ./assets/assets/images/icons/transfer_skaito@3x.png
2025-09-10 08:08:45 +0000  copying file ./assets/assets/images/icons/page-header.png ... 
2025-09-10 08:08:45 +0000  45433 bytes for ./assets/assets/images/icons/page-header.png
2025-09-10 08:08:45 +0000  copying file ./assets/assets/images/icons/privy_log@3x.png ... 
2025-09-10 08:08:45 +0000  429 bytes for ./assets/assets/images/icons/privy_log@3x.png
2025-09-10 08:08:45 +0000  copying file ./assets/assets/images/icons/stake_arraw@3x.png ... 
2025-09-10 08:08:45 +0000  1722 bytes for ./assets/assets/images/icons/stake_arraw@3x.png
2025-09-10 08:08:45 +0000  copying file ./assets/assets/images/icons/login_logo@3x.png ... 
2025-09-10 08:08:45 +0000  1848 bytes for ./assets/assets/images/icons/login_logo@3x.png
2025-09-10 08:08:45 +0000  copying file ./assets/assets/images/icons/stake_failure@2x.png ... 
2025-09-10 08:08:45 +0000  5814 bytes for ./assets/assets/images/icons/stake_failure@2x.png
2025-09-10 08:08:45 +0000  copying file ./assets/assets/images/icons/profileLeadboardRankTwo@2x.png ... 
2025-09-10 08:08:45 +0000  4043 bytes for ./assets/assets/images/icons/profileLeadboardRankTwo@2x.png
2025-09-10 08:08:45 +0000  copying file ./assets/assets/images/icons/triangle_up_green@2x.png ... 
2025-09-10 08:08:45 +0000  225 bytes for ./assets/assets/images/icons/triangle_up_green@2x.png
2025-09-10 08:08:45 +0000  copying file ./assets/assets/images/icons/icon-nft.png ... 
2025-09-10 08:08:45 +0000  3234 bytes for ./assets/assets/images/icons/icon-nft.png
2025-09-10 08:08:45 +0000  copying file ./assets/assets/images/icons/pretge-ai-helper@3x.png ... 
2025-09-10 08:08:45 +0000  1463 bytes for ./assets/assets/images/icons/pretge-ai-helper@3x.png
2025-09-10 08:08:45 +0000  copying file ./assets/assets/images/icons/pretge-top-three@2x.png ... 
2025-09-10 08:08:45 +0000  3174 bytes for ./assets/assets/images/icons/pretge-top-three@2x.png
2025-09-10 08:08:45 +0000  copying file ./assets/assets/images/icons/log_loading_two.png ... 
2025-09-10 08:08:45 +0000  49696 bytes for ./assets/assets/images/icons/log_loading_two.png
2025-09-10 08:08:45 +0000  copying file ./assets/assets/images/icons/pretge-report-icon.png ... 
2025-09-10 08:08:45 +0000  286 bytes for ./assets/assets/images/icons/pretge-report-icon.png
2025-09-10 08:08:45 +0000  copying file ./assets/assets/images/icons/icon-close-alert.png ... 
2025-09-10 08:08:45 +0000  741 bytes for ./assets/assets/images/icons/icon-close-alert.png
2025-09-10 08:08:45 +0000  copying file ./assets/assets/images/icons/icon-address-copy@2x.png ... 
2025-09-10 08:08:45 +0000  394 bytes for ./assets/assets/images/icons/icon-address-copy@2x.png
2025-09-10 08:08:45 +0000  copying file ./assets/assets/images/tabicon/icon-tab-stake-act.png ... 
2025-09-10 08:08:45 +0000  469 bytes for ./assets/assets/images/tabicon/icon-tab-stake-act.png
2025-09-10 08:08:45 +0000  copying file ./assets/assets/images/tabicon/icon-tab-yaps-act@2x.png ... 
2025-09-10 08:08:45 +0000  707 bytes for ./assets/assets/images/tabicon/icon-tab-yaps-act@2x.png
2025-09-10 08:08:45 +0000  copying file ./assets/assets/images/tabicon/icon-tab-stake@3x.png ... 
2025-09-10 08:08:45 +0000  1579 bytes for ./assets/assets/images/tabicon/icon-tab-stake@3x.png
2025-09-10 08:08:45 +0000  copying file ./assets/assets/images/tabicon/icon-tab-stake.png ... 
2025-09-10 08:08:45 +0000  597 bytes for ./assets/assets/images/tabicon/icon-tab-stake.png
copying file ./assets/assets/images/tabicon/icon-tab-profile-act.png ... 
2025-09-10 08:08:45 +0000  349 bytes for ./assets/assets/images/tabicon/icon-tab-profile-act.png
2025-09-10 08:08:45 +0000  copying file ./assets/assets/images/tabicon/icon-tab-stake@2x.png ... 
2025-09-10 08:08:45 +0000  1062 bytes for ./assets/assets/images/tabicon/icon-tab-stake@2x.png
2025-09-10 08:08:45 +0000  copying file ./assets/assets/images/tabicon/icon-tab-yaps-act@3x.png ... 
2025-09-10 08:08:45 +0000  1099 bytes for ./assets/assets/images/tabicon/icon-tab-yaps-act@3x.png
2025-09-10 08:08:45 +0000  copying file ./assets/assets/images/tabicon/icon-tab-profile-act@2x.png ... 
2025-09-10 08:08:45 +0000  657 bytes for ./assets/assets/images/tabicon/icon-tab-profile-act@2x.png
2025-09-10 08:08:45 +0000  copying file ./assets/assets/images/tabicon/icon-tab-profile@3x.png ... 
2025-09-10 08:08:45 +0000  1115 bytes for ./assets/assets/images/tabicon/icon-tab-profile@3x.png
2025-09-10 08:08:45 +0000  copying file ./assets/assets/images/tabicon/icon-tab-yaps@3x.png ... 
2025-09-10 08:08:45 +0000  1259 bytes for ./assets/assets/images/tabicon/icon-tab-yaps@3x.png
2025-09-10 08:08:45 +0000  copying file ./assets/assets/images/tabicon/icon-tab-yaps@2x.png ... 
2025-09-10 08:08:45 +0000  859 bytes for ./assets/assets/images/tabicon/icon-tab-yaps@2x.png
2025-09-10 08:08:45 +0000  copying file ./assets/assets/images/tabicon/icon-tab-pre-tag-act.png ... 
2025-09-10 08:08:45 +0000  407 bytes for ./assets/assets/images/tabicon/icon-tab-pre-tag-act.png
2025-09-10 08:08:45 +0000  copying file ./assets/assets/images/tabicon/icon-tab-profile@2x.png ... 
2025-09-10 08:08:45 +0000  779 bytes for ./assets/assets/images/tabicon/icon-tab-profile@2x.png
2025-09-10 08:08:45 +0000  copying file ./assets/assets/images/tabicon/icon-tab-pre-tag.png ... 
2025-09-10 08:08:45 +0000  501 bytes for ./assets/assets/images/tabicon/icon-tab-pre-tag.png
2025-09-10 08:08:45 +0000  copying file ./assets/assets/images/tabicon/icon-tab-profile-act@3x.png ... 
2025-09-10 08:08:45 +0000  926 bytes for ./assets/assets/images/tabicon/icon-tab-profile-act@3x.png
2025-09-10 08:08:45 +0000  copying file ./assets/assets/images/tabicon/icon-tab-yaps-act.png ... 
2025-09-10 08:08:45 +0000  461 bytes for ./assets/assets/images/tabicon/icon-tab-yaps-act.png
2025-09-10 08:08:45 +0000  copying file ./assets/assets/images/tabicon/icon-tab-yaps.png ... 
2025-09-10 08:08:45 +0000  510 bytes for ./assets/assets/images/tabicon/icon-tab-yaps.png
2025-09-10 08:08:45 +0000  copying file ./assets/assets/images/tabicon/icon-tab-profile.png ... 
2025-09-10 08:08:45 +0000  410 bytes for ./assets/assets/images/tabicon/icon-tab-profile.png
2025-09-10 08:08:45 +0000  copying file ./assets/assets/images/tabicon/icon-tab-pre-tag@3x.png ... 
2025-09-10 08:08:45 +0000  1404 bytes for ./assets/assets/images/tabicon/icon-tab-pre-tag@3x.png
2025-09-10 08:08:45 +0000  copying file ./assets/assets/images/tabicon/icon-tab-stake-act@3x.png ... 
2025-09-10 08:08:45 +0000  1223 bytes for ./assets/assets/images/tabicon/icon-tab-stake-act@3x.png
2025-09-10 08:08:45 +0000  copying file ./assets/assets/images/tabicon/icon-tab-pre-tag-act@2x.png ... 
2025-09-10 08:08:45 +0000  763 bytes for ./assets/assets/images/tabicon/icon-tab-pre-tag-act@2x.png
2025-09-10 08:08:45 +0000  copying file ./assets/assets/images/tabicon/icon-tab-pre-tag-act@3x.png ... 
2025-09-10 08:08:45 +0000  1118 bytes for ./assets/assets/images/tabicon/icon-tab-pre-tag-act@3x.png
2025-09-10 08:08:45 +0000  copying file ./assets/assets/images/tabicon/icon-tab-stake-act@2x.png ... 
2025-09-10 08:08:45 +0000  829 bytes for ./assets/assets/images/tabicon/icon-tab-stake-act@2x.png
2025-09-10 08:08:45 +0000  copying file ./assets/assets/images/tabicon/icon-tab-pre-tag@2x.png ... 
2025-09-10 08:08:45 +0000  942 bytes for ./assets/assets/images/tabicon/icon-tab-pre-tag@2x.png
2025-09-10 08:08:45 +0000  copying file ./assets/assets/images/banner/pre-tge-banner.png ... 
2025-09-10 08:08:45 +0000  35638 bytes for ./assets/assets/images/banner/pre-tge-banner.png
2025-09-10 08:08:45 +0000  copying file ./assets/assets/images/banner/pre-tge-banner@3x.png ... 
2025-09-10 08:08:45 +0000  233433 bytes for ./assets/assets/images/banner/pre-tge-banner@3x.png
2025-09-10 08:08:45 +0000  copying file ./assets/assets/images/banner/pre-tge-banner@2x.png ... 
2025-09-10 08:08:45 +0000  119710 bytes for ./assets/assets/images/banner/pre-tge-banner@2x.png
2025-09-10 08:08:45 +0000  copying file ./assets/assets/images/gif/loading.gif ... 
2025-09-10 08:08:45 +0000  96944 bytes for ./assets/assets/images/gif/loading.gif
2025-09-10 08:08:45 +0000  copying file ./FirebaseCrashlytics_Privacy.bundle/PrivacyInfo.xcprivacy ... 
2025-09-10 08:08:45 +0000  1383 bytes for ./FirebaseCrashlytics_Privacy.bundle/PrivacyInfo.xcprivacy
2025-09-10 08:08:45 +0000  copying file ./FirebaseCrashlytics_Privacy.bundle/Info.plist ... 
2025-09-10 08:08:45 +0000  799 bytes for ./FirebaseCrashlytics_Privacy.bundle/Info.plist
2025-09-10 08:08:45 +0000  copying file ./Info.plist ... 
2025-09-10 08:08:45 +0000  3517 bytes for ./Info.plist
2025-09-10 08:08:45 +0000  copying file ./FirebaseABTesting_Privacy.bundle/PrivacyInfo.xcprivacy ... 
2025-09-10 08:08:45 +0000  478 bytes for ./FirebaseABTesting_Privacy.bundle/PrivacyInfo.xcprivacy
2025-09-10 08:08:45 +0000  copying file ./FirebaseABTesting_Privacy.bundle/Info.plist ... 
2025-09-10 08:08:45 +0000  795 bytes for ./FirebaseABTesting_Privacy.bundle/Info.plist
2025-09-10 08:08:45 +0000  copying file ./Expo.plist ... 
2025-09-10 08:08:45 +0000  225 bytes for ./Expo.plist
2025-09-10 08:08:45 +0000  copying file ./RNCAsyncStorage_resources.bundle/PrivacyInfo.xcprivacy ... 
2025-09-10 08:08:45 +0000  512 bytes for ./RNCAsyncStorage_resources.bundle/PrivacyInfo.xcprivacy
2025-09-10 08:08:45 +0000  copying file ./RNCAsyncStorage_resources.bundle/Info.plist ... 
2025-09-10 08:08:45 +0000  794 bytes for ./RNCAsyncStorage_resources.bundle/Info.plist
2025-09-10 08:08:45 +0000  copying file ./PkgInfo ... 
2025-09-10 08:08:45 +0000  8 bytes for ./PkgInfo
2025-09-10 08:08:45 +0000  copying file ./React-Core_privacy.bundle/PrivacyInfo.xcprivacy ... 
2025-09-10 08:08:45 +0000  768 bytes for ./React-Core_privacy.bundle/PrivacyInfo.xcprivacy
2025-09-10 08:08:45 +0000  copying file ./React-Core_privacy.bundle/Info.plist ... 
2025-09-10 08:08:45 +0000  781 bytes for ./React-Core_privacy.bundle/Info.plist
2025-09-10 08:08:45 +0000  copying file ./Promises_Privacy.bundle/PrivacyInfo.xcprivacy ... 
2025-09-10 08:08:45 +0000  373 bytes for ./Promises_Privacy.bundle/PrivacyInfo.xcprivacy
2025-09-10 08:08:45 +0000  copying file ./Promises_Privacy.bundle/Info.plist ... 
2025-09-10 08:08:45 +0000  775 bytes for ./Promises_Privacy.bundle/Info.plist
2025-09-10 08:08:45 +0000  /usr/bin/ditto exited with 0
2025-09-10 08:08:45 +0000  Processing step: IDEDistributionEmbedProfileStep
2025-09-10 08:08:45 +0000  Skipping profile for item: <IDEDistributionItem: 0x6001305e5200; bundleID='dev.hermesengine.iphoneos', path='<DVTFilePath:0x60012c484ee0:'/Users/daliu_kt/Library/Developer/Xcode/Archives/2025-09-10/KaitoYaps 2025-9-10, 16.07.xcarchive/Products/Applications/KaitoYaps.app/Frameworks/hermes.framework'>', codeSigningInfo='<_DVTCodeSigningInformation_Path: 0x6001305f7300; isSigned='1', isAdHocSigned='0', signingCertificate='<DVTSigningCertificate: 0x6000a5ae6ac0; name='Apple Development: Weizhen Liu (92ZYJ235CY)', hash='1B80A1C033215B30374C325C71679855C6C57F7A', serialNumber='1BB178DE3D42360369907A4E98723873', certificateKinds='(
    "1.2.840.113635.100.6.1.12",
    "1.2.840.113635.100.6.1.2"
), issueDate='2025-08-21 07:50:43 +0000''>', entitlements='(null)', teamID='358UF6MCG5', identifier='dev.hermesengine.iphoneos', executablePath='<DVTFilePath:0x600130a12160:'/Users/daliu_kt/Library/Developer/Xcode/Archives/2025-09-10/KaitoYaps 2025-9-10, 16.07.xcarchive/Products/Applications/KaitoYaps.app/Frameworks/hermes.framework/hermes'>', hardenedRuntime='0'>'>
2025-09-10 08:08:45 +0000  Processing step: IDEDistributionInfoPlistStep
2025-09-10 08:08:45 +0000  Skipping step: IDEDistributionInfoPlistStep because it said so
2025-09-10 08:08:45 +0000  Skipping step: IDEDistributionInfoPlistStep because it said so
2025-09-10 08:08:45 +0000  Processing step: IDEDistributionAppThinningPlistStep
2025-09-10 08:08:45 +0000  Skipping step: IDEDistributionAppThinningPlistStep because it said so
2025-09-10 08:08:45 +0000  Processing step: IDEDistributionSymbolsStep
2025-09-10 08:08:45 +0000  Skipping step: IDEDistributionSymbolsStep because it said so
2025-09-10 08:08:45 +0000  Processing step: IDEDistributionAppThinningStep
2025-09-10 08:08:45 +0000  Skipping step: IDEDistributionAppThinningStep because it said so
2025-09-10 08:08:45 +0000  Processing step: IDEDistributionArchThinningStep
2025-09-10 08:08:45 +0000  Item /Users/daliu_kt/Library/Developer/Xcode/Archives/2025-09-10/KaitoYaps 2025-9-10, 16.07.xcarchive/Products/Applications/KaitoYaps.app/Frameworks/hermes.framework doesn't have the entitlement com.apple.developer.web-browser-engine.host enabled, returning ["arm64e"]
2025-09-10 08:08:45 +0000  Archs to thin for item /Users/daliu_kt/Library/Developer/Xcode/Archives/2025-09-10/KaitoYaps 2025-9-10, 16.07.xcarchive/Products/Applications/KaitoYaps.app/Frameworks/hermes.framework are ["arm64e"]
2025-09-10 08:08:45 +0000  Running /Applications/Xcode.app/Contents/Developer/Toolchains/XcodeDefault.xctoolchain/usr/bin/lipo '/var/folders/c8/_pmcyjjd4mgb5d0mwrt5f32c0000gn/T/XcodeDistPipeline.~~~fkRMLk/Root/Payload/KaitoYaps.app/Frameworks/hermes.framework/hermes' '-verify_arch' 'arm64e'
2025-09-10 08:08:45 +0000  /Applications/Xcode.app/Contents/Developer/Toolchains/XcodeDefault.xctoolchain/usr/bin/lipo exited with 1
2025-09-10 08:08:45 +0000  Skipping architecture thinning for item "hermes" because arch "arm64e" wasn't found
2025-09-10 08:08:45 +0000  Item /Users/daliu_kt/Library/Developer/Xcode/Archives/2025-09-10/KaitoYaps 2025-9-10, 16.07.xcarchive/Products/Applications/KaitoYaps.app doesn't have the entitlement com.apple.developer.web-browser-engine.host enabled, returning ["arm64e"]
2025-09-10 08:08:45 +0000  Archs to thin for item /Users/daliu_kt/Library/Developer/Xcode/Archives/2025-09-10/KaitoYaps 2025-9-10, 16.07.xcarchive/Products/Applications/KaitoYaps.app are ["arm64e"]
2025-09-10 08:08:45 +0000  Running /Applications/Xcode.app/Contents/Developer/Toolchains/XcodeDefault.xctoolchain/usr/bin/lipo '/var/folders/c8/_pmcyjjd4mgb5d0mwrt5f32c0000gn/T/XcodeDistPipeline.~~~fkRMLk/Root/Payload/KaitoYaps.app/KaitoYaps' '-verify_arch' 'arm64e'
2025-09-10 08:08:45 +0000  /Applications/Xcode.app/Contents/Developer/Toolchains/XcodeDefault.xctoolchain/usr/bin/lipo exited with 1
2025-09-10 08:08:45 +0000  Skipping architecture thinning for item "KaitoYaps" because arch "arm64e" wasn't found
2025-09-10 08:08:45 +0000  Processing step: IDEDistributionODRStep
2025-09-10 08:08:45 +0000  Processing step: IDEDistributionStripXattrsStep
2025-09-10 08:08:45 +0000  Skipping stripping extended attributes because the codesign step will strip them.
2025-09-10 08:08:45 +0000  Skipping stripping extended attributes because the codesign step will strip them.
2025-09-10 08:08:45 +0000  Processing step: IDEDistributionCodesignStep
2025-09-10 08:08:45 +0000  Entitlements for <IDEDistributionItem: 0x6001305e5200; bundleID='dev.hermesengine.iphoneos', path='<DVTFilePath:0x60012c484ee0:'/Users/daliu_kt/Library/Developer/Xcode/Archives/2025-09-10/KaitoYaps 2025-9-10, 16.07.xcarchive/Products/Applications/KaitoYaps.app/Frameworks/hermes.framework'>', codeSigningInfo='<_DVTCodeSigningInformation_Path: 0x6001305f7300; isSigned='1', isAdHocSigned='0', signingCertificate='<DVTSigningCertificate: 0x6000a5ae6ac0; name='Apple Development: Weizhen Liu (92ZYJ235CY)', hash='1B80A1C033215B30374C325C71679855C6C57F7A', serialNumber='1BB178DE3D42360369907A4E98723873', certificateKinds='(
    "1.2.840.113635.100.6.1.12",
    "1.2.840.113635.100.6.1.2"
), issueDate='2025-08-21 07:50:43 +0000''>', entitlements='(null)', teamID='358UF6MCG5', identifier='dev.hermesengine.iphoneos', executablePath='<DVTFilePath:0x600130a12160:'/Users/daliu_kt/Library/Developer/Xcode/Archives/2025-09-10/KaitoYaps 2025-9-10, 16.07.xcarchive/Products/Applications/KaitoYaps.app/Frameworks/hermes.framework/hermes'>', hardenedRuntime='0'>'>: {
}
2025-09-10 08:08:45 +0000  Associated App Clip Identifiers Filter: Skipping because "com.apple.developer.associated-appclip-app-identifiers" is not present
2025-09-10 08:08:45 +0000  Entitlements for <IDEDistributionItem: 0x6001305e5200; bundleID='dev.hermesengine.iphoneos', path='<DVTFilePath:0x60012c484ee0:'/Users/daliu_kt/Library/Developer/Xcode/Archives/2025-09-10/KaitoYaps 2025-9-10, 16.07.xcarchive/Products/Applications/KaitoYaps.app/Frameworks/hermes.framework'>', codeSigningInfo='<_DVTCodeSigningInformation_Path: 0x6001305f7300; isSigned='1', isAdHocSigned='0', signingCertificate='<DVTSigningCertificate: 0x6000a5ae6ac0; name='Apple Development: Weizhen Liu (92ZYJ235CY)', hash='1B80A1C033215B30374C325C71679855C6C57F7A', serialNumber='1BB178DE3D42360369907A4E98723873', certificateKinds='(
    "1.2.840.113635.100.6.1.12",
    "1.2.840.113635.100.6.1.2"
), issueDate='2025-08-21 07:50:43 +0000''>', entitlements='(null)', teamID='358UF6MCG5', identifier='dev.hermesengine.iphoneos', executablePath='<DVTFilePath:0x600130a12160:'/Users/daliu_kt/Library/Developer/Xcode/Archives/2025-09-10/KaitoYaps 2025-9-10, 16.07.xcarchive/Products/Applications/KaitoYaps.app/Frameworks/hermes.framework/hermes'>', hardenedRuntime='0'>'> are: {
}
2025-09-10 08:08:45 +0000  Writing entitlements for <IDEDistributionItem: 0x6001305e5200; bundleID='dev.hermesengine.iphoneos', path='<DVTFilePath:0x60012c484ee0:'/Users/daliu_kt/Library/Developer/Xcode/Archives/2025-09-10/KaitoYaps 2025-9-10, 16.07.xcarchive/Products/Applications/KaitoYaps.app/Frameworks/hermes.framework'>', codeSigningInfo='<_DVTCodeSigningInformation_Path: 0x6001305f7300; isSigned='1', isAdHocSigned='0', signingCertificate='<DVTSigningCertificate: 0x6000a5ae6ac0; name='Apple Development: Weizhen Liu (92ZYJ235CY)', hash='1B80A1C033215B30374C325C71679855C6C57F7A', serialNumber='1BB178DE3D42360369907A4E98723873', certificateKinds='(
    "1.2.840.113635.100.6.1.12",
    "1.2.840.113635.100.6.1.2"
), issueDate='2025-08-21 07:50:43 +0000''>', entitlements='(null)', teamID='358UF6MCG5', identifier='dev.hermesengine.iphoneos', executablePath='<DVTFilePath:0x600130a12160:'/Users/daliu_kt/Library/Developer/Xcode/Archives/2025-09-10/KaitoYaps 2025-9-10, 16.07.xcarchive/Products/Applications/KaitoYaps.app/Frameworks/hermes.framework/hermes'>', hardenedRuntime='0'>'> to: /var/folders/c8/_pmcyjjd4mgb5d0mwrt5f32c0000gn/T/XcodeDistPipeline.~~~fkRMLk/entitlements~~~jdnaVj
2025-09-10 08:08:45 +0000  invoking codesign: <NSConcreteTask: 0x600110fa4af0; launchPath='/usr/bin/codesign', arguments='(
    "-f",
    "-s",
    68183B48A146CA876241BD0D1C1856788188F640,
    "--entitlements",
    "/var/folders/c8/_pmcyjjd4mgb5d0mwrt5f32c0000gn/T/XcodeDistPipeline.~~~fkRMLk/entitlements~~~jdnaVj",
    "--preserve-metadata=identifier,flags,runtime",
    "--generate-entitlement-der",
    "--strip-disallowed-xattrs",
    "-vvv",
    "/var/folders/c8/_pmcyjjd4mgb5d0mwrt5f32c0000gn/T/XcodeDistPipeline.~~~fkRMLk/Root/Payload/KaitoYaps.app/Frameworks/hermes.framework"
)'>
2025-09-10 08:08:46 +0000  codesign output: /var/folders/c8/_pmcyjjd4mgb5d0mwrt5f32c0000gn/T/XcodeDistPipeline.~~~fkRMLk/Root/Payload/KaitoYaps.app/Frameworks/hermes.framework: replacing existing signature
/var/folders/c8/_pmcyjjd4mgb5d0mwrt5f32c0000gn/T/XcodeDistPipeline.~~~fkRMLk/Root/Payload/KaitoYaps.app/Frameworks/hermes.framework: signed bundle with Mach-O thin (arm64) [dev.hermesengine.iphoneos]
2025-09-10 08:08:46 +0000  Entitlements for <IDEDistributionItem: 0x6001305f79c0; bundleID='ai.kaito.kaitoyaps', path='<DVTFilePath:0x600130a2a4c0:'/Users/daliu_kt/Library/Developer/Xcode/Archives/2025-09-10/KaitoYaps 2025-9-10, 16.07.xcarchive/Products/Applications/KaitoYaps.app'>', codeSigningInfo='<_DVTCodeSigningInformation_Path: 0x6001305a4060; isSigned='1', isAdHocSigned='0', signingCertificate='<DVTSigningCertificate: 0x6000a153cd80; name='Apple Development: Weizhen Liu (92ZYJ235CY)', hash='1B80A1C033215B30374C325C71679855C6C57F7A', serialNumber='1BB178DE3D42360369907A4E98723873', certificateKinds='(
    "1.2.840.113635.100.6.1.12",
    "1.2.840.113635.100.6.1.2"
), issueDate='2025-08-21 07:50:43 +0000''>', entitlements='{
    "application-identifier" = "358UF6MCG5.ai.kaito.kaitoyaps";
    "com.apple.developer.team-identifier" = 358UF6MCG5;
    "get-task-allow" = 1;
}', teamID='358UF6MCG5', identifier='ai.kaito.kaitoyaps', executablePath='<DVTFilePath:0x600130a273c0:'/Users/daliu_kt/Library/Developer/Xcode/Archives/2025-09-10/KaitoYaps 2025-9-10, 16.07.xcarchive/Products/Applications/KaitoYaps.app/KaitoYaps'>', hardenedRuntime='0'>'>: {
    "application-identifier" = "358UF6MCG5.ai.kaito.kaitoyaps";
    "com.apple.developer.team-identifier" = 358UF6MCG5;
    "get-task-allow" = 0;
}
2025-09-10 08:08:46 +0000  Associated App Clip Identifiers Filter: Skipping because "com.apple.developer.associated-appclip-app-identifiers" is not present
2025-09-10 08:08:46 +0000  Entitlements for <IDEDistributionItem: 0x6001305f79c0; bundleID='ai.kaito.kaitoyaps', path='<DVTFilePath:0x600130a2a4c0:'/Users/daliu_kt/Library/Developer/Xcode/Archives/2025-09-10/KaitoYaps 2025-9-10, 16.07.xcarchive/Products/Applications/KaitoYaps.app'>', codeSigningInfo='<_DVTCodeSigningInformation_Path: 0x6001305a4060; isSigned='1', isAdHocSigned='0', signingCertificate='<DVTSigningCertificate: 0x6000a153cd80; name='Apple Development: Weizhen Liu (92ZYJ235CY)', hash='1B80A1C033215B30374C325C71679855C6C57F7A', serialNumber='1BB178DE3D42360369907A4E98723873', certificateKinds='(
    "1.2.840.113635.100.6.1.12",
    "1.2.840.113635.100.6.1.2"
), issueDate='2025-08-21 07:50:43 +0000''>', entitlements='{
    "application-identifier" = "358UF6MCG5.ai.kaito.kaitoyaps";
    "com.apple.developer.team-identifier" = 358UF6MCG5;
    "get-task-allow" = 1;
}', teamID='358UF6MCG5', identifier='ai.kaito.kaitoyaps', executablePath='<DVTFilePath:0x600130a273c0:'/Users/daliu_kt/Library/Developer/Xcode/Archives/2025-09-10/KaitoYaps 2025-9-10, 16.07.xcarchive/Products/Applications/KaitoYaps.app/KaitoYaps'>', hardenedRuntime='0'>'> are: {
    "application-identifier" = "358UF6MCG5.ai.kaito.kaitoyaps";
    "com.apple.developer.team-identifier" = 358UF6MCG5;
    "get-task-allow" = 0;
}
2025-09-10 08:08:46 +0000  Writing entitlements for <IDEDistributionItem: 0x6001305f79c0; bundleID='ai.kaito.kaitoyaps', path='<DVTFilePath:0x600130a2a4c0:'/Users/daliu_kt/Library/Developer/Xcode/Archives/2025-09-10/KaitoYaps 2025-9-10, 16.07.xcarchive/Products/Applications/KaitoYaps.app'>', codeSigningInfo='<_DVTCodeSigningInformation_Path: 0x6001305a4060; isSigned='1', isAdHocSigned='0', signingCertificate='<DVTSigningCertificate: 0x6000a153cd80; name='Apple Development: Weizhen Liu (92ZYJ235CY)', hash='1B80A1C033215B30374C325C71679855C6C57F7A', serialNumber='1BB178DE3D42360369907A4E98723873', certificateKinds='(
    "1.2.840.113635.100.6.1.12",
    "1.2.840.113635.100.6.1.2"
), issueDate='2025-08-21 07:50:43 +0000''>', entitlements='{
    "application-identifier" = "358UF6MCG5.ai.kaito.kaitoyaps";
    "com.apple.developer.team-identifier" = 358UF6MCG5;
    "get-task-allow" = 1;
}', teamID='358UF6MCG5', identifier='ai.kaito.kaitoyaps', executablePath='<DVTFilePath:0x600130a273c0:'/Users/daliu_kt/Library/Developer/Xcode/Archives/2025-09-10/KaitoYaps 2025-9-10, 16.07.xcarchive/Products/Applications/KaitoYaps.app/KaitoYaps'>', hardenedRuntime='0'>'> to: /var/folders/c8/_pmcyjjd4mgb5d0mwrt5f32c0000gn/T/XcodeDistPipeline.~~~fkRMLk/entitlements~~~FVs4r8
2025-09-10 08:08:46 +0000  invoking codesign: <NSConcreteTask: 0x600110fd00f0; launchPath='/usr/bin/codesign', arguments='(
    "-f",
    "-s",
    68183B48A146CA876241BD0D1C1856788188F640,
    "--entitlements",
    "/var/folders/c8/_pmcyjjd4mgb5d0mwrt5f32c0000gn/T/XcodeDistPipeline.~~~fkRMLk/entitlements~~~FVs4r8",
    "--preserve-metadata=identifier,flags,runtime",
    "--generate-entitlement-der",
    "--strip-disallowed-xattrs",
    "-vvv",
    "/var/folders/c8/_pmcyjjd4mgb5d0mwrt5f32c0000gn/T/XcodeDistPipeline.~~~fkRMLk/Root/Payload/KaitoYaps.app"
)'>
2025-09-10 08:08:46 +0000  codesign output: /var/folders/c8/_pmcyjjd4mgb5d0mwrt5f32c0000gn/T/XcodeDistPipeline.~~~fkRMLk/Root/Payload/KaitoYaps.app: replacing existing signature
/var/folders/c8/_pmcyjjd4mgb5d0mwrt5f32c0000gn/T/XcodeDistPipeline.~~~fkRMLk/Root/Payload/KaitoYaps.app: signed app bundle with Mach-O thin (arm64) [ai.kaito.kaitoyaps]
2025-09-10 08:08:46 +0000  Processing step: IDEDistributionZipODRItemStep
2025-09-10 08:08:46 +0000  Skipping step: IDEDistributionZipODRItemStep because it said so
2025-09-10 08:08:46 +0000  Skipping step: IDEDistributionZipODRItemStep because it said so
2025-09-10 08:08:46 +0000  Processing step: IDEDistributionCreateIPAStep
2025-09-10 08:08:46 +0000  Running /usr/bin/ditto '-V' '-c' '-k' '--norsrc' '/var/folders/c8/_pmcyjjd4mgb5d0mwrt5f32c0000gn/T/XcodeDistPipeline.~~~fkRMLk/Root' '/var/folders/c8/_pmcyjjd4mgb5d0mwrt5f32c0000gn/T/XcodeDistPipeline.~~~fkRMLk/Packages/KaitoYaps.ipa'
2025-09-10 08:08:46 +0000  >>> Copying /var/folders/c8/_pmcyjjd4mgb5d0mwrt5f32c0000gn/T/XcodeDistPipeline.~~~fkRMLk/Root 
2025-09-10 08:08:46 +0000  copying file ./Payload/KaitoYaps.app/_CodeSignature/CodeResources ... 
2025-09-10 08:08:46 +0000  105133 bytes for ./Payload/KaitoYaps.app/_CodeSignature/CodeResources
2025-09-10 08:08:46 +0000  copying file ./Payload/KaitoYaps.app/KaitoYaps ... 
2025-09-10 08:08:46 +0000  21718384 bytes for ./Payload/KaitoYaps.app/KaitoYaps
2025-09-10 08:08:46 +0000  copying file ./Payload/KaitoYaps.app/FirebaseCore_Privacy.bundle/PrivacyInfo.xcprivacy ... 
2025-09-10 08:08:46 +0000  855 bytes for ./Payload/KaitoYaps.app/FirebaseCore_Privacy.bundle/PrivacyInfo.xcprivacy
copying file ./Payload/KaitoYaps.app/FirebaseCore_Privacy.bundle/Info.plist ... 
2025-09-10 08:08:46 +0000  785 bytes for ./Payload/KaitoYaps.app/FirebaseCore_Privacy.bundle/Info.plist
2025-09-10 08:08:46 +0000  copying file ./Payload/KaitoYaps.app/SplashScreen.storyboardc/EXPO-VIEWCONTROLLER-1-view-EXPO-ContainerView.nib ... 
2025-09-10 08:08:46 +0000  2108 bytes for ./Payload/KaitoYaps.app/SplashScreen.storyboardc/EXPO-VIEWCONTROLLER-1-view-EXPO-ContainerView.nib
2025-09-10 08:08:46 +0000  copying file ./Payload/KaitoYaps.app/SplashScreen.storyboardc/SplashScreenViewController.nib ... 
2025-09-10 08:08:46 +0000  1004 bytes for ./Payload/KaitoYaps.app/SplashScreen.storyboardc/SplashScreenViewController.nib
copying file ./Payload/KaitoYaps.app/SplashScreen.storyboardc/Info.plist ... 
2025-09-10 08:08:46 +0000  225 bytes for ./Payload/KaitoYaps.app/SplashScreen.storyboardc/Info.plist
2025-09-10 08:08:46 +0000  copying file ./Payload/KaitoYaps.app/EXUpdates.bundle/app.manifest ... 
2025-09-10 08:08:46 +0000  69317 bytes for ./Payload/KaitoYaps.app/EXUpdates.bundle/app.manifest
2025-09-10 08:08:46 +0000  copying file ./Payload/KaitoYaps.app/EXUpdates.bundle/Info.plist ... 
2025-09-10 08:08:46 +0000  762 bytes for ./Payload/KaitoYaps.app/EXUpdates.bundle/Info.plist
2025-09-10 08:08:46 +0000  copying file ./Payload/KaitoYaps.app/FirebaseRemoteConfig_Privacy.bundle/PrivacyInfo.xcprivacy ... 
2025-09-10 08:08:46 +0000  1482 bytes for ./Payload/KaitoYaps.app/FirebaseRemoteConfig_Privacy.bundle/PrivacyInfo.xcprivacy
copying file ./Payload/KaitoYaps.app/FirebaseRemoteConfig_Privacy.bundle/Info.plist ... 
2025-09-10 08:08:46 +0000  801 bytes for ./Payload/KaitoYaps.app/FirebaseRemoteConfig_Privacy.bundle/Info.plist
2025-09-10 08:08:46 +0000  copying file ./Payload/KaitoYaps.app/ExpoSystemUI_privacy.bundle/PrivacyInfo.xcprivacy ... 
2025-09-10 08:08:46 +0000  607 bytes for ./Payload/KaitoYaps.app/ExpoSystemUI_privacy.bundle/PrivacyInfo.xcprivacy
2025-09-10 08:08:46 +0000  copying file ./Payload/KaitoYaps.app/ExpoSystemUI_privacy.bundle/Info.plist ... 
2025-09-10 08:08:46 +0000  785 bytes for ./Payload/KaitoYaps.app/ExpoSystemUI_privacy.bundle/Info.plist
2025-09-10 08:08:46 +0000  copying file ./Payload/KaitoYaps.app/ReachabilitySwift.bundle/PrivacyInfo.xcprivacy ... 
2025-09-10 08:08:46 +0000  228 bytes for ./Payload/KaitoYaps.app/ReachabilitySwift.bundle/PrivacyInfo.xcprivacy
2025-09-10 08:08:46 +0000  copying file ./Payload/KaitoYaps.app/ReachabilitySwift.bundle/Info.plist ... 
2025-09-10 08:08:46 +0000  778 bytes for ./Payload/KaitoYaps.app/ReachabilitySwift.bundle/Info.plist
2025-09-10 08:08:46 +0000  copying file ./Payload/KaitoYaps.app/glog_privacy.bundle/Info.plist ... 
2025-09-10 08:08:46 +0000  766 bytes for ./Payload/KaitoYaps.app/glog_privacy.bundle/Info.plist
2025-09-10 08:08:46 +0000  copying file ./Payload/KaitoYaps.app/FBLPromises_Privacy.bundle/PrivacyInfo.xcprivacy ... 
2025-09-10 08:08:46 +0000  373 bytes for ./Payload/KaitoYaps.app/FBLPromises_Privacy.bundle/PrivacyInfo.xcprivacy
2025-09-10 08:08:46 +0000  copying file ./Payload/KaitoYaps.app/FBLPromises_Privacy.bundle/Info.plist ... 
2025-09-10 08:08:46 +0000  781 bytes for ./Payload/KaitoYaps.app/FBLPromises_Privacy.bundle/Info.plist
2025-09-10 08:08:46 +0000  copying file ./Payload/KaitoYaps.app/AppIcon60x60@2x.png ... 
2025-09-10 08:08:46 +0000  6415 bytes for ./Payload/KaitoYaps.app/AppIcon60x60@2x.png
2025-09-10 08:08:46 +0000  copying file ./Payload/KaitoYaps.app/ExpoConstants_privacy.bundle/PrivacyInfo.xcprivacy ... 
2025-09-10 08:08:46 +0000  607 bytes for ./Payload/KaitoYaps.app/ExpoConstants_privacy.bundle/PrivacyInfo.xcprivacy
2025-09-10 08:08:46 +0000  copying file ./Payload/KaitoYaps.app/ExpoConstants_privacy.bundle/Info.plist ... 
2025-09-10 08:08:46 +0000  787 bytes for ./Payload/KaitoYaps.app/ExpoConstants_privacy.bundle/Info.plist
2025-09-10 08:08:46 +0000  copying file ./Payload/KaitoYaps.app/FirebaseCoreInternal_Privacy.bundle/PrivacyInfo.xcprivacy ... 
2025-09-10 08:08:46 +0000  855 bytes for ./Payload/KaitoYaps.app/FirebaseCoreInternal_Privacy.bundle/PrivacyInfo.xcprivacy
2025-09-10 08:08:46 +0000  copying file ./Payload/KaitoYaps.app/FirebaseCoreInternal_Privacy.bundle/Info.plist ... 
2025-09-10 08:08:46 +0000  801 bytes for ./Payload/KaitoYaps.app/FirebaseCoreInternal_Privacy.bundle/Info.plist
2025-09-10 08:08:46 +0000  copying file ./Payload/KaitoYaps.app/GoogleDataTransport_Privacy.bundle/PrivacyInfo.xcprivacy ... 
2025-09-10 08:08:46 +0000  1105 bytes for ./Payload/KaitoYaps.app/GoogleDataTransport_Privacy.bundle/PrivacyInfo.xcprivacy
2025-09-10 08:08:46 +0000  copying file ./Payload/KaitoYaps.app/GoogleDataTransport_Privacy.bundle/Info.plist ... 
2025-09-10 08:08:46 +0000  799 bytes for ./Payload/KaitoYaps.app/GoogleDataTransport_Privacy.bundle/Info.plist
2025-09-10 08:08:46 +0000  copying file ./Payload/KaitoYaps.app/React-cxxreact_privacy.bundle/PrivacyInfo.xcprivacy ... 
2025-09-10 08:08:46 +0000  552 bytes for ./Payload/KaitoYaps.app/React-cxxreact_privacy.bundle/PrivacyInfo.xcprivacy
2025-09-10 08:08:46 +0000  copying file ./Payload/KaitoYaps.app/React-cxxreact_privacy.bundle/Info.plist ... 
2025-09-10 08:08:46 +0000  789 bytes for ./Payload/KaitoYaps.app/React-cxxreact_privacy.bundle/Info.plist
2025-09-10 08:08:46 +0000  copying file ./Payload/KaitoYaps.app/nanopb_Privacy.bundle/PrivacyInfo.xcprivacy ... 
2025-09-10 08:08:46 +0000  374 bytes for ./Payload/KaitoYaps.app/nanopb_Privacy.bundle/PrivacyInfo.xcprivacy
copying file ./Payload/KaitoYaps.app/nanopb_Privacy.bundle/Info.plist ... 
2025-09-10 08:08:46 +0000  774 bytes for ./Payload/KaitoYaps.app/nanopb_Privacy.bundle/Info.plist
2025-09-10 08:08:46 +0000  copying file ./Payload/KaitoYaps.app/GoogleService-Info.plist ... 
2025-09-10 08:08:46 +0000  480 bytes for ./Payload/KaitoYaps.app/GoogleService-Info.plist
2025-09-10 08:08:46 +0000  copying file ./Payload/KaitoYaps.app/FirebaseCoreExtension_Privacy.bundle/PrivacyInfo.xcprivacy ... 
2025-09-10 08:08:46 +0000  478 bytes for ./Payload/KaitoYaps.app/FirebaseCoreExtension_Privacy.bundle/PrivacyInfo.xcprivacy
2025-09-10 08:08:46 +0000  copying file ./Payload/KaitoYaps.app/FirebaseCoreExtension_Privacy.bundle/Info.plist ... 
2025-09-10 08:08:46 +0000  803 bytes for ./Payload/KaitoYaps.app/FirebaseCoreExtension_Privacy.bundle/Info.plist
2025-09-10 08:08:46 +0000  copying file ./Payload/KaitoYaps.app/ExpoApplication_privacy.bundle/PrivacyInfo.xcprivacy ... 
2025-09-10 08:08:46 +0000  608 bytes for ./Payload/KaitoYaps.app/ExpoApplication_privacy.bundle/PrivacyInfo.xcprivacy
2025-09-10 08:08:46 +0000  copying file ./Payload/KaitoYaps.app/ExpoApplication_privacy.bundle/Info.plist ... 
2025-09-10 08:08:46 +0000  790 bytes for ./Payload/KaitoYaps.app/ExpoApplication_privacy.bundle/Info.plist
2025-09-10 08:08:46 +0000  copying file ./Payload/KaitoYaps.app/RCT-Folly_privacy.bundle/Info.plist ... 
2025-09-10 08:08:46 +0000  783 bytes for ./Payload/KaitoYaps.app/RCT-Folly_privacy.bundle/Info.plist
2025-09-10 08:08:46 +0000  copying file ./Payload/KaitoYaps.app/Assets.car ... 
2025-09-10 08:08:46 +0000  158016 bytes for ./Payload/KaitoYaps.app/Assets.car
2025-09-10 08:08:46 +0000  copying file ./Payload/KaitoYaps.app/FirebaseInstallations_Privacy.bundle/PrivacyInfo.xcprivacy ... 
2025-09-10 08:08:46 +0000  1105 bytes for ./Payload/KaitoYaps.app/FirebaseInstallations_Privacy.bundle/PrivacyInfo.xcprivacy
2025-09-10 08:08:46 +0000  copying file ./Payload/KaitoYaps.app/FirebaseInstallations_Privacy.bundle/Info.plist ... 
2025-09-10 08:08:46 +0000  803 bytes for ./Payload/KaitoYaps.app/FirebaseInstallations_Privacy.bundle/Info.plist
2025-09-10 08:08:46 +0000  copying file ./Payload/KaitoYaps.app/AppIcon76x76@2x~ipad.png ... 
2025-09-10 08:08:46 +0000  7769 bytes for ./Payload/KaitoYaps.app/AppIcon76x76@2x~ipad.png
2025-09-10 08:08:46 +0000  copying file ./Payload/KaitoYaps.app/GoogleUtilities_Privacy.bundle/PrivacyInfo.xcprivacy ... 
2025-09-10 08:08:46 +0000  1233 bytes for ./Payload/KaitoYaps.app/GoogleUtilities_Privacy.bundle/PrivacyInfo.xcprivacy
2025-09-10 08:08:46 +0000  copying file ./Payload/KaitoYaps.app/GoogleUtilities_Privacy.bundle/Info.plist ... 
2025-09-10 08:08:46 +0000  790 bytes for ./Payload/KaitoYaps.app/GoogleUtilities_Privacy.bundle/Info.plist
2025-09-10 08:08:46 +0000  copying file ./Payload/KaitoYaps.app/main.jsbundle ... 
2025-09-10 08:08:47 +0000  22903092 bytes for ./Payload/KaitoYaps.app/main.jsbundle
2025-09-10 08:08:47 +0000  copying file ./Payload/KaitoYaps.app/EXConstants.bundle/app.config ... 
2025-09-10 08:08:47 +0000  1623 bytes for ./Payload/KaitoYaps.app/EXConstants.bundle/app.config
copying file ./Payload/KaitoYaps.app/EXConstants.bundle/Info.plist ... 
2025-09-10 08:08:47 +0000  765 bytes for ./Payload/KaitoYaps.app/EXConstants.bundle/Info.plist
2025-09-10 08:08:47 +0000  copying file ./Payload/KaitoYaps.app/SDWebImage.bundle/PrivacyInfo.xcprivacy ... 
2025-09-10 08:08:47 +0000  599 bytes for ./Payload/KaitoYaps.app/SDWebImage.bundle/PrivacyInfo.xcprivacy
2025-09-10 08:08:47 +0000  copying file ./Payload/KaitoYaps.app/SDWebImage.bundle/Info.plist ... 
2025-09-10 08:08:47 +0000  762 bytes for ./Payload/KaitoYaps.app/SDWebImage.bundle/Info.plist
copying file ./Payload/KaitoYaps.app/PrivacyInfo.xcprivacy ... 
2025-09-10 08:08:47 +0000  1339 bytes for ./Payload/KaitoYaps.app/PrivacyInfo.xcprivacy
2025-09-10 08:08:47 +0000  copying file ./Payload/KaitoYaps.app/ExpoMediaLibrary_privacy.bundle/PrivacyInfo.xcprivacy ... 
2025-09-10 08:08:47 +0000  608 bytes for ./Payload/KaitoYaps.app/ExpoMediaLibrary_privacy.bundle/PrivacyInfo.xcprivacy
2025-09-10 08:08:47 +0000  copying file ./Payload/KaitoYaps.app/ExpoMediaLibrary_privacy.bundle/Info.plist ... 
2025-09-10 08:08:47 +0000  793 bytes for ./Payload/KaitoYaps.app/ExpoMediaLibrary_privacy.bundle/Info.plist
2025-09-10 08:08:47 +0000  copying file ./Payload/KaitoYaps.app/RNSVGFilters.bundle/RNSVGArithmeticFilter.iphoneos.metallib ... 
2025-09-10 08:08:47 +0000  3993 bytes for ./Payload/KaitoYaps.app/RNSVGFilters.bundle/RNSVGArithmeticFilter.iphoneos.metallib
2025-09-10 08:08:47 +0000  copying file ./Payload/KaitoYaps.app/RNSVGFilters.bundle/RNSVGCompositeXor.iphoneos.metallib ... 
2025-09-10 08:08:47 +0000  3509 bytes for ./Payload/KaitoYaps.app/RNSVGFilters.bundle/RNSVGCompositeXor.iphoneos.metallib
2025-09-10 08:08:47 +0000  copying file ./Payload/KaitoYaps.app/RNSVGFilters.bundle/Info.plist ... 
2025-09-10 08:08:47 +0000  768 bytes for ./Payload/KaitoYaps.app/RNSVGFilters.bundle/Info.plist
2025-09-10 08:08:47 +0000  copying file ./Payload/KaitoYaps.app/ExpoFileSystem_privacy.bundle/PrivacyInfo.xcprivacy ... 
2025-09-10 08:08:47 +0000  877 bytes for ./Payload/KaitoYaps.app/ExpoFileSystem_privacy.bundle/PrivacyInfo.xcprivacy
2025-09-10 08:08:47 +0000  copying file ./Payload/KaitoYaps.app/ExpoFileSystem_privacy.bundle/Info.plist ... 
2025-09-10 08:08:47 +0000  790 bytes for ./Payload/KaitoYaps.app/ExpoFileSystem_privacy.bundle/Info.plist
2025-09-10 08:08:47 +0000  copying file ./Payload/KaitoYaps.app/boost_privacy.bundle/Info.plist ... 
2025-09-10 08:08:47 +0000  769 bytes for ./Payload/KaitoYaps.app/boost_privacy.bundle/Info.plist
2025-09-10 08:08:47 +0000  copying file ./Payload/KaitoYaps.app/Frameworks/hermes.framework/_CodeSignature/CodeResources ... 
2025-09-10 08:08:47 +0000  1798 bytes for ./Payload/KaitoYaps.app/Frameworks/hermes.framework/_CodeSignature/CodeResources
2025-09-10 08:08:47 +0000  copying file ./Payload/KaitoYaps.app/Frameworks/hermes.framework/hermes ... 
2025-09-10 08:08:47 +0000  4673168 bytes for ./Payload/KaitoYaps.app/Frameworks/hermes.framework/hermes
2025-09-10 08:08:47 +0000  copying file ./Payload/KaitoYaps.app/Frameworks/hermes.framework/Info.plist ... 
2025-09-10 08:08:47 +0000  859 bytes for ./Payload/KaitoYaps.app/Frameworks/hermes.framework/Info.plist
copying file ./Payload/KaitoYaps.app/embedded.mobileprovision ... 
2025-09-10 08:08:47 +0000  14696 bytes for ./Payload/KaitoYaps.app/embedded.mobileprovision
2025-09-10 08:08:47 +0000  copying file ./Payload/KaitoYaps.app/assets/node_modules/@react-navigation/elements/lib/module/assets/back-icon@3x.png ... 
2025-09-10 08:08:47 +0000  761 bytes for ./Payload/KaitoYaps.app/assets/node_modules/@react-navigation/elements/lib/module/assets/back-icon@3x.png
2025-09-10 08:08:47 +0000  copying file ./Payload/KaitoYaps.app/assets/node_modules/@react-navigation/elements/lib/module/assets/back-icon@2x.png ... 
2025-09-10 08:08:47 +0000  405 bytes for ./Payload/KaitoYaps.app/assets/node_modules/@react-navigation/elements/lib/module/assets/back-icon@2x.png
2025-09-10 08:08:47 +0000  copying file ./Payload/KaitoYaps.app/assets/node_modules/@react-navigation/elements/lib/module/assets/search-icon@2x.png ... 
2025-09-10 08:08:47 +0000  589 bytes for ./Payload/KaitoYaps.app/assets/node_modules/@react-navigation/elements/lib/module/assets/search-icon@2x.png
2025-09-10 08:08:47 +0000  copying file ./Payload/KaitoYaps.app/assets/node_modules/@react-navigation/elements/lib/module/assets/clear-icon@3x.png ... 
2025-09-10 08:08:47 +0000  502 bytes for ./Payload/KaitoYaps.app/assets/node_modules/@react-navigation/elements/lib/module/assets/clear-icon@3x.png
2025-09-10 08:08:47 +0000  copying file ./Payload/KaitoYaps.app/assets/node_modules/@react-navigation/elements/lib/module/assets/back-icon.png ... 
290 bytes for ./Payload/KaitoYaps.app/assets/node_modules/@react-navigation/elements/lib/module/assets/back-icon.png
copying file ./Payload/KaitoYaps.app/assets/node_modules/@react-navigation/elements/lib/module/assets/clear-icon@2x.png ... 
334 bytes for ./Payload/KaitoYaps.app/assets/node_modules/@react-navigation/elements/lib/module/assets/clear-icon@2x.png
copying file ./Payload/KaitoYaps.app/assets/node_modules/@react-navigation/elements/lib/module/assets/search-icon@3x.png ... 
839 bytes for ./Payload/KaitoYaps.app/assets/node_modules/@react-navigation/elements/lib/module/assets/search-icon@3x.png
copying file ./Payload/KaitoYaps.app/assets/node_modules/@react-navigation/elements/lib/module/assets/close-icon.png ... 
141 bytes for ./Payload/KaitoYaps.app/assets/node_modules/@react-navigation/elements/lib/module/assets/close-icon.png
copying file ./Payload/KaitoYaps.app/assets/node_modules/@react-navigation/elements/lib/module/assets/back-icon-mask.png ... 
653 bytes for ./Payload/KaitoYaps.app/assets/node_modules/@react-navigation/elements/lib/module/assets/back-icon-mask.png
copying file ./Payload/KaitoYaps.app/assets/node_modules/@react-navigation/elements/lib/module/assets/close-icon@2x.png ... 
201 bytes for ./Payload/KaitoYaps.app/assets/node_modules/@react-navigation/elements/lib/module/assets/close-icon@2x.png
copying file ./Payload/KaitoYaps.app/assets/node_modules/@react-navigation/elements/lib/module/assets/close-icon@3x.png ... 
266 bytes for ./Payload/KaitoYaps.app/assets/node_modules/@react-navigation/elements/lib/module/assets/close-icon@3x.png
copying file ./Payload/KaitoYaps.app/assets/node_modules/@react-navigation/elements/lib/module/assets/clear-icon.png ... 
2025-09-10 08:08:47 +0000  220 bytes for ./Payload/KaitoYaps.app/assets/node_modules/@react-navigation/elements/lib/module/assets/clear-icon.png
2025-09-10 08:08:47 +0000  copying file ./Payload/KaitoYaps.app/assets/node_modules/@react-navigation/elements/lib/module/assets/search-icon.png ... 
2025-09-10 08:08:47 +0000  317 bytes for ./Payload/KaitoYaps.app/assets/node_modules/@react-navigation/elements/lib/module/assets/search-icon.png
2025-09-10 08:08:47 +0000  copying file ./Payload/KaitoYaps.app/assets/node_modules/react-native-paper/src/assets/back-chevron.png ... 
2025-09-10 08:08:47 +0000  489 bytes for ./Payload/KaitoYaps.app/assets/node_modules/react-native-paper/src/assets/back-chevron.png
2025-09-10 08:08:47 +0000  copying file ./Payload/KaitoYaps.app/assets/node_modules/@expo/vector-icons/build/vendor/react-native-vector-icons/Fonts/MaterialCommunityIcons.ttf ... 
2025-09-10 08:08:47 +0000  1147844 bytes for ./Payload/KaitoYaps.app/assets/node_modules/@expo/vector-icons/build/vendor/react-native-vector-icons/Fonts/MaterialCommunityIcons.ttf
2025-09-10 08:08:47 +0000  copying file ./Payload/KaitoYaps.app/assets/node_modules/expo-router/assets/pkg.png ... 
2025-09-10 08:08:47 +0000  364 bytes for ./Payload/KaitoYaps.app/assets/node_modules/expo-router/assets/pkg.png
2025-09-10 08:08:47 +0000  copying file ./Payload/KaitoYaps.app/assets/node_modules/expo-router/assets/unmatched.png ... 
2025-09-10 08:08:47 +0000  4752 bytes for ./Payload/KaitoYaps.app/assets/node_modules/expo-router/assets/unmatched.png
2025-09-10 08:08:47 +0000  copying file ./Payload/KaitoYaps.app/assets/node_modules/expo-router/assets/file.png ... 
2025-09-10 08:08:47 +0000  138 bytes for ./Payload/KaitoYaps.app/assets/node_modules/expo-router/assets/file.png
2025-09-10 08:08:47 +0000  copying file ./Payload/KaitoYaps.app/assets/node_modules/expo-router/assets/forward.png ... 
2025-09-10 08:08:47 +0000  188 bytes for ./Payload/KaitoYaps.app/assets/node_modules/expo-router/assets/forward.png
2025-09-10 08:08:47 +0000  copying file ./Payload/KaitoYaps.app/assets/node_modules/expo-router/assets/error.png ... 
2025-09-10 08:08:47 +0000  469 bytes for ./Payload/KaitoYaps.app/assets/node_modules/expo-router/assets/error.png
2025-09-10 08:08:47 +0000  copying file ./Payload/KaitoYaps.app/assets/node_modules/expo-router/assets/sitemap.png ... 
2025-09-10 08:08:47 +0000  465 bytes for ./Payload/KaitoYaps.app/assets/node_modules/expo-router/assets/sitemap.png
2025-09-10 08:08:47 +0000  copying file ./Payload/KaitoYaps.app/assets/node_modules/expo-router/assets/arrow_down.png ... 
2025-09-10 08:08:47 +0000  9456 bytes for ./Payload/KaitoYaps.app/assets/node_modules/expo-router/assets/arrow_down.png
2025-09-10 08:08:47 +0000  copying file ./Payload/KaitoYaps.app/assets/assets/images/icons/transfer_kaito.png ... 
2025-09-10 08:08:47 +0000  1109 bytes for ./Payload/KaitoYaps.app/assets/assets/images/icons/transfer_kaito.png
2025-09-10 08:08:47 +0000  copying file ./Payload/KaitoYaps.app/assets/assets/images/icons/topYapsTitle@2x.png ... 
2025-09-10 08:08:47 +0000  3284 bytes for ./Payload/KaitoYaps.app/assets/assets/images/icons/topYapsTitle@2x.png
2025-09-10 08:08:47 +0000  copying file ./Payload/KaitoYaps.app/assets/assets/images/icons/login_gift@2x.png ... 
2025-09-10 08:08:47 +0000  2376 bytes for ./Payload/KaitoYaps.app/assets/assets/images/icons/login_gift@2x.png
2025-09-10 08:08:47 +0000  copying file ./Payload/KaitoYaps.app/assets/assets/images/icons/down_arrow.png ... 
2025-09-10 08:08:47 +0000  234 bytes for ./Payload/KaitoYaps.app/assets/assets/images/icons/down_arrow.png
2025-09-10 08:08:47 +0000  copying file ./Payload/KaitoYaps.app/assets/assets/images/icons/profileLeadboardRankThree@2x.png ... 
2025-09-10 08:08:47 +0000  4188 bytes for ./Payload/KaitoYaps.app/assets/assets/images/icons/profileLeadboardRankThree@2x.png
2025-09-10 08:08:47 +0000  copying file ./Payload/KaitoYaps.app/assets/assets/images/icons/pretge-rank-default.png ... 
2025-09-10 08:08:47 +0000  188 bytes for ./Payload/KaitoYaps.app/assets/assets/images/icons/pretge-rank-default.png
2025-09-10 08:08:47 +0000  copying file ./Payload/KaitoYaps.app/assets/assets/images/icons/headmap_top2.png ... 
2025-09-10 08:08:47 +0000  2378 bytes for ./Payload/KaitoYaps.app/assets/assets/images/icons/headmap_top2.png
2025-09-10 08:08:47 +0000  copying file ./Payload/KaitoYaps.app/assets/assets/images/icons/headmap_top3.png ... 
2025-09-10 08:08:47 +0000  2455 bytes for ./Payload/KaitoYaps.app/assets/assets/images/icons/headmap_top3.png
2025-09-10 08:08:47 +0000  copying file ./Payload/KaitoYaps.app/assets/assets/images/icons/log_loading_there@3x.png ... 
2025-09-10 08:08:47 +0000  506886 bytes for ./Payload/KaitoYaps.app/assets/assets/images/icons/log_loading_there@3x.png
2025-09-10 08:08:47 +0000  copying file ./Payload/KaitoYaps.app/assets/assets/images/icons/profile_token@2x.png ... 
2025-09-10 08:08:47 +0000  5500 bytes for ./Payload/KaitoYaps.app/assets/assets/images/icons/profile_token@2x.png
2025-09-10 08:08:47 +0000  copying file ./Payload/KaitoYaps.app/assets/assets/images/icons/login_gift.png ... 
2025-09-10 08:08:47 +0000  892 bytes for ./Payload/KaitoYaps.app/assets/assets/images/icons/login_gift.png
2025-09-10 08:08:47 +0000  copying file ./Payload/KaitoYaps.app/assets/assets/images/icons/stake_line@2x.png ... 
2025-09-10 08:08:47 +0000  1214 bytes for ./Payload/KaitoYaps.app/assets/assets/images/icons/stake_line@2x.png
2025-09-10 08:08:47 +0000  copying file ./Payload/KaitoYaps.app/assets/assets/images/icons/preTge_selection@2x.png ... 
2025-09-10 08:08:47 +0000  265 bytes for ./Payload/KaitoYaps.app/assets/assets/images/icons/preTge_selection@2x.png
2025-09-10 08:08:47 +0000  copying file ./Payload/KaitoYaps.app/assets/assets/images/icons/Icon-Attention-cover.png ... 
2025-09-10 08:08:47 +0000  354 bytes for ./Payload/KaitoYaps.app/assets/assets/images/icons/Icon-Attention-cover.png
2025-09-10 08:08:47 +0000  copying file ./Payload/KaitoYaps.app/assets/assets/images/icons/leaderboard_cryptoAI.png ... 
2025-09-10 08:08:47 +0000  3285 bytes for ./Payload/KaitoYaps.app/assets/assets/images/icons/leaderboard_cryptoAI.png
2025-09-10 08:08:47 +0000  copying file ./Payload/KaitoYaps.app/assets/assets/images/icons/icon-success-cover@2x.png ... 
2025-09-10 08:08:47 +0000  834 bytes for ./Payload/KaitoYaps.app/assets/assets/images/icons/icon-success-cover@2x.png
2025-09-10 08:08:47 +0000  copying file ./Payload/KaitoYaps.app/assets/assets/images/icons/log_loading_two@2x.png ... 
2025-09-10 08:08:47 +0000  160499 bytes for ./Payload/KaitoYaps.app/assets/assets/images/icons/log_loading_two@2x.png
2025-09-10 08:08:47 +0000  copying file ./Payload/KaitoYaps.app/assets/assets/images/icons/page-header@3x.png ... 
2025-09-10 08:08:47 +0000  162204 bytes for ./Payload/KaitoYaps.app/assets/assets/images/icons/page-header@3x.png
2025-09-10 08:08:47 +0000  copying file ./Payload/KaitoYaps.app/assets/assets/images/icons/pretge-tip-icon@3x.png ... 
2025-09-10 08:08:47 +0000  808 bytes for ./Payload/KaitoYaps.app/assets/assets/images/icons/pretge-tip-icon@3x.png
2025-09-10 08:08:47 +0000  copying file ./Payload/KaitoYaps.app/assets/assets/images/icons/profile_nft.png ... 
2025-09-10 08:08:47 +0000  1992 bytes for ./Payload/KaitoYaps.app/assets/assets/images/icons/profile_nft.png
2025-09-10 08:08:47 +0000  copying file ./Payload/KaitoYaps.app/assets/assets/images/icons/skate_info.png ... 
2025-09-10 08:08:47 +0000  375 bytes for ./Payload/KaitoYaps.app/assets/assets/images/icons/skate_info.png
2025-09-10 08:08:47 +0000  copying file ./Payload/KaitoYaps.app/assets/assets/images/icons/privy_login_arraw@2x.png ... 
2025-09-10 08:08:47 +0000  241 bytes for ./Payload/KaitoYaps.app/assets/assets/images/icons/privy_login_arraw@2x.png
2025-09-10 08:08:47 +0000  copying file ./Payload/KaitoYaps.app/assets/assets/images/icons/icon_input_close.png ... 
2025-09-10 08:08:47 +0000  256 bytes for ./Payload/KaitoYaps.app/assets/assets/images/icons/icon_input_close.png
2025-09-10 08:08:47 +0000  copying file ./Payload/KaitoYaps.app/assets/assets/images/icons/login_twitter@3x.png ... 
2025-09-10 08:08:47 +0000  714 bytes for ./Payload/KaitoYaps.app/assets/assets/images/icons/login_twitter@3x.png
2025-09-10 08:08:47 +0000  copying file ./Payload/KaitoYaps.app/assets/assets/images/icons/headmap_top1.png ... 
2025-09-10 08:08:47 +0000  2072 bytes for ./Payload/KaitoYaps.app/assets/assets/images/icons/headmap_top1.png
2025-09-10 08:08:47 +0000  copying file ./Payload/KaitoYaps.app/assets/assets/images/icons/icon-close-alert@3x.png ... 
2025-09-10 08:08:47 +0000  1996 bytes for ./Payload/KaitoYaps.app/assets/assets/images/icons/icon-close-alert@3x.png
2025-09-10 08:08:47 +0000  copying file ./Payload/KaitoYaps.app/assets/assets/images/icons/profile_curve@3x.png ... 
2025-09-10 08:08:47 +0000  477 bytes for ./Payload/KaitoYaps.app/assets/assets/images/icons/profile_curve@3x.png
2025-09-10 08:08:47 +0000  copying file ./Payload/KaitoYaps.app/assets/assets/images/icons/profile_nft@2x.png ... 
2025-09-10 08:08:47 +0000  4849 bytes for ./Payload/KaitoYaps.app/assets/assets/images/icons/profile_nft@2x.png
2025-09-10 08:08:47 +0000  copying file ./Payload/KaitoYaps.app/assets/assets/images/icons/login_yapper@3x.png ... 
2025-09-10 08:08:47 +0000  112181 bytes for ./Payload/KaitoYaps.app/assets/assets/images/icons/login_yapper@3x.png
2025-09-10 08:08:47 +0000  copying file ./Payload/KaitoYaps.app/assets/assets/images/icons/login_email@3x.png ... 
2025-09-10 08:08:47 +0000  639 bytes for ./Payload/KaitoYaps.app/assets/assets/images/icons/login_email@3x.png
2025-09-10 08:08:47 +0000  copying file ./Payload/KaitoYaps.app/assets/assets/images/icons/stake_detail@3x.png ... 
2025-09-10 08:08:47 +0000  930 bytes for ./Payload/KaitoYaps.app/assets/assets/images/icons/stake_detail@3x.png
2025-09-10 08:08:47 +0000  copying file ./Payload/KaitoYaps.app/assets/assets/images/icons/privy_login_arraw.png ... 
2025-09-10 08:08:47 +0000  214 bytes for ./Payload/KaitoYaps.app/assets/assets/images/icons/privy_login_arraw.png
2025-09-10 08:08:47 +0000  copying file ./Payload/KaitoYaps.app/assets/assets/images/icons/icon-alert-close@2x.png ... 
2025-09-10 08:08:47 +0000  312 bytes for ./Payload/KaitoYaps.app/assets/assets/images/icons/icon-alert-close@2x.png
2025-09-10 08:08:47 +0000  copying file ./Payload/KaitoYaps.app/assets/assets/images/icons/icon-alert-close@3x.png ... 
2025-09-10 08:08:47 +0000  418 bytes for ./Payload/KaitoYaps.app/assets/assets/images/icons/icon-alert-close@3x.png
2025-09-10 08:08:47 +0000  copying file ./Payload/KaitoYaps.app/assets/assets/images/icons/stake_detail@2x.png ... 
2025-09-10 08:08:47 +0000  790 bytes for ./Payload/KaitoYaps.app/assets/assets/images/icons/stake_detail@2x.png
2025-09-10 08:08:47 +0000  copying file ./Payload/KaitoYaps.app/assets/assets/images/icons/login_email@2x.png ... 
2025-09-10 08:08:47 +0000  546 bytes for ./Payload/KaitoYaps.app/assets/assets/images/icons/login_email@2x.png
2025-09-10 08:08:47 +0000  copying file ./Payload/KaitoYaps.app/assets/assets/images/icons/icon_back.png ... 
2025-09-10 08:08:47 +0000  216 bytes for ./Payload/KaitoYaps.app/assets/assets/images/icons/icon_back.png
2025-09-10 08:08:47 +0000  copying file ./Payload/KaitoYaps.app/assets/assets/images/icons/login_yapper@2x.png ... 
2025-09-10 08:08:47 +0000  49634 bytes for ./Payload/KaitoYaps.app/assets/assets/images/icons/login_yapper@2x.png
2025-09-10 08:08:47 +0000  copying file ./Payload/KaitoYaps.app/assets/assets/images/icons/profile_curve@2x.png ... 
2025-09-10 08:08:47 +0000  410 bytes for ./Payload/KaitoYaps.app/assets/assets/images/icons/profile_curve@2x.png
2025-09-10 08:08:47 +0000  copying file ./Payload/KaitoYaps.app/assets/assets/images/icons/profile_nft@3x.png ... 
2025-09-10 08:08:47 +0000  8153 bytes for ./Payload/KaitoYaps.app/assets/assets/images/icons/profile_nft@3x.png
2025-09-10 08:08:47 +0000  copying file ./Payload/KaitoYaps.app/assets/assets/images/icons/login_logo.png ... 
2025-09-10 08:08:47 +0000  837 bytes for ./Payload/KaitoYaps.app/assets/assets/images/icons/login_logo.png
2025-09-10 08:08:47 +0000  copying file ./Payload/KaitoYaps.app/assets/assets/images/icons/icon-close-alert@2x.png ... 
2025-09-10 08:08:47 +0000  1336 bytes for ./Payload/KaitoYaps.app/assets/assets/images/icons/icon-close-alert@2x.png
2025-09-10 08:08:47 +0000  copying file ./Payload/KaitoYaps.app/assets/assets/images/icons/profile_right_sml.png ... 
2025-09-10 08:08:47 +0000  184 bytes for ./Payload/KaitoYaps.app/assets/assets/images/icons/profile_right_sml.png
2025-09-10 08:08:47 +0000  copying file ./Payload/KaitoYaps.app/assets/assets/images/icons/bottom_alert_check.png ... 
2025-09-10 08:08:47 +0000  388 bytes for ./Payload/KaitoYaps.app/assets/assets/images/icons/bottom_alert_check.png
2025-09-10 08:08:47 +0000  copying file ./Payload/KaitoYaps.app/assets/assets/images/icons/botton_alert_cross.png ... 
2025-09-10 08:08:47 +0000  205 bytes for ./Payload/KaitoYaps.app/assets/assets/images/icons/botton_alert_cross.png
2025-09-10 08:08:47 +0000  copying file ./Payload/KaitoYaps.app/assets/assets/images/icons/login_twitter@2x.png ... 
2025-09-10 08:08:47 +0000  546 bytes for ./Payload/KaitoYaps.app/assets/assets/images/icons/login_twitter@2x.png
2025-09-10 08:08:47 +0000  copying file ./Payload/KaitoYaps.app/assets/assets/images/icons/profileLeadboardRankTwo.png ... 
2025-09-10 08:08:47 +0000  1457 bytes for ./Payload/KaitoYaps.app/assets/assets/images/icons/profileLeadboardRankTwo.png
2025-09-10 08:08:47 +0000  copying file ./Payload/KaitoYaps.app/assets/assets/images/icons/profile_curve.png ... 
2025-09-10 08:08:47 +0000  302 bytes for ./Payload/KaitoYaps.app/assets/assets/images/icons/profile_curve.png
2025-09-10 08:08:47 +0000  copying file ./Payload/KaitoYaps.app/assets/assets/images/icons/profile_avatar_border.png ... 
2025-09-10 08:08:47 +0000  4319 bytes for ./Payload/KaitoYaps.app/assets/assets/images/icons/profile_avatar_border.png
2025-09-10 08:08:47 +0000  copying file ./Payload/KaitoYaps.app/assets/assets/images/icons/privy_login_arraw@3x.png ... 
2025-09-10 08:08:47 +0000  279 bytes for ./Payload/KaitoYaps.app/assets/assets/images/icons/privy_login_arraw@3x.png
2025-09-10 08:08:47 +0000  copying file ./Payload/KaitoYaps.app/assets/assets/images/icons/pretge-tip-icon@2x.png ... 
2025-09-10 08:08:47 +0000  541 bytes for ./Payload/KaitoYaps.app/assets/assets/images/icons/pretge-tip-icon@2x.png
2025-09-10 08:08:47 +0000  copying file ./Payload/KaitoYaps.app/assets/assets/images/icons/icon-success-cover@3x.png ... 
2025-09-10 08:08:47 +0000  1144 bytes for ./Payload/KaitoYaps.app/assets/assets/images/icons/icon-success-cover@3x.png
2025-09-10 08:08:47 +0000  copying file ./Payload/KaitoYaps.app/assets/assets/images/icons/log_loading_two@3x.png ... 
2025-09-10 08:08:47 +0000  308878 bytes for ./Payload/KaitoYaps.app/assets/assets/images/icons/log_loading_two@3x.png
2025-09-10 08:08:47 +0000  copying file ./Payload/KaitoYaps.app/assets/assets/images/icons/page-header@2x.png ... 
2025-09-10 08:08:47 +0000  98779 bytes for ./Payload/KaitoYaps.app/assets/assets/images/icons/page-header@2x.png
2025-09-10 08:08:47 +0000  copying file ./Payload/KaitoYaps.app/assets/assets/images/icons/stake_success.png ... 
2025-09-10 08:08:47 +0000  2037 bytes for ./Payload/KaitoYaps.app/assets/assets/images/icons/stake_success.png
2025-09-10 08:08:47 +0000  copying file ./Payload/KaitoYaps.app/assets/assets/images/icons/stake_detail.png ... 
2025-09-10 08:08:47 +0000  468 bytes for ./Payload/KaitoYaps.app/assets/assets/images/icons/stake_detail.png
2025-09-10 08:08:47 +0000  copying file ./Payload/KaitoYaps.app/assets/assets/images/icons/log_loading_one.png ... 
2025-09-10 08:08:47 +0000  53052 bytes for ./Payload/KaitoYaps.app/assets/assets/images/icons/log_loading_one.png
2025-09-10 08:08:47 +0000  copying file ./Payload/KaitoYaps.app/assets/assets/images/icons/preTge_selection@3x.png ... 
2025-09-10 08:08:47 +0000  271 bytes for ./Payload/KaitoYaps.app/assets/assets/images/icons/preTge_selection@3x.png
2025-09-10 08:08:47 +0000  copying file ./Payload/KaitoYaps.app/assets/assets/images/icons/profile_token@3x.png ... 
2025-09-10 08:08:47 +0000  9463 bytes for ./Payload/KaitoYaps.app/assets/assets/images/icons/profile_token@3x.png
2025-09-10 08:08:47 +0000  copying file ./Payload/KaitoYaps.app/assets/assets/images/icons/stake_line@3x.png ... 
2025-09-10 08:08:47 +0000  2301 bytes for ./Payload/KaitoYaps.app/assets/assets/images/icons/stake_line@3x.png
2025-09-10 08:08:47 +0000  copying file ./Payload/KaitoYaps.app/assets/assets/images/icons/profile_right.png ... 
2025-09-10 08:08:47 +0000  206 bytes for ./Payload/KaitoYaps.app/assets/assets/images/icons/profile_right.png
2025-09-10 08:08:47 +0000  copying file ./Payload/KaitoYaps.app/assets/assets/images/icons/log_loading_there@2x.png ... 
2025-09-10 08:08:47 +0000  244673 bytes for ./Payload/KaitoYaps.app/assets/assets/images/icons/log_loading_there@2x.png
2025-09-10 08:08:47 +0000  copying file ./Payload/KaitoYaps.app/assets/assets/images/icons/profileLeadboardRankThree@3x.png ... 
2025-09-10 08:08:47 +0000  8161 bytes for ./Payload/KaitoYaps.app/assets/assets/images/icons/profileLeadboardRankThree@3x.png
2025-09-10 08:08:47 +0000  copying file ./Payload/KaitoYaps.app/assets/assets/images/icons/login_gift@3x.png ... 
2025-09-10 08:08:47 +0000  4336 bytes for ./Payload/KaitoYaps.app/assets/assets/images/icons/login_gift@3x.png
2025-09-10 08:08:47 +0000  copying file ./Payload/KaitoYaps.app/assets/assets/images/icons/pretge-tip-icon.png ... 
2025-09-10 08:08:47 +0000  316 bytes for ./Payload/KaitoYaps.app/assets/assets/images/icons/pretge-tip-icon.png
2025-09-10 08:08:47 +0000  copying file ./Payload/KaitoYaps.app/assets/assets/images/icons/topYapsTitle@3x.png ... 
2025-09-10 08:08:47 +0000  5617 bytes for ./Payload/KaitoYaps.app/assets/assets/images/icons/topYapsTitle@3x.png
2025-09-10 08:08:47 +0000  copying file ./Payload/KaitoYaps.app/assets/assets/images/icons/social_card_badge.png ... 
2025-09-10 08:08:47 +0000  87135 bytes for ./Payload/KaitoYaps.app/assets/assets/images/icons/social_card_badge.png
2025-09-10 08:08:47 +0000  copying file ./Payload/KaitoYaps.app/assets/assets/images/icons/stake_failure.png ... 
2025-09-10 08:08:47 +0000  2274 bytes for ./Payload/KaitoYaps.app/assets/assets/images/icons/stake_failure.png
2025-09-10 08:08:47 +0000  copying file ./Payload/KaitoYaps.app/assets/assets/images/icons/headmap_top2@2x.png ... 
2025-09-10 08:08:47 +0000  6555 bytes for ./Payload/KaitoYaps.app/assets/assets/images/icons/headmap_top2@2x.png
2025-09-10 08:08:47 +0000  copying file ./Payload/KaitoYaps.app/assets/assets/images/icons/privy_login_log.png ... 
2025-09-10 08:08:47 +0000  371 bytes for ./Payload/KaitoYaps.app/assets/assets/images/icons/privy_login_log.png
2025-09-10 08:08:47 +0000  copying file ./Payload/KaitoYaps.app/assets/assets/images/icons/triangle_down_red@3x.png ... 
2025-09-10 08:08:47 +0000  274 bytes for ./Payload/KaitoYaps.app/assets/assets/images/icons/triangle_down_red@3x.png
2025-09-10 08:08:47 +0000  copying file ./Payload/KaitoYaps.app/assets/assets/images/icons/stake_success@2x.png ... 
2025-09-10 08:08:47 +0000  5225 bytes for ./Payload/KaitoYaps.app/assets/assets/images/icons/stake_success@2x.png
2025-09-10 08:08:47 +0000  copying file ./Payload/KaitoYaps.app/assets/assets/images/icons/icon-coin@3x.png ... 
2025-09-10 08:08:47 +0000  15120 bytes for ./Payload/KaitoYaps.app/assets/assets/images/icons/icon-coin@3x.png
2025-09-10 08:08:47 +0000  copying file ./Payload/KaitoYaps.app/assets/assets/images/icons/pretge-report-option@3x.png ... 
2025-09-10 08:08:47 +0000  1808 bytes for ./Payload/KaitoYaps.app/assets/assets/images/icons/pretge-report-option@3x.png
2025-09-10 08:08:47 +0000  copying file ./Payload/KaitoYaps.app/assets/assets/images/icons/login_socialCard@3x.png ... 
2025-09-10 08:08:47 +0000  1287992 bytes for ./Payload/KaitoYaps.app/assets/assets/images/icons/login_socialCard@3x.png
2025-09-10 08:08:47 +0000  copying file ./Payload/KaitoYaps.app/assets/assets/images/icons/profile_linked_wallet@3x.png ... 
2025-09-10 08:08:47 +0000  40635 bytes for ./Payload/KaitoYaps.app/assets/assets/images/icons/profile_linked_wallet@3x.png
2025-09-10 08:08:47 +0000  copying file ./Payload/KaitoYaps.app/assets/assets/images/icons/pretge-rank-sortDesc@2x.png ... 
2025-09-10 08:08:47 +0000  313 bytes for ./Payload/KaitoYaps.app/assets/assets/images/icons/pretge-rank-sortDesc@2x.png
2025-09-10 08:08:47 +0000  copying file ./Payload/KaitoYaps.app/assets/assets/images/icons/log_loading_one@2x.png ... 
2025-09-10 08:08:47 +0000  205127 bytes for ./Payload/KaitoYaps.app/assets/assets/images/icons/log_loading_one@2x.png
2025-09-10 08:08:47 +0000  copying file ./Payload/KaitoYaps.app/assets/assets/images/icons/leaderboard_ct.png ... 
2025-09-10 08:08:47 +0000  4724 bytes for ./Payload/KaitoYaps.app/assets/assets/images/icons/leaderboard_ct.png
2025-09-10 08:08:47 +0000  copying file ./Payload/KaitoYaps.app/assets/assets/images/icons/skate_info@2x.png ... 
2025-09-10 08:08:47 +0000  703 bytes for ./Payload/KaitoYaps.app/assets/assets/images/icons/skate_info@2x.png
2025-09-10 08:08:47 +0000  copying file ./Payload/KaitoYaps.app/assets/assets/images/icons/profile_right@3x.png ... 
2025-09-10 08:08:47 +0000  302 bytes for ./Payload/KaitoYaps.app/assets/assets/images/icons/profile_right@3x.png
2025-09-10 08:08:47 +0000  copying file ./Payload/KaitoYaps.app/assets/assets/images/icons/pretge-aiHelper-tip@3x.png ... 
2025-09-10 08:08:47 +0000  66344 bytes for ./Payload/KaitoYaps.app/assets/assets/images/icons/pretge-aiHelper-tip@3x.png
2025-09-10 08:08:47 +0000  copying file ./Payload/KaitoYaps.app/assets/assets/images/icons/stake_vertex@2x.png ... 
2025-09-10 08:08:47 +0000  319 bytes for ./Payload/KaitoYaps.app/assets/assets/images/icons/stake_vertex@2x.png
2025-09-10 08:08:47 +0000  copying file ./Payload/KaitoYaps.app/assets/assets/images/icons/icon_input_close@2x.png ... 
2025-09-10 08:08:47 +0000  425 bytes for ./Payload/KaitoYaps.app/assets/assets/images/icons/icon_input_close@2x.png
2025-09-10 08:08:47 +0000  copying file ./Payload/KaitoYaps.app/assets/assets/images/icons/stake_skaito@2x.png ... 
2025-09-10 08:08:47 +0000  2249 bytes for ./Payload/KaitoYaps.app/assets/assets/images/icons/stake_skaito@2x.png
2025-09-10 08:08:47 +0000  copying file ./Payload/KaitoYaps.app/assets/assets/images/icons/profile_right_sml@2x.png ... 
2025-09-10 08:08:47 +0000  272 bytes for ./Payload/KaitoYaps.app/assets/assets/images/icons/profile_right_sml@2x.png
2025-09-10 08:08:47 +0000  copying file ./Payload/KaitoYaps.app/assets/assets/images/icons/profileLeadboardRankThree.png ... 
2025-09-10 08:08:47 +0000  1486 bytes for ./Payload/KaitoYaps.app/assets/assets/images/icons/profileLeadboardRankThree.png
2025-09-10 08:08:47 +0000  copying file ./Payload/KaitoYaps.app/assets/assets/images/icons/pretge-report-icon@3x.png ... 
2025-09-10 08:08:47 +0000  540 bytes for ./Payload/KaitoYaps.app/assets/assets/images/icons/pretge-report-icon@3x.png
2025-09-10 08:08:47 +0000  copying file ./Payload/KaitoYaps.app/assets/assets/images/icons/leaderboard_vc.png ... 
2025-09-10 08:08:47 +0000  4544 bytes for ./Payload/KaitoYaps.app/assets/assets/images/icons/leaderboard_vc.png
2025-09-10 08:08:47 +0000  copying file ./Payload/KaitoYaps.app/assets/assets/images/icons/login_loading@3x.png ... 
2025-09-10 08:08:47 +0000  16905 bytes for ./Payload/KaitoYaps.app/assets/assets/images/icons/login_loading@3x.png
2025-09-10 08:08:47 +0000  copying file ./Payload/KaitoYaps.app/assets/assets/images/icons/stake_kaito@3x.png ... 
2025-09-10 08:08:47 +0000  4391 bytes for ./Payload/KaitoYaps.app/assets/assets/images/icons/stake_kaito@3x.png
2025-09-10 08:08:47 +0000  copying file ./Payload/KaitoYaps.app/assets/assets/images/icons/login_line.png ... 
2025-09-10 08:08:47 +0000  346 bytes for ./Payload/KaitoYaps.app/assets/assets/images/icons/login_line.png
2025-09-10 08:08:47 +0000  copying file ./Payload/KaitoYaps.app/assets/assets/images/icons/stake_kaito@2x.png ... 
2025-09-10 08:08:47 +0000  2907 bytes for ./Payload/KaitoYaps.app/assets/assets/images/icons/stake_kaito@2x.png
2025-09-10 08:08:47 +0000  copying file ./Payload/KaitoYaps.app/assets/assets/images/icons/login_loading@2x.png ... 
2025-09-10 08:08:47 +0000  9025 bytes for ./Payload/KaitoYaps.app/assets/assets/images/icons/login_loading@2x.png
2025-09-10 08:08:47 +0000  copying file ./Payload/KaitoYaps.app/assets/assets/images/icons/leaderboard_pretge.png ... 
2025-09-10 08:08:47 +0000  2412 bytes for ./Payload/KaitoYaps.app/assets/assets/images/icons/leaderboard_pretge.png
2025-09-10 08:08:47 +0000  copying file ./Payload/KaitoYaps.app/assets/assets/images/icons/pretge-report-icon@2x.png ... 
2025-09-10 08:08:47 +0000  410 bytes for ./Payload/KaitoYaps.app/assets/assets/images/icons/pretge-report-icon@2x.png
2025-09-10 08:08:47 +0000  copying file ./Payload/KaitoYaps.app/assets/assets/images/icons/icon-address-copy.png ... 
2025-09-10 08:08:47 +0000  280 bytes for ./Payload/KaitoYaps.app/assets/assets/images/icons/icon-address-copy.png
2025-09-10 08:08:47 +0000  copying file ./Payload/KaitoYaps.app/assets/assets/images/icons/profile_right_sml@3x.png ... 
2025-09-10 08:08:47 +0000  322 bytes for ./Payload/KaitoYaps.app/assets/assets/images/icons/profile_right_sml@3x.png
2025-09-10 08:08:47 +0000  copying file ./Payload/KaitoYaps.app/assets/assets/images/icons/stake_skaito@3x.png ... 
2025-09-10 08:08:47 +0000  3277 bytes for ./Payload/KaitoYaps.app/assets/assets/images/icons/stake_skaito@3x.png
2025-09-10 08:08:47 +0000  copying file ./Payload/KaitoYaps.app/assets/assets/images/icons/icon_input_close@3x.png ... 
2025-09-10 08:08:47 +0000  549 bytes for ./Payload/KaitoYaps.app/assets/assets/images/icons/icon_input_close@3x.png
2025-09-10 08:08:47 +0000  copying file ./Payload/KaitoYaps.app/assets/assets/images/icons/login_verification.png ... 
2025-09-10 08:08:47 +0000  401 bytes for ./Payload/KaitoYaps.app/assets/assets/images/icons/login_verification.png
2025-09-10 08:08:47 +0000  copying file ./Payload/KaitoYaps.app/assets/assets/images/icons/stake_vertex@3x.png ... 
2025-09-10 08:08:47 +0000  368 bytes for ./Payload/KaitoYaps.app/assets/assets/images/icons/stake_vertex@3x.png
2025-09-10 08:08:47 +0000  copying file ./Payload/KaitoYaps.app/assets/assets/images/icons/pretge-vs.png ... 
2025-09-10 08:08:47 +0000  495 bytes for ./Payload/KaitoYaps.app/assets/assets/images/icons/pretge-vs.png
2025-09-10 08:08:47 +0000  copying file ./Payload/KaitoYaps.app/assets/assets/images/icons/profile_right@2x.png ... 
2025-09-10 08:08:47 +0000  258 bytes for ./Payload/KaitoYaps.app/assets/assets/images/icons/profile_right@2x.png
2025-09-10 08:08:47 +0000  copying file ./Payload/KaitoYaps.app/assets/assets/images/icons/profile_emerging_ct.png ... 
2025-09-10 08:08:47 +0000  336 bytes for ./Payload/KaitoYaps.app/assets/assets/images/icons/profile_emerging_ct.png
2025-09-10 08:08:47 +0000  copying file ./Payload/KaitoYaps.app/assets/assets/images/icons/pretge-aiHelper-tip@2x.png ... 
2025-09-10 08:08:47 +0000  33783 bytes for ./Payload/KaitoYaps.app/assets/assets/images/icons/pretge-aiHelper-tip@2x.png
2025-09-10 08:08:47 +0000  copying file ./Payload/KaitoYaps.app/assets/assets/images/icons/skate_info@3x.png ... 
2025-09-10 08:08:47 +0000  960 bytes for ./Payload/KaitoYaps.app/assets/assets/images/icons/skate_info@3x.png
2025-09-10 08:08:47 +0000  copying file ./Payload/KaitoYaps.app/assets/assets/images/icons/transfer_skaito.png ... 
2025-09-10 08:08:47 +0000  941 bytes for ./Payload/KaitoYaps.app/assets/assets/images/icons/transfer_skaito.png
2025-09-10 08:08:47 +0000  copying file ./Payload/KaitoYaps.app/assets/assets/images/icons/icon-vertex.png ... 
2025-09-10 08:08:47 +0000  178 bytes for ./Payload/KaitoYaps.app/assets/assets/images/icons/icon-vertex.png
2025-09-10 08:08:47 +0000  copying file ./Payload/KaitoYaps.app/assets/assets/images/icons/profile_linked_wallet@2x.png ... 
2025-09-10 08:08:47 +0000  24813 bytes for ./Payload/KaitoYaps.app/assets/assets/images/icons/profile_linked_wallet@2x.png
2025-09-10 08:08:47 +0000  copying file ./Payload/KaitoYaps.app/assets/assets/images/icons/pretge-rank-sortDesc@3x.png ... 
2025-09-10 08:08:47 +0000  402 bytes for ./Payload/KaitoYaps.app/assets/assets/images/icons/pretge-rank-sortDesc@3x.png
2025-09-10 08:08:47 +0000  copying file ./Payload/KaitoYaps.app/assets/assets/images/icons/log_loading_one@3x.png ... 
2025-09-10 08:08:47 +0000  438086 bytes for ./Payload/KaitoYaps.app/assets/assets/images/icons/log_loading_one@3x.png
copying file ./Payload/KaitoYaps.app/assets/assets/images/icons/login_socialCard@2x.png ... 
2025-09-10 08:08:47 +0000  659670 bytes for ./Payload/KaitoYaps.app/assets/assets/images/icons/login_socialCard@2x.png
2025-09-10 08:08:47 +0000  copying file ./Payload/KaitoYaps.app/assets/assets/images/icons/pretge-report-option@2x.png ... 
2025-09-10 08:08:47 +0000  1268 bytes for ./Payload/KaitoYaps.app/assets/assets/images/icons/pretge-report-option@2x.png
2025-09-10 08:08:47 +0000  copying file ./Payload/KaitoYaps.app/assets/assets/images/icons/chevron.png ... 
2025-09-10 08:08:47 +0000  158 bytes for ./Payload/KaitoYaps.app/assets/assets/images/icons/chevron.png
2025-09-10 08:08:47 +0000  copying file ./Payload/KaitoYaps.app/assets/assets/images/icons/icon-coin@2x.png ... 
2025-09-10 08:08:47 +0000  8972 bytes for ./Payload/KaitoYaps.app/assets/assets/images/icons/icon-coin@2x.png
2025-09-10 08:08:47 +0000  copying file ./Payload/KaitoYaps.app/assets/assets/images/icons/stake_success@3x.png ... 
2025-09-10 08:08:47 +0000  9369 bytes for ./Payload/KaitoYaps.app/assets/assets/images/icons/stake_success@3x.png
2025-09-10 08:08:47 +0000  copying file ./Payload/KaitoYaps.app/assets/assets/images/icons/profile_linked_wallet.png ... 
2025-09-10 08:08:47 +0000  10204 bytes for ./Payload/KaitoYaps.app/assets/assets/images/icons/profile_linked_wallet.png
2025-09-10 08:08:47 +0000  copying file ./Payload/KaitoYaps.app/assets/assets/images/icons/icon-success-cover.png ... 
2025-09-10 08:08:47 +0000  493 bytes for ./Payload/KaitoYaps.app/assets/assets/images/icons/icon-success-cover.png
2025-09-10 08:08:47 +0000  copying file ./Payload/KaitoYaps.app/assets/assets/images/icons/pretge-ai-helper.png ... 
2025-09-10 08:08:47 +0000  447 bytes for ./Payload/KaitoYaps.app/assets/assets/images/icons/pretge-ai-helper.png
2025-09-10 08:08:47 +0000  copying file ./Payload/KaitoYaps.app/assets/assets/images/icons/triangle_down_red@2x.png ... 
2025-09-10 08:08:47 +0000  236 bytes for ./Payload/KaitoYaps.app/assets/assets/images/icons/triangle_down_red@2x.png
2025-09-10 08:08:47 +0000  copying file ./Payload/KaitoYaps.app/assets/assets/images/icons/pretge-top-two.png ... 
2025-09-10 08:08:47 +0000  1219 bytes for ./Payload/KaitoYaps.app/assets/assets/images/icons/pretge-top-two.png
2025-09-10 08:08:47 +0000  copying file ./Payload/KaitoYaps.app/assets/assets/images/icons/log_loading_there.png ... 
2025-09-10 08:08:47 +0000  68269 bytes for ./Payload/KaitoYaps.app/assets/assets/images/icons/log_loading_there.png
2025-09-10 08:08:47 +0000  copying file ./Payload/KaitoYaps.app/assets/assets/images/icons/headmap_top2@3x.png ... 
2025-09-10 08:08:47 +0000  12409 bytes for ./Payload/KaitoYaps.app/assets/assets/images/icons/headmap_top2@3x.png
2025-09-10 08:08:47 +0000  copying file ./Payload/KaitoYaps.app/assets/assets/images/icons/pretge-report-list@3x.png ... 
2025-09-10 08:08:47 +0000  265 bytes for ./Payload/KaitoYaps.app/assets/assets/images/icons/pretge-report-list@3x.png
2025-09-10 08:08:47 +0000  copying file ./Payload/KaitoYaps.app/assets/assets/images/icons/icon-nft@2x.png ... 
2025-09-10 08:08:47 +0000  6765 bytes for ./Payload/KaitoYaps.app/assets/assets/images/icons/icon-nft@2x.png
2025-09-10 08:08:47 +0000  copying file ./Payload/KaitoYaps.app/assets/assets/images/icons/profile_emerging_ct@3x.png ... 
2025-09-10 08:08:47 +0000  891 bytes for ./Payload/KaitoYaps.app/assets/assets/images/icons/profile_emerging_ct@3x.png
2025-09-10 08:08:47 +0000  copying file ./Payload/KaitoYaps.app/assets/assets/images/icons/topYapsTitle.png ... 
2025-09-10 08:08:47 +0000  1466 bytes for ./Payload/KaitoYaps.app/assets/assets/images/icons/topYapsTitle.png
2025-09-10 08:08:47 +0000  copying file ./Payload/KaitoYaps.app/assets/assets/images/icons/chevron@3x.png ... 
2025-09-10 08:08:47 +0000  341 bytes for ./Payload/KaitoYaps.app/assets/assets/images/icons/chevron@3x.png
2025-09-10 08:08:47 +0000  copying file ./Payload/KaitoYaps.app/assets/assets/images/icons/icon-unfold-chevron@2x.png ... 
2025-09-10 08:08:47 +0000  295 bytes for ./Payload/KaitoYaps.app/assets/assets/images/icons/icon-unfold-chevron@2x.png
2025-09-10 08:08:47 +0000  copying file ./Payload/KaitoYaps.app/assets/assets/images/icons/pretge-report-option.png ... 
2025-09-10 08:08:47 +0000  703 bytes for ./Payload/KaitoYaps.app/assets/assets/images/icons/pretge-report-option.png
2025-09-10 08:08:47 +0000  copying file ./Payload/KaitoYaps.app/assets/assets/images/icons/stake_arraw.png ... 
2025-09-10 08:08:47 +0000  621 bytes for ./Payload/KaitoYaps.app/assets/assets/images/icons/stake_arraw.png
2025-09-10 08:08:47 +0000  copying file ./Payload/KaitoYaps.app/assets/assets/images/icons/login_verification@2x.png ... 
2025-09-10 08:08:47 +0000  718 bytes for ./Payload/KaitoYaps.app/assets/assets/images/icons/login_verification@2x.png
2025-09-10 08:08:47 +0000  copying file ./Payload/KaitoYaps.app/assets/assets/images/icons/page-middle.png ... 
2025-09-10 08:08:47 +0000  138894 bytes for ./Payload/KaitoYaps.app/assets/assets/images/icons/page-middle.png
2025-09-10 08:08:47 +0000  copying file ./Payload/KaitoYaps.app/assets/assets/images/icons/login_loading.png ... 
2025-09-10 08:08:47 +0000  3387 bytes for ./Payload/KaitoYaps.app/assets/assets/images/icons/login_loading.png
2025-09-10 08:08:47 +0000  copying file ./Payload/KaitoYaps.app/assets/assets/images/icons/pretge-report-list.png ... 
2025-09-10 08:08:47 +0000  197 bytes for ./Payload/KaitoYaps.app/assets/assets/images/icons/pretge-report-list.png
2025-09-10 08:08:47 +0000  copying file ./Payload/KaitoYaps.app/assets/assets/images/icons/bottom_alert_check@3x.png ... 
2025-09-10 08:08:47 +0000  932 bytes for ./Payload/KaitoYaps.app/assets/assets/images/icons/bottom_alert_check@3x.png
2025-09-10 08:08:47 +0000  copying file ./Payload/KaitoYaps.app/assets/assets/images/icons/base_icon@3x.png ... 
2025-09-10 08:08:47 +0000  10884 bytes for ./Payload/KaitoYaps.app/assets/assets/images/icons/base_icon@3x.png
2025-09-10 08:08:47 +0000  copying file ./Payload/KaitoYaps.app/assets/assets/images/icons/icon_back@3x.png ... 
2025-09-10 08:08:47 +0000  483 bytes for ./Payload/KaitoYaps.app/assets/assets/images/icons/icon_back@3x.png
2025-09-10 08:08:47 +0000  copying file ./Payload/KaitoYaps.app/assets/assets/images/icons/profile_logout.png ... 
2025-09-10 08:08:47 +0000  263 bytes for ./Payload/KaitoYaps.app/assets/assets/images/icons/profile_logout.png
2025-09-10 08:08:47 +0000  copying file ./Payload/KaitoYaps.app/assets/assets/images/icons/icon-unfold-chevron.png ... 
2025-09-10 08:08:47 +0000  184 bytes for ./Payload/KaitoYaps.app/assets/assets/images/icons/icon-unfold-chevron.png
2025-09-10 08:08:47 +0000  copying file ./Payload/KaitoYaps.app/assets/assets/images/icons/pretge-top-two@3x.png ... 
2025-09-10 08:08:47 +0000  4923 bytes for ./Payload/KaitoYaps.app/assets/assets/images/icons/pretge-top-two@3x.png
2025-09-10 08:08:47 +0000  copying file ./Payload/KaitoYaps.app/assets/assets/images/icons/profile_avatar_border@3x.png ... 
2025-09-10 08:08:47 +0000  30392 bytes for ./Payload/KaitoYaps.app/assets/assets/images/icons/profile_avatar_border@3x.png
2025-09-10 08:08:47 +0000  copying file ./Payload/KaitoYaps.app/assets/assets/images/icons/profileLeadboardRankOne@3x.png ... 
2025-09-10 08:08:47 +0000  7442 bytes for ./Payload/KaitoYaps.app/assets/assets/images/icons/profileLeadboardRankOne@3x.png
2025-09-10 08:08:47 +0000  copying file ./Payload/KaitoYaps.app/assets/assets/images/icons/pretge-rank-sortAsc@3x.png ... 
2025-09-10 08:08:47 +0000  367 bytes for ./Payload/KaitoYaps.app/assets/assets/images/icons/pretge-rank-sortAsc@3x.png
2025-09-10 08:08:47 +0000  copying file ./Payload/KaitoYaps.app/assets/assets/images/icons/down_arrow@2x.png ... 
2025-09-10 08:08:47 +0000  322 bytes for ./Payload/KaitoYaps.app/assets/assets/images/icons/down_arrow@2x.png
2025-09-10 08:08:47 +0000  copying file ./Payload/KaitoYaps.app/assets/assets/images/icons/navigation_back@2x.png ... 
2025-09-10 08:08:47 +0000  292 bytes for ./Payload/KaitoYaps.app/assets/assets/images/icons/navigation_back@2x.png
2025-09-10 08:08:47 +0000  copying file ./Payload/KaitoYaps.app/assets/assets/images/icons/navigation_back@3x.png ... 
2025-09-10 08:08:47 +0000  400 bytes for ./Payload/KaitoYaps.app/assets/assets/images/icons/navigation_back@3x.png
2025-09-10 08:08:47 +0000  copying file ./Payload/KaitoYaps.app/assets/assets/images/icons/down_arrow@3x.png ... 
2025-09-10 08:08:47 +0000  451 bytes for ./Payload/KaitoYaps.app/assets/assets/images/icons/down_arrow@3x.png
2025-09-10 08:08:47 +0000  copying file ./Payload/KaitoYaps.app/assets/assets/images/icons/pretge-rank-sortAsc@2x.png ... 
2025-09-10 08:08:47 +0000  314 bytes for ./Payload/KaitoYaps.app/assets/assets/images/icons/pretge-rank-sortAsc@2x.png
2025-09-10 08:08:47 +0000  copying file ./Payload/KaitoYaps.app/assets/assets/images/icons/profileLeadboardRankOne@2x.png ... 
2025-09-10 08:08:47 +0000  3826 bytes for ./Payload/KaitoYaps.app/assets/assets/images/icons/profileLeadboardRankOne@2x.png
2025-09-10 08:08:47 +0000  copying file ./Payload/KaitoYaps.app/assets/assets/images/icons/profile_avatar_border@2x.png ... 
2025-09-10 08:08:47 +0000  14711 bytes for ./Payload/KaitoYaps.app/assets/assets/images/icons/profile_avatar_border@2x.png
2025-09-10 08:08:47 +0000  copying file ./Payload/KaitoYaps.app/assets/assets/images/icons/triangle_up_green.png ... 
2025-09-10 08:08:47 +0000  179 bytes for ./Payload/KaitoYaps.app/assets/assets/images/icons/triangle_up_green.png
2025-09-10 08:08:47 +0000  copying file ./Payload/KaitoYaps.app/assets/assets/images/icons/navigation_back.png ... 
2025-09-10 08:08:47 +0000  209 bytes for ./Payload/KaitoYaps.app/assets/assets/images/icons/navigation_back.png
2025-09-10 08:08:47 +0000  copying file ./Payload/KaitoYaps.app/assets/assets/images/icons/pretge-top-two@2x.png ... 
2025-09-10 08:08:47 +0000  2822 bytes for ./Payload/KaitoYaps.app/assets/assets/images/icons/pretge-top-two@2x.png
2025-09-10 08:08:47 +0000  copying file ./Payload/KaitoYaps.app/assets/assets/images/icons/base_icon@2x.png ... 
2025-09-10 08:08:47 +0000  5707 bytes for ./Payload/KaitoYaps.app/assets/assets/images/icons/base_icon@2x.png
2025-09-10 08:08:47 +0000  copying file ./Payload/KaitoYaps.app/assets/assets/images/icons/icon_back@2x.png ... 
2025-09-10 08:08:47 +0000  352 bytes for ./Payload/KaitoYaps.app/assets/assets/images/icons/icon_back@2x.png
2025-09-10 08:08:47 +0000  copying file ./Payload/KaitoYaps.app/assets/assets/images/icons/bottom_alert_check@2x.png ... 
2025-09-10 08:08:47 +0000  678 bytes for ./Payload/KaitoYaps.app/assets/assets/images/icons/bottom_alert_check@2x.png
2025-09-10 08:08:47 +0000  copying file ./Payload/KaitoYaps.app/assets/assets/images/icons/pretge-top-one.png ... 
2025-09-10 08:08:47 +0000  1207 bytes for ./Payload/KaitoYaps.app/assets/assets/images/icons/pretge-top-one.png
2025-09-10 08:08:47 +0000  copying file ./Payload/KaitoYaps.app/assets/assets/images/icons/login_verification@3x.png ... 
2025-09-10 08:08:47 +0000  1085 bytes for ./Payload/KaitoYaps.app/assets/assets/images/icons/login_verification@3x.png
2025-09-10 08:08:47 +0000  copying file ./Payload/KaitoYaps.app/assets/assets/images/icons/stake_line.png ... 
2025-09-10 08:08:47 +0000  449 bytes for ./Payload/KaitoYaps.app/assets/assets/images/icons/stake_line.png
2025-09-10 08:08:47 +0000  copying file ./Payload/KaitoYaps.app/assets/assets/images/icons/login_email.png ... 
2025-09-10 08:08:47 +0000  319 bytes for ./Payload/KaitoYaps.app/assets/assets/images/icons/login_email.png
2025-09-10 08:08:47 +0000  copying file ./Payload/KaitoYaps.app/assets/assets/images/icons/pretge-rank-sortDesc.png ... 
2025-09-10 08:08:47 +0000  209 bytes for ./Payload/KaitoYaps.app/assets/assets/images/icons/pretge-rank-sortDesc.png
2025-09-10 08:08:47 +0000  copying file ./Payload/KaitoYaps.app/assets/assets/images/icons/chevron@2x.png ... 
2025-09-10 08:08:47 +0000  221 bytes for ./Payload/KaitoYaps.app/assets/assets/images/icons/chevron@2x.png
2025-09-10 08:08:47 +0000  copying file ./Payload/KaitoYaps.app/assets/assets/images/icons/icon-unfold-chevron@3x.png ... 
2025-09-10 08:08:47 +0000  368 bytes for ./Payload/KaitoYaps.app/assets/assets/images/icons/icon-unfold-chevron@3x.png
2025-09-10 08:08:47 +0000  copying file ./Payload/KaitoYaps.app/assets/assets/images/icons/login_kog.png ... 
2025-09-10 08:08:47 +0000  2095 bytes for ./Payload/KaitoYaps.app/assets/assets/images/icons/login_kog.png
2025-09-10 08:08:47 +0000  copying file ./Payload/KaitoYaps.app/assets/assets/images/icons/triangle_down_red.png ... 
2025-09-10 08:08:47 +0000  184 bytes for ./Payload/KaitoYaps.app/assets/assets/images/icons/triangle_down_red.png
2025-09-10 08:08:47 +0000  copying file ./Payload/KaitoYaps.app/assets/assets/images/icons/transfer_arrow.png ... 
2025-09-10 08:08:47 +0000  316 bytes for ./Payload/KaitoYaps.app/assets/assets/images/icons/transfer_arrow.png
2025-09-10 08:08:47 +0000  copying file ./Payload/KaitoYaps.app/assets/assets/images/icons/icon-coin.png ... 
2025-09-10 08:08:47 +0000  3876 bytes for ./Payload/KaitoYaps.app/assets/assets/images/icons/icon-coin.png
2025-09-10 08:08:47 +0000  copying file ./Payload/KaitoYaps.app/assets/assets/images/icons/profile_emerging_ct@2x.png ... 
2025-09-10 08:08:47 +0000  596 bytes for ./Payload/KaitoYaps.app/assets/assets/images/icons/profile_emerging_ct@2x.png
2025-09-10 08:08:47 +0000  copying file ./Payload/KaitoYaps.app/assets/assets/images/icons/icon-nft@3x.png ... 
2025-09-10 08:08:47 +0000  10709 bytes for ./Payload/KaitoYaps.app/assets/assets/images/icons/icon-nft@3x.png
2025-09-10 08:08:47 +0000  copying file ./Payload/KaitoYaps.app/assets/assets/images/icons/profile_right_blue.png ... 
2025-09-10 08:08:47 +0000  229 bytes for ./Payload/KaitoYaps.app/assets/assets/images/icons/profile_right_blue.png
2025-09-10 08:08:47 +0000  copying file ./Payload/KaitoYaps.app/assets/assets/images/icons/pretge-report-list@2x.png ... 
2025-09-10 08:08:47 +0000  301 bytes for ./Payload/KaitoYaps.app/assets/assets/images/icons/pretge-report-list@2x.png
2025-09-10 08:08:47 +0000  copying file ./Payload/KaitoYaps.app/assets/assets/images/icons/icon-address-copy@3x.png ... 
2025-09-10 08:08:47 +0000  493 bytes for ./Payload/KaitoYaps.app/assets/assets/images/icons/icon-address-copy@3x.png
2025-09-10 08:08:47 +0000  copying file ./Payload/KaitoYaps.app/assets/assets/images/icons/pretge-ai-helper@2x.png ... 
2025-09-10 08:08:47 +0000  919 bytes for ./Payload/KaitoYaps.app/assets/assets/images/icons/pretge-ai-helper@2x.png
2025-09-10 08:08:47 +0000  copying file ./Payload/KaitoYaps.app/assets/assets/images/icons/pretge-top-three@3x.png ... 
2025-09-10 08:08:47 +0000  5668 bytes for ./Payload/KaitoYaps.app/assets/assets/images/icons/pretge-top-three@3x.png
2025-09-10 08:08:47 +0000  copying file ./Payload/KaitoYaps.app/assets/assets/images/icons/preTge_selection.png ... 
2025-09-10 08:08:47 +0000  195 bytes for ./Payload/KaitoYaps.app/assets/assets/images/icons/preTge_selection.png
2025-09-10 08:08:47 +0000  copying file ./Payload/KaitoYaps.app/assets/assets/images/icons/triangle_up_green@3x.png ... 
2025-09-10 08:08:47 +0000  259 bytes for ./Payload/KaitoYaps.app/assets/assets/images/icons/triangle_up_green@3x.png
2025-09-10 08:08:47 +0000  copying file ./Payload/KaitoYaps.app/assets/assets/images/icons/login_socialCard.png ... 
2025-09-10 08:08:47 +0000  211277 bytes for ./Payload/KaitoYaps.app/assets/assets/images/icons/login_socialCard.png
2025-09-10 08:08:47 +0000  copying file ./Payload/KaitoYaps.app/assets/assets/images/icons/profileLeadboardRankTwo@3x.png ... 
2025-09-10 08:08:47 +0000  7872 bytes for ./Payload/KaitoYaps.app/assets/assets/images/icons/profileLeadboardRankTwo@3x.png
2025-09-10 08:08:47 +0000  copying file ./Payload/KaitoYaps.app/assets/assets/images/icons/stake_vertex.png ... 
2025-09-10 08:08:47 +0000  262 bytes for ./Payload/KaitoYaps.app/assets/assets/images/icons/stake_vertex.png
2025-09-10 08:08:47 +0000  copying file ./Payload/KaitoYaps.app/assets/assets/images/icons/stake_failure@3x.png ... 
2025-09-10 08:08:47 +0000  10287 bytes for ./Payload/KaitoYaps.app/assets/assets/images/icons/stake_failure@3x.png
2025-09-10 08:08:47 +0000  copying file ./Payload/KaitoYaps.app/assets/assets/images/icons/pretge-top-three.png ... 
2025-09-10 08:08:47 +0000  1318 bytes for ./Payload/KaitoYaps.app/assets/assets/images/icons/pretge-top-three.png
2025-09-10 08:08:47 +0000  copying file ./Payload/KaitoYaps.app/assets/assets/images/icons/privy_log@2x.png ... 
2025-09-10 08:08:47 +0000  336 bytes for ./Payload/KaitoYaps.app/assets/assets/images/icons/privy_log@2x.png
2025-09-10 08:08:47 +0000  copying file ./Payload/KaitoYaps.app/assets/assets/images/icons/stake_arraw@2x.png ... 
2025-09-10 08:08:47 +0000  1196 bytes for ./Payload/KaitoYaps.app/assets/assets/images/icons/stake_arraw@2x.png
2025-09-10 08:08:47 +0000  copying file ./Payload/KaitoYaps.app/assets/assets/images/icons/login_logo@2x.png ... 
2025-09-10 08:08:47 +0000  1375 bytes for ./Payload/KaitoYaps.app/assets/assets/images/icons/login_logo@2x.png
2025-09-10 08:08:47 +0000  copying file ./Payload/KaitoYaps.app/assets/assets/images/icons/pretge-top-one@3x.png ... 
2025-09-10 08:08:47 +0000  5680 bytes for ./Payload/KaitoYaps.app/assets/assets/images/icons/pretge-top-one@3x.png
2025-09-10 08:08:47 +0000  copying file ./Payload/KaitoYaps.app/assets/assets/images/icons/transfer_skaito@2x.png ... 
2025-09-10 08:08:47 +0000  1708 bytes for ./Payload/KaitoYaps.app/assets/assets/images/icons/transfer_skaito@2x.png
2025-09-10 08:08:47 +0000  copying file ./Payload/KaitoYaps.app/assets/assets/images/icons/login_twitter.png ... 
2025-09-10 08:08:47 +0000  348 bytes for ./Payload/KaitoYaps.app/assets/assets/images/icons/login_twitter.png
2025-09-10 08:08:47 +0000  copying file ./Payload/KaitoYaps.app/assets/assets/images/icons/profile_right_blue@3x.png ... 
2025-09-10 08:08:47 +0000  359 bytes for ./Payload/KaitoYaps.app/assets/assets/images/icons/profile_right_blue@3x.png
2025-09-10 08:08:47 +0000  copying file ./Payload/KaitoYaps.app/assets/assets/images/icons/pretge-rank-sortAsc.png ... 
2025-09-10 08:08:47 +0000  202 bytes for ./Payload/KaitoYaps.app/assets/assets/images/icons/pretge-rank-sortAsc.png
2025-09-10 08:08:47 +0000  copying file ./Payload/KaitoYaps.app/assets/assets/images/icons/profile_logout@3x.png ... 
2025-09-10 08:08:47 +0000  488 bytes for ./Payload/KaitoYaps.app/assets/assets/images/icons/profile_logout@3x.png
2025-09-10 08:08:47 +0000  copying file ./Payload/KaitoYaps.app/assets/assets/images/icons/transfer_kaito@2x.png ... 
2025-09-10 08:08:47 +0000  2186 bytes for ./Payload/KaitoYaps.app/assets/assets/images/icons/transfer_kaito@2x.png
2025-09-10 08:08:47 +0000  copying file ./Payload/KaitoYaps.app/assets/assets/images/icons/privy_login_log@3x.png ... 
2025-09-10 08:08:47 +0000  842 bytes for ./Payload/KaitoYaps.app/assets/assets/images/icons/privy_login_log@3x.png
2025-09-10 08:08:47 +0000  copying file ./Payload/KaitoYaps.app/assets/assets/images/icons/transfer_arrow@3x.png ... 
2025-09-10 08:08:47 +0000  560 bytes for ./Payload/KaitoYaps.app/assets/assets/images/icons/transfer_arrow@3x.png
2025-09-10 08:08:47 +0000  copying file ./Payload/KaitoYaps.app/assets/assets/images/icons/Icon-Attention-cover@3x.png ... 
2025-09-10 08:08:47 +0000  672 bytes for ./Payload/KaitoYaps.app/assets/assets/images/icons/Icon-Attention-cover@3x.png
2025-09-10 08:08:47 +0000  copying file ./Payload/KaitoYaps.app/assets/assets/images/icons/social_card_badge@3x.png ... 
2025-09-10 08:08:47 +0000  630879 bytes for ./Payload/KaitoYaps.app/assets/assets/images/icons/social_card_badge@3x.png
2025-09-10 08:08:47 +0000  copying file ./Payload/KaitoYaps.app/assets/assets/images/icons/headmap_top1@3x.png ... 
2025-09-10 08:08:47 +0000  10516 bytes for ./Payload/KaitoYaps.app/assets/assets/images/icons/headmap_top1@3x.png
2025-09-10 08:08:47 +0000  copying file ./Payload/KaitoYaps.app/assets/assets/images/icons/pretge-aiHelper-tip.png ... 
2025-09-10 08:08:47 +0000  10684 bytes for ./Payload/KaitoYaps.app/assets/assets/images/icons/pretge-aiHelper-tip.png
2025-09-10 08:08:47 +0000  copying file ./Payload/KaitoYaps.app/assets/assets/images/icons/icon-vertex@3x.png ... 
276 bytes for ./Payload/KaitoYaps.app/assets/assets/images/icons/icon-vertex@3x.png
copying file ./Payload/KaitoYaps.app/assets/assets/images/icons/privy_log.png ... 
241 bytes for ./Payload/KaitoYaps.app/assets/assets/images/icons/privy_log.png
2025-09-10 08:08:47 +0000  copying file ./Payload/KaitoYaps.app/assets/assets/images/icons/pretge-vs@2x.png ... 
2025-09-10 08:08:47 +0000  1050 bytes for ./Payload/KaitoYaps.app/assets/assets/images/icons/pretge-vs@2x.png
2025-09-10 08:08:47 +0000  copying file ./Payload/KaitoYaps.app/assets/assets/images/icons/login_line@3x.png ... 
2025-09-10 08:08:47 +0000  1624 bytes for ./Payload/KaitoYaps.app/assets/assets/images/icons/login_line@3x.png
2025-09-10 08:08:47 +0000  copying file ./Payload/KaitoYaps.app/assets/assets/images/icons/login_kog@2x.png ... 
2025-09-10 08:08:47 +0000  4253 bytes for ./Payload/KaitoYaps.app/assets/assets/images/icons/login_kog@2x.png
2025-09-10 08:08:47 +0000  copying file ./Payload/KaitoYaps.app/assets/assets/images/icons/pretge-rank-default@3x.png ... 
2025-09-10 08:08:47 +0000  342 bytes for ./Payload/KaitoYaps.app/assets/assets/images/icons/pretge-rank-default@3x.png
2025-09-10 08:08:47 +0000  copying file ./Payload/KaitoYaps.app/assets/assets/images/icons/headmap_top3@2x.png ... 
2025-09-10 08:08:47 +0000  6935 bytes for ./Payload/KaitoYaps.app/assets/assets/images/icons/headmap_top3@2x.png
2025-09-10 08:08:47 +0000  copying file ./Payload/KaitoYaps.app/assets/assets/images/icons/page-middle@3x.png ... 
2025-09-10 08:08:47 +0000  766790 bytes for ./Payload/KaitoYaps.app/assets/assets/images/icons/page-middle@3x.png
2025-09-10 08:08:47 +0000  copying file ./Payload/KaitoYaps.app/assets/assets/images/icons/botton_alert_cross@3x.png ... 
2025-09-10 08:08:47 +0000  418 bytes for ./Payload/KaitoYaps.app/assets/assets/images/icons/botton_alert_cross@3x.png
copying file ./Payload/KaitoYaps.app/assets/assets/images/icons/headmap_top3@3x.png ... 
2025-09-10 08:08:47 +0000  13155 bytes for ./Payload/KaitoYaps.app/assets/assets/images/icons/headmap_top3@3x.png
2025-09-10 08:08:47 +0000  copying file ./Payload/KaitoYaps.app/assets/assets/images/icons/page-middle@2x.png ... 
2025-09-10 08:08:47 +0000  413031 bytes for ./Payload/KaitoYaps.app/assets/assets/images/icons/page-middle@2x.png
2025-09-10 08:08:47 +0000  copying file ./Payload/KaitoYaps.app/assets/assets/images/icons/botton_alert_cross@2x.png ... 
2025-09-10 08:08:47 +0000  312 bytes for ./Payload/KaitoYaps.app/assets/assets/images/icons/botton_alert_cross@2x.png
2025-09-10 08:08:47 +0000  copying file ./Payload/KaitoYaps.app/assets/assets/images/icons/icon-alert-close.png ... 
2025-09-10 08:08:47 +0000  205 bytes for ./Payload/KaitoYaps.app/assets/assets/images/icons/icon-alert-close.png
2025-09-10 08:08:47 +0000  copying file ./Payload/KaitoYaps.app/assets/assets/images/icons/stake_skaito.png ... 
2025-09-10 08:08:47 +0000  1147 bytes for ./Payload/KaitoYaps.app/assets/assets/images/icons/stake_skaito.png
2025-09-10 08:08:47 +0000  copying file ./Payload/KaitoYaps.app/assets/assets/images/icons/pretge-rank-default@2x.png ... 
2025-09-10 08:08:47 +0000  280 bytes for ./Payload/KaitoYaps.app/assets/assets/images/icons/pretge-rank-default@2x.png
2025-09-10 08:08:47 +0000  copying file ./Payload/KaitoYaps.app/assets/assets/images/icons/pretge-vs@3x.png ... 
2025-09-10 08:08:47 +0000  1718 bytes for ./Payload/KaitoYaps.app/assets/assets/images/icons/pretge-vs@3x.png
2025-09-10 08:08:47 +0000  copying file ./Payload/KaitoYaps.app/assets/assets/images/icons/login_line@2x.png ... 
2025-09-10 08:08:47 +0000  855 bytes for ./Payload/KaitoYaps.app/assets/assets/images/icons/login_line@2x.png
2025-09-10 08:08:47 +0000  copying file ./Payload/KaitoYaps.app/assets/assets/images/icons/login_kog@3x.png ... 
2025-09-10 08:08:47 +0000  4703 bytes for ./Payload/KaitoYaps.app/assets/assets/images/icons/login_kog@3x.png
2025-09-10 08:08:47 +0000  copying file ./Payload/KaitoYaps.app/assets/assets/images/icons/icon-vertex@2x.png ... 
2025-09-10 08:08:47 +0000  237 bytes for ./Payload/KaitoYaps.app/assets/assets/images/icons/icon-vertex@2x.png
2025-09-10 08:08:47 +0000  copying file ./Payload/KaitoYaps.app/assets/assets/images/icons/profileLeadboardRankOne.png ... 
2025-09-10 08:08:47 +0000  1380 bytes for ./Payload/KaitoYaps.app/assets/assets/images/icons/profileLeadboardRankOne.png
2025-09-10 08:08:47 +0000  copying file ./Payload/KaitoYaps.app/assets/assets/images/icons/profile_avatar_vip.png ... 
2025-09-10 08:08:47 +0000  1831 bytes for ./Payload/KaitoYaps.app/assets/assets/images/icons/profile_avatar_vip.png
2025-09-10 08:08:47 +0000  copying file ./Payload/KaitoYaps.app/assets/assets/images/icons/headmap_top1@2x.png ... 
2025-09-10 08:08:47 +0000  5586 bytes for ./Payload/KaitoYaps.app/assets/assets/images/icons/headmap_top1@2x.png
2025-09-10 08:08:47 +0000  copying file ./Payload/KaitoYaps.app/assets/assets/images/icons/social_card_badge@2x.png ... 
2025-09-10 08:08:47 +0000  310165 bytes for ./Payload/KaitoYaps.app/assets/assets/images/icons/social_card_badge@2x.png
2025-09-10 08:08:47 +0000  copying file ./Payload/KaitoYaps.app/assets/assets/images/icons/base_icon.png ... 
2025-09-10 08:08:47 +0000  1947 bytes for ./Payload/KaitoYaps.app/assets/assets/images/icons/base_icon.png
2025-09-10 08:08:47 +0000  copying file ./Payload/KaitoYaps.app/assets/assets/images/icons/transfer_arrow@2x.png ... 
2025-09-10 08:08:47 +0000  454 bytes for ./Payload/KaitoYaps.app/assets/assets/images/icons/transfer_arrow@2x.png
2025-09-10 08:08:47 +0000  copying file ./Payload/KaitoYaps.app/assets/assets/images/icons/Icon-Attention-cover@2x.png ... 
2025-09-10 08:08:47 +0000  548 bytes for ./Payload/KaitoYaps.app/assets/assets/images/icons/Icon-Attention-cover@2x.png
2025-09-10 08:08:47 +0000  copying file ./Payload/KaitoYaps.app/assets/assets/images/icons/privy_login_log@2x.png ... 
2025-09-10 08:08:47 +0000  597 bytes for ./Payload/KaitoYaps.app/assets/assets/images/icons/privy_login_log@2x.png
2025-09-10 08:08:47 +0000  copying file ./Payload/KaitoYaps.app/assets/assets/images/icons/stake_kaito.png ... 
2025-09-10 08:08:47 +0000  1420 bytes for ./Payload/KaitoYaps.app/assets/assets/images/icons/stake_kaito.png
2025-09-10 08:08:47 +0000  copying file ./Payload/KaitoYaps.app/assets/assets/images/icons/login_yapper.png ... 
2025-09-10 08:08:47 +0000  14866 bytes for ./Payload/KaitoYaps.app/assets/assets/images/icons/login_yapper.png
2025-09-10 08:08:47 +0000  copying file ./Payload/KaitoYaps.app/assets/assets/images/icons/profile_token.png ... 
2025-09-10 08:08:47 +0000  2177 bytes for ./Payload/KaitoYaps.app/assets/assets/images/icons/profile_token.png
2025-09-10 08:08:47 +0000  copying file ./Payload/KaitoYaps.app/assets/assets/images/icons/profile_logout@2x.png ... 
2025-09-10 08:08:47 +0000  384 bytes for ./Payload/KaitoYaps.app/assets/assets/images/icons/profile_logout@2x.png
2025-09-10 08:08:47 +0000  copying file ./Payload/KaitoYaps.app/assets/assets/images/icons/transfer_kaito@3x.png ... 
2025-09-10 08:08:47 +0000  3334 bytes for ./Payload/KaitoYaps.app/assets/assets/images/icons/transfer_kaito@3x.png
2025-09-10 08:08:47 +0000  copying file ./Payload/KaitoYaps.app/assets/assets/images/icons/profile_right_blue@2x.png ... 
2025-09-10 08:08:47 +0000  304 bytes for ./Payload/KaitoYaps.app/assets/assets/images/icons/profile_right_blue@2x.png
2025-09-10 08:08:47 +0000  copying file ./Payload/KaitoYaps.app/assets/assets/images/icons/pretge-top-one@2x.png ... 
2025-09-10 08:08:47 +0000  3154 bytes for ./Payload/KaitoYaps.app/assets/assets/images/icons/pretge-top-one@2x.png
2025-09-10 08:08:47 +0000  copying file ./Payload/KaitoYaps.app/assets/assets/images/icons/transfer_skaito@3x.png ... 
2025-09-10 08:08:47 +0000  2474 bytes for ./Payload/KaitoYaps.app/assets/assets/images/icons/transfer_skaito@3x.png
2025-09-10 08:08:47 +0000  copying file ./Payload/KaitoYaps.app/assets/assets/images/icons/page-header.png ... 
2025-09-10 08:08:47 +0000  45433 bytes for ./Payload/KaitoYaps.app/assets/assets/images/icons/page-header.png
2025-09-10 08:08:47 +0000  copying file ./Payload/KaitoYaps.app/assets/assets/images/icons/privy_log@3x.png ... 
2025-09-10 08:08:47 +0000  429 bytes for ./Payload/KaitoYaps.app/assets/assets/images/icons/privy_log@3x.png
2025-09-10 08:08:47 +0000  copying file ./Payload/KaitoYaps.app/assets/assets/images/icons/stake_arraw@3x.png ... 
2025-09-10 08:08:47 +0000  1722 bytes for ./Payload/KaitoYaps.app/assets/assets/images/icons/stake_arraw@3x.png
2025-09-10 08:08:47 +0000  copying file ./Payload/KaitoYaps.app/assets/assets/images/icons/login_logo@3x.png ... 
2025-09-10 08:08:47 +0000  1848 bytes for ./Payload/KaitoYaps.app/assets/assets/images/icons/login_logo@3x.png
2025-09-10 08:08:47 +0000  copying file ./Payload/KaitoYaps.app/assets/assets/images/icons/stake_failure@2x.png ... 
2025-09-10 08:08:47 +0000  5814 bytes for ./Payload/KaitoYaps.app/assets/assets/images/icons/stake_failure@2x.png
2025-09-10 08:08:47 +0000  copying file ./Payload/KaitoYaps.app/assets/assets/images/icons/profileLeadboardRankTwo@2x.png ... 
2025-09-10 08:08:47 +0000  4043 bytes for ./Payload/KaitoYaps.app/assets/assets/images/icons/profileLeadboardRankTwo@2x.png
2025-09-10 08:08:47 +0000  copying file ./Payload/KaitoYaps.app/assets/assets/images/icons/triangle_up_green@2x.png ... 
2025-09-10 08:08:47 +0000  225 bytes for ./Payload/KaitoYaps.app/assets/assets/images/icons/triangle_up_green@2x.png
2025-09-10 08:08:47 +0000  copying file ./Payload/KaitoYaps.app/assets/assets/images/icons/icon-nft.png ... 
2025-09-10 08:08:47 +0000  3234 bytes for ./Payload/KaitoYaps.app/assets/assets/images/icons/icon-nft.png
2025-09-10 08:08:47 +0000  copying file ./Payload/KaitoYaps.app/assets/assets/images/icons/pretge-ai-helper@3x.png ... 
2025-09-10 08:08:47 +0000  1463 bytes for ./Payload/KaitoYaps.app/assets/assets/images/icons/pretge-ai-helper@3x.png
2025-09-10 08:08:47 +0000  copying file ./Payload/KaitoYaps.app/assets/assets/images/icons/pretge-top-three@2x.png ... 
2025-09-10 08:08:47 +0000  3174 bytes for ./Payload/KaitoYaps.app/assets/assets/images/icons/pretge-top-three@2x.png
2025-09-10 08:08:47 +0000  copying file ./Payload/KaitoYaps.app/assets/assets/images/icons/log_loading_two.png ... 
2025-09-10 08:08:47 +0000  49696 bytes for ./Payload/KaitoYaps.app/assets/assets/images/icons/log_loading_two.png
2025-09-10 08:08:47 +0000  copying file ./Payload/KaitoYaps.app/assets/assets/images/icons/pretge-report-icon.png ... 
2025-09-10 08:08:47 +0000  286 bytes for ./Payload/KaitoYaps.app/assets/assets/images/icons/pretge-report-icon.png
2025-09-10 08:08:47 +0000  copying file ./Payload/KaitoYaps.app/assets/assets/images/icons/icon-close-alert.png ... 
2025-09-10 08:08:47 +0000  741 bytes for ./Payload/KaitoYaps.app/assets/assets/images/icons/icon-close-alert.png
2025-09-10 08:08:47 +0000  copying file ./Payload/KaitoYaps.app/assets/assets/images/icons/icon-address-copy@2x.png ... 
2025-09-10 08:08:47 +0000  394 bytes for ./Payload/KaitoYaps.app/assets/assets/images/icons/icon-address-copy@2x.png
2025-09-10 08:08:47 +0000  copying file ./Payload/KaitoYaps.app/assets/assets/images/tabicon/icon-tab-stake-act.png ... 
2025-09-10 08:08:47 +0000  469 bytes for ./Payload/KaitoYaps.app/assets/assets/images/tabicon/icon-tab-stake-act.png
2025-09-10 08:08:47 +0000  copying file ./Payload/KaitoYaps.app/assets/assets/images/tabicon/icon-tab-yaps-act@2x.png ... 
2025-09-10 08:08:47 +0000  707 bytes for ./Payload/KaitoYaps.app/assets/assets/images/tabicon/icon-tab-yaps-act@2x.png
2025-09-10 08:08:47 +0000  copying file ./Payload/KaitoYaps.app/assets/assets/images/tabicon/icon-tab-stake@3x.png ... 
2025-09-10 08:08:47 +0000  1579 bytes for ./Payload/KaitoYaps.app/assets/assets/images/tabicon/icon-tab-stake@3x.png
2025-09-10 08:08:47 +0000  copying file ./Payload/KaitoYaps.app/assets/assets/images/tabicon/icon-tab-stake.png ... 
2025-09-10 08:08:47 +0000  597 bytes for ./Payload/KaitoYaps.app/assets/assets/images/tabicon/icon-tab-stake.png
2025-09-10 08:08:47 +0000  copying file ./Payload/KaitoYaps.app/assets/assets/images/tabicon/icon-tab-profile-act.png ... 
2025-09-10 08:08:47 +0000  349 bytes for ./Payload/KaitoYaps.app/assets/assets/images/tabicon/icon-tab-profile-act.png
2025-09-10 08:08:47 +0000  copying file ./Payload/KaitoYaps.app/assets/assets/images/tabicon/icon-tab-stake@2x.png ... 
2025-09-10 08:08:47 +0000  1062 bytes for ./Payload/KaitoYaps.app/assets/assets/images/tabicon/icon-tab-stake@2x.png
2025-09-10 08:08:47 +0000  copying file ./Payload/KaitoYaps.app/assets/assets/images/tabicon/icon-tab-yaps-act@3x.png ... 
2025-09-10 08:08:47 +0000  1099 bytes for ./Payload/KaitoYaps.app/assets/assets/images/tabicon/icon-tab-yaps-act@3x.png
2025-09-10 08:08:47 +0000  copying file ./Payload/KaitoYaps.app/assets/assets/images/tabicon/icon-tab-profile-act@2x.png ... 
2025-09-10 08:08:47 +0000  657 bytes for ./Payload/KaitoYaps.app/assets/assets/images/tabicon/icon-tab-profile-act@2x.png
2025-09-10 08:08:47 +0000  copying file ./Payload/KaitoYaps.app/assets/assets/images/tabicon/icon-tab-profile@3x.png ... 
2025-09-10 08:08:47 +0000  1115 bytes for ./Payload/KaitoYaps.app/assets/assets/images/tabicon/icon-tab-profile@3x.png
2025-09-10 08:08:47 +0000  copying file ./Payload/KaitoYaps.app/assets/assets/images/tabicon/icon-tab-yaps@3x.png ... 
2025-09-10 08:08:47 +0000  1259 bytes for ./Payload/KaitoYaps.app/assets/assets/images/tabicon/icon-tab-yaps@3x.png
2025-09-10 08:08:47 +0000  copying file ./Payload/KaitoYaps.app/assets/assets/images/tabicon/icon-tab-yaps@2x.png ... 
2025-09-10 08:08:47 +0000  859 bytes for ./Payload/KaitoYaps.app/assets/assets/images/tabicon/icon-tab-yaps@2x.png
2025-09-10 08:08:47 +0000  copying file ./Payload/KaitoYaps.app/assets/assets/images/tabicon/icon-tab-pre-tag-act.png ... 
2025-09-10 08:08:47 +0000  407 bytes for ./Payload/KaitoYaps.app/assets/assets/images/tabicon/icon-tab-pre-tag-act.png
2025-09-10 08:08:47 +0000  copying file ./Payload/KaitoYaps.app/assets/assets/images/tabicon/icon-tab-profile@2x.png ... 
2025-09-10 08:08:47 +0000  779 bytes for ./Payload/KaitoYaps.app/assets/assets/images/tabicon/icon-tab-profile@2x.png
2025-09-10 08:08:47 +0000  copying file ./Payload/KaitoYaps.app/assets/assets/images/tabicon/icon-tab-pre-tag.png ... 
2025-09-10 08:08:47 +0000  501 bytes for ./Payload/KaitoYaps.app/assets/assets/images/tabicon/icon-tab-pre-tag.png
2025-09-10 08:08:47 +0000  copying file ./Payload/KaitoYaps.app/assets/assets/images/tabicon/icon-tab-profile-act@3x.png ... 
2025-09-10 08:08:47 +0000  926 bytes for ./Payload/KaitoYaps.app/assets/assets/images/tabicon/icon-tab-profile-act@3x.png
2025-09-10 08:08:47 +0000  copying file ./Payload/KaitoYaps.app/assets/assets/images/tabicon/icon-tab-yaps-act.png ... 
2025-09-10 08:08:47 +0000  461 bytes for ./Payload/KaitoYaps.app/assets/assets/images/tabicon/icon-tab-yaps-act.png
2025-09-10 08:08:47 +0000  copying file ./Payload/KaitoYaps.app/assets/assets/images/tabicon/icon-tab-yaps.png ... 
2025-09-10 08:08:47 +0000  510 bytes for ./Payload/KaitoYaps.app/assets/assets/images/tabicon/icon-tab-yaps.png
copying file ./Payload/KaitoYaps.app/assets/assets/images/tabicon/icon-tab-profile.png ... 
2025-09-10 08:08:47 +0000  410 bytes for ./Payload/KaitoYaps.app/assets/assets/images/tabicon/icon-tab-profile.png
2025-09-10 08:08:47 +0000  copying file ./Payload/KaitoYaps.app/assets/assets/images/tabicon/icon-tab-pre-tag@3x.png ... 
2025-09-10 08:08:47 +0000  1404 bytes for ./Payload/KaitoYaps.app/assets/assets/images/tabicon/icon-tab-pre-tag@3x.png
2025-09-10 08:08:47 +0000  copying file ./Payload/KaitoYaps.app/assets/assets/images/tabicon/icon-tab-stake-act@3x.png ... 
2025-09-10 08:08:47 +0000  1223 bytes for ./Payload/KaitoYaps.app/assets/assets/images/tabicon/icon-tab-stake-act@3x.png
2025-09-10 08:08:47 +0000  copying file ./Payload/KaitoYaps.app/assets/assets/images/tabicon/icon-tab-pre-tag-act@2x.png ... 
2025-09-10 08:08:47 +0000  763 bytes for ./Payload/KaitoYaps.app/assets/assets/images/tabicon/icon-tab-pre-tag-act@2x.png
2025-09-10 08:08:47 +0000  copying file ./Payload/KaitoYaps.app/assets/assets/images/tabicon/icon-tab-pre-tag-act@3x.png ... 
2025-09-10 08:08:47 +0000  1118 bytes for ./Payload/KaitoYaps.app/assets/assets/images/tabicon/icon-tab-pre-tag-act@3x.png
2025-09-10 08:08:47 +0000  copying file ./Payload/KaitoYaps.app/assets/assets/images/tabicon/icon-tab-stake-act@2x.png ... 
2025-09-10 08:08:47 +0000  829 bytes for ./Payload/KaitoYaps.app/assets/assets/images/tabicon/icon-tab-stake-act@2x.png
2025-09-10 08:08:47 +0000  copying file ./Payload/KaitoYaps.app/assets/assets/images/tabicon/icon-tab-pre-tag@2x.png ... 
2025-09-10 08:08:47 +0000  942 bytes for ./Payload/KaitoYaps.app/assets/assets/images/tabicon/icon-tab-pre-tag@2x.png
2025-09-10 08:08:47 +0000  copying file ./Payload/KaitoYaps.app/assets/assets/images/banner/pre-tge-banner.png ... 
2025-09-10 08:08:47 +0000  35638 bytes for ./Payload/KaitoYaps.app/assets/assets/images/banner/pre-tge-banner.png
2025-09-10 08:08:47 +0000  copying file ./Payload/KaitoYaps.app/assets/assets/images/banner/pre-tge-banner@3x.png ... 
2025-09-10 08:08:47 +0000  233433 bytes for ./Payload/KaitoYaps.app/assets/assets/images/banner/pre-tge-banner@3x.png
2025-09-10 08:08:47 +0000  copying file ./Payload/KaitoYaps.app/assets/assets/images/banner/pre-tge-banner@2x.png ... 
2025-09-10 08:08:47 +0000  119710 bytes for ./Payload/KaitoYaps.app/assets/assets/images/banner/pre-tge-banner@2x.png
2025-09-10 08:08:47 +0000  copying file ./Payload/KaitoYaps.app/assets/assets/images/gif/loading.gif ... 
2025-09-10 08:08:47 +0000  96944 bytes for ./Payload/KaitoYaps.app/assets/assets/images/gif/loading.gif
2025-09-10 08:08:47 +0000  copying file ./Payload/KaitoYaps.app/FirebaseCrashlytics_Privacy.bundle/PrivacyInfo.xcprivacy ... 
2025-09-10 08:08:47 +0000  1383 bytes for ./Payload/KaitoYaps.app/FirebaseCrashlytics_Privacy.bundle/PrivacyInfo.xcprivacy
2025-09-10 08:08:47 +0000  copying file ./Payload/KaitoYaps.app/FirebaseCrashlytics_Privacy.bundle/Info.plist ... 
2025-09-10 08:08:47 +0000  799 bytes for ./Payload/KaitoYaps.app/FirebaseCrashlytics_Privacy.bundle/Info.plist
2025-09-10 08:08:47 +0000  copying file ./Payload/KaitoYaps.app/Info.plist ... 
2025-09-10 08:08:47 +0000  3517 bytes for ./Payload/KaitoYaps.app/Info.plist
2025-09-10 08:08:47 +0000  copying file ./Payload/KaitoYaps.app/FirebaseABTesting_Privacy.bundle/PrivacyInfo.xcprivacy ... 
2025-09-10 08:08:47 +0000  478 bytes for ./Payload/KaitoYaps.app/FirebaseABTesting_Privacy.bundle/PrivacyInfo.xcprivacy
2025-09-10 08:08:47 +0000  copying file ./Payload/KaitoYaps.app/FirebaseABTesting_Privacy.bundle/Info.plist ... 
2025-09-10 08:08:47 +0000  795 bytes for ./Payload/KaitoYaps.app/FirebaseABTesting_Privacy.bundle/Info.plist
2025-09-10 08:08:47 +0000  copying file ./Payload/KaitoYaps.app/Expo.plist ... 
2025-09-10 08:08:47 +0000  225 bytes for ./Payload/KaitoYaps.app/Expo.plist
2025-09-10 08:08:47 +0000  copying file ./Payload/KaitoYaps.app/RNCAsyncStorage_resources.bundle/PrivacyInfo.xcprivacy ... 
2025-09-10 08:08:47 +0000  512 bytes for ./Payload/KaitoYaps.app/RNCAsyncStorage_resources.bundle/PrivacyInfo.xcprivacy
2025-09-10 08:08:47 +0000  copying file ./Payload/KaitoYaps.app/RNCAsyncStorage_resources.bundle/Info.plist ... 
2025-09-10 08:08:47 +0000  794 bytes for ./Payload/KaitoYaps.app/RNCAsyncStorage_resources.bundle/Info.plist
2025-09-10 08:08:47 +0000  copying file ./Payload/KaitoYaps.app/PkgInfo ... 
2025-09-10 08:08:47 +0000  8 bytes for ./Payload/KaitoYaps.app/PkgInfo
2025-09-10 08:08:47 +0000  copying file ./Payload/KaitoYaps.app/React-Core_privacy.bundle/PrivacyInfo.xcprivacy ... 
2025-09-10 08:08:47 +0000  768 bytes for ./Payload/KaitoYaps.app/React-Core_privacy.bundle/PrivacyInfo.xcprivacy
2025-09-10 08:08:47 +0000  copying file ./Payload/KaitoYaps.app/React-Core_privacy.bundle/Info.plist ... 
2025-09-10 08:08:47 +0000  781 bytes for ./Payload/KaitoYaps.app/React-Core_privacy.bundle/Info.plist
2025-09-10 08:08:47 +0000  copying file ./Payload/KaitoYaps.app/Promises_Privacy.bundle/PrivacyInfo.xcprivacy ... 
2025-09-10 08:08:47 +0000  373 bytes for ./Payload/KaitoYaps.app/Promises_Privacy.bundle/PrivacyInfo.xcprivacy
2025-09-10 08:08:47 +0000  copying file ./Payload/KaitoYaps.app/Promises_Privacy.bundle/Info.plist ... 
2025-09-10 08:08:47 +0000  775 bytes for ./Payload/KaitoYaps.app/Promises_Privacy.bundle/Info.plist
2025-09-10 08:08:47 +0000  /usr/bin/ditto exited with 0
2025-09-10 08:08:47 +0000  Processing step: IDEDistributionAppStoreInformationStep
2025-09-10 08:08:47 +0000  Skipping step: IDEDistributionAppStoreInformationStep because it said so
2025-09-10 08:08:47 +0000  Processing step: IDEDistributionGenerateProcessedDistributionItems
2025-09-10 08:08:47 +0000  IDEDistributionItem init <DVTFilePath:0x60012c489490:'/var/folders/c8/_pmcyjjd4mgb5d0mwrt5f32c0000gn/T/XcodeDistPipeline.~~~fkRMLk/Root/Payload/KaitoYaps.app/Frameworks/hermes.framework'>
2025-09-10 08:08:47 +0000  IDEDistributionItem init <DVTFilePath:0x6001305dd5c0:'/var/folders/c8/_pmcyjjd4mgb5d0mwrt5f32c0000gn/T/XcodeDistPipeline.~~~fkRMLk/Root/Payload/KaitoYaps.app'>
2025-09-10 08:08:47 +0000  Processing step: IDEDistributionCreateManifestStep
